Agency,Incident Number,Arrest Date,Arrest Location,Arrest Offense by UCR Code,Arrest Type,Age,Sex,Race,Ethnicity
MSP - DFS,2019-0H2-000018,20190101,DEDHAM,90Z,W,25,M,B,U
MSP - DFS,2019-0A1-000026,20190101,METHUEN,90Z,M,26,M,H,DR
MSP - DFS,2019-0D4-000001,20190101,TAUNTON,90D,M,28,M,O,CA
MSP - DFS,2019-0D4-000001,20190101,TAUNTON,MV,M,28,M,O,CA
MSP - DFS,2019-0D4-000001,20190101,TAUNTON,MV,M,28,M,O,CA
MSP - DFS,2019-0B3-000003,20190101,SPRINGFIELD,90D,M,28,M,H,MM
MSP - DFS,2019-0B3-000003,20190101,SPRINGFIELD,MV,M,28,M,H,MM
MSP - DFS,2019-0B3-000003,20190101,SPRINGFIELD,MV,M,28,M,H,MM
MSP - DFS,2019-0B3-000003,20190101,SPRINGFIELD,MV,M,28,M,H,MM
MSP - DFS,2019-0H3-000022,20190101,ATTLEBORO,MV,M,49,M,H,DR
MSP - DFS,2019-0H3-000022,20190101,ATTLEBORO,MV,M,49,M,H,DR
MSP - DFS,2019-0B3-000034,20190102,SPRINGFIELD,90,M,18,M,H,PR
MSP - DFS,2019-0B3-000034,20190102,SPRINGFIELD,13A-13C,M,18,M,H,PR
MSP - DFS,2019-0B3-000034,20190102,SPRINGFIELD,90Z,F,18,M,H,PR
MSP - DFS,2019-0F1-000213,20190102,BOSTON,250,F,23,M,H,DR
MSP - DFS,2019-0B3-000025,20190102,SPRINGFIELD,90Z,W,31,F,H,PR
MSP - DFS,2019-0CX-000042,20190102,CHARLTON,90D,M,34,M,W,BRA
MSP - DFS,2019-0CX-000042,20190102,CHARLTON,MV,M,34,M,W,BRA
MSP - DFS,2019-0CX-000042,20190102,CHARLTON,MV,M,34,M,W,BRA
MSP - DFS,2019-0H7-000022,20190102,BROCKTON,90Z,W,50,M,H,PR
MSP - DFS,2019-0C2-000039,20190102,WORCESTER,26A,M,53,M,W,MM
MSP - DFS,2019-0C2-000039,20190102,WORCESTER,"510,13C",F,53,M,W,MM
MSP - DFS,2019-0C2-000039,20190102,WORCESTER,90Z,W,53,M,W,MM
MSP - DFS,2019-0C2-000039,20190102,WORCESTER,MV,M,53,M,W,MM
MSP - DFS,2019-0C2-000039,20190102,WORCESTER,MV,M,53,M,W,MM
MSP - DFS,2019-0C2-000039,20190102,WORCESTER,MV,M,53,M,W,MM
MSP - DFS,2019-0C2-000039,20190102,WORCESTER,MV,M,53,M,W,MM
MSP - DFS,2019-0A1-000130,20190103,LAWRENCE,90Z,W,24,U,H,DR
MSP - DFS,2019-0C2-000068,20190103,BELLINGHAM,90Z,W,24,M,H,PR
MSP - DFS,2019-0A5-000077,20190103,LYNN,35A,F,34,M,H,PR
MSP - DFS,2019-0A5-000077,20190103,LYNN,MV,M,34,M,H,PR
MSP - DFS,2019-0A5-000077,20190103,LYNN,MV,M,34,M,H,PR
MSP - DFS,2019-0A5-000077,20190103,LYNN,35A,F,38,M,W,IRE
MSP - DFS,2019-0A5-000077,20190103,LYNN,MV,M,38,M,W,IRE
MSP - DFS,2019-0A5-000077,20190103,LYNN,35A,F,58,F,W,IRE
MSP - DFS,2019-0A5-000077,20190103,LYNN,90Z,W,58,F,W,IRE
MSP - DFS,2019-0A5-000077,20190103,LYNN,MV,M,58,F,W,IRE
MSP - DFS,2019-0H8-000026,20190103,BOSTON,90Z,W,60,U,H,BRA
MSP - DFS,2019-0D3-000108,20190104,NEW BEDFORD,90Z,W,24,M,H,PR
MSP - DFS,2019-0D3-000108,20190104,NEW BEDFORD,90Z,W,24,M,H,PR
MSP - DFS,2019-0C6-000109,20190104,WORCESTER,90Z,W,27,F,H,DR
MSP - DFS,2019-0C6-000108,20190104,WORCESTER,90Z,,27,M,H,PR
MSP - DFS,2019-0A1-000166,20190104,LAWRENCE,90Z,W,34,M,H,DR
MSP - DFS,2019-0D5-000009,20190104,OAK BLUFFS,13A or 13B,M,41,M,B,JM
MSP - DFS,2019-0D5-000009,20190104,OAK BLUFFS,13A-13C,M,41,M,B,JM
MSP - DFS,2019-0D5-000009,20190104,OAK BLUFFS,35A,F,41,M,B,JM
MSP - DFS,2019-0D5-000009,20190104,OAK BLUFFS,MV,M,41,M,B,JM
MSP - DFS,2019-0D5-000009,20190104,OAK BLUFFS,MV,M,41,M,B,JM
MSP - DFS,2019-0A6-000090,20190104,LYNN,90Z,W,42,M,H,DR
MSP - DFS,2019-0C4-000073,20190104,FITCHBURG,90Z,W,49,M,H,PR
MSP - DFS,2019-0C4-000073,20190104,FITCHBURG,90Z,W,49,M,H,PR
MSP - DFS,2019-0D2-000069,20190104,BARNSTABLE,35A,F,52,F,W,IRE
MSP - DFS,2019-0D2-000069,20190104,BARNSTABLE,35A,F,57,M,W,ITAL
MSP - DFS,2019-0D2-000069,20190104,BARNSTABLE,90D,M,57,M,W,ITAL
MSP - DFS,2019-0D2-000069,20190104,BARNSTABLE,MV,M,57,M,W,ITAL
MSP - DFS,2019-0D2-000069,20190104,BARNSTABLE,MV,M,57,M,W,ITAL
MSP - DFS,2019-0D2-000069,20190104,BARNSTABLE,MV,M,57,M,W,ITAL
MSP - DFS,2019-0C6-000133,20190105,BOYLSTON,90Z,W,25,M,H,MM
MSP - DFS,2019-0H7-000093,20190105,BOSTON,90D,M,27,M,B,HT
MSP - DFS,2019-0H7-000093,20190105,BOSTON,MV,M,27,M,B,HT
MSP - DFS,2019-0H7-000093,20190105,BOSTON,MV,M,27,M,B,HT
MSP - DFS,2019-0H7-000093,20190105,BOSTON,MV,M,27,M,B,HT
MSP - DFS,2019-0B6-000226,20190105,HOLYOKE,35A,F,27,F,W,G
MSP - DFS,2019-0B6-000226,20190105,HOLYOKE,90Z,W,27,F,W,G
MSP - DFS,2019-0C4-000084,20190105,BOXBOROUGH,90Z,W,29,M,H,PR
MSP - DFS,2019-0C4-000085,20190105,FITCHBURG,90D,M,32,M,W,IRE
MSP - DFS,2019-0C4-000085,20190105,FITCHBURG,MV,M,32,M,W,IRE
MSP - DFS,2019-0F1-000665,20190105,BOSTON,100,F,38,M,H,PR
MSP - DFS,2019-0F1-000665,20190105,BOSTON,100,M,38,M,H,PR
MSP - DFS,2019-0F1-000665,20190105,BOSTON,13A,F,38,M,H,PR
MSP - DFS,2019-0F1-000665,20190105,BOSTON,13A,F,38,M,H,PR
MSP - DFS,2019-0H2-000124,20190105,NEWTON,90Z,W,38,M,H,BRA
MSP - DFS,2019-0H2-000123,20190105,NEEDHAM,MV,M,38,M,H,DR
MSP - DFS,2019-0F1-000665,20190105,BOSTON,MV,M,38,M,H,PR
MSP - DFS,2019-0H2-000124,20190105,NEWTON,MV,M,38,M,H,BRA
MSP - DFS,2019-0H2-000123,20190105,NEEDHAM,MV,M,38,M,H,DR
MSP - DFS,2019-0H2-000124,20190105,NEWTON,MV,M,38,M,H,BRA
MSP - DFS,2019-0H6-000119,20190105,QUINCY,90D,M,53,M,J,IQ
MSP - DFS,2019-0H6-000119,20190105,QUINCY,90D,M,53,M,J,IQ
MSP - DFS,2019-0H6-000119,20190105,QUINCY,MV,M,53,M,J,IQ
MSP - DFS,2019-0H6-000119,20190105,QUINCY,MV,M,53,M,J,IQ
MSP - DFS,2019-0H6-000119,20190105,QUINCY,MV,M,53,M,J,IQ
MSP - DFS,2019-0H6-000119,20190105,QUINCY,MV,M,53,M,J,IQ
MSP - DFS,2019-0B3-000103,20190106,SPRINGFIELD,90D,M,27,M,H,DR
MSP - DFS,2019-0B3-000103,20190106,SPRINGFIELD,MV,M,27,M,H,DR
MSP - DFS,2019-0A4-000125,20190106,STONEHAM,MV,M,27,M,H,PR
MSP - DFS,2019-0B3-000103,20190106,SPRINGFIELD,MV,M,27,M,H,DR
MSP - DFS,2019-0A4-000125,20190106,STONEHAM,MV,M,27,M,H,PR
MSP - DFS,2019-0D2-000141,20190106,BARNSTABLE,90D,M,33,M,W,FR
MSP - DFS,2019-0D2-000141,20190106,BARNSTABLE,MV,M,33,M,W,FR
MSP - DFS,2019-0D2-000141,20190106,BARNSTABLE,MV,M,33,M,W,FR
MSP - DFS,2019-0D2-000141,20190106,BARNSTABLE,MV,M,33,M,W,FR
MSP - DFS,2019-0H9-000132,20190106,BOSTON,90D,M,36,M,H,DR
MSP - DFS,2019-0H9-000132,20190106,BOSTON,MV,M,36,M,H,DR
MSP - DFS,2019-0H9-000132,20190106,BOSTON,MV,M,36,M,H,DR
MSP - DFS,2019-0H4-000086,20190106,BOSTON,90Z,W,37,M,H,MM
MSP - DFS,2019-0F1-000899,20190106,BOSTON,90Z,,44,M,W,CAN
MSP - DFS,2019-0B3-000110,20190106,SPRINGFIELD,90Z,W,49,M,H,PR
MSP - DFS,2019-0B3-000110,20190106,SPRINGFIELD,MV,M,49,M,H,PR
MSP - DFS,2019-0B3-000110,20190106,SPRINGFIELD,MV,M,49,M,H,PR
MSP - DFS,2019-0B3-000110,20190106,SPRINGFIELD,MV,M,49,M,H,PR
MSP - DFS,2019-0H7-000119,20190107,BOSTON,MV,M,35,M,W,PR
MSP - DFS,2019-0H7-000119,20190107,BOSTON,MV,M,35,M,W,PR
MSP - DFS,2019-0H9-000176,20190107,BOSTON,90Z,W,37,F,H,DR
MSP - DFS,2019-0H9-000176,20190107,BOSTON,90Z,W,37,F,H,DR
MSP - DFS,2019-0H9-000176,20190107,BOSTON,MV,M,37,F,H,DR
MSP - DFS,2019-0H9-000176,20190107,BOSTON,MV,M,37,F,H,DR
MSP - DFS,2019-0H9-000176,20190107,BOSTON,MV,M,37,F,H,DR
MSP - DFS,2019-0H4-000105,20190107,BOSTON,90Z,W,40,M,H,HB
MSP - DFS,2019-0D3-000194,20190107,NEW BEDFORD,35A,F,40,M,W,U
MSP - DFS,2019-0D3-000194,20190107,NEW BEDFORD,MV,M,40,M,W,U
MSP - DFS,2019-0D3-000194,20190107,NEW BEDFORD,MV,M,40,M,W,U
MSP - DFS,2019-0D3-000194,20190107,NEW BEDFORD,MV,M,40,M,W,U
MSP - DFS,2019-0C4-000114,20190108,FITCHBURG,90Z,W,22,M,H,PR
MSP - DFS,2019-0C4-000114,20190108,FITCHBURG,90Z,W,22,M,H,PR
MSP - DFS,2019-0A4-000197,20190108,EVERETT,MV,M,24,M,H,HB
MSP - DFS,2019-0A4-000197,20190108,EVERETT,MV,O,24,M,H,HB
MSP - DFS,2019-0H6-000191,20190108,BOSTON,90Z,W,30,M,H,PR
MSP - DFS,2019-0H9-000189,20190108,BOSTON,90Z,W,32,F,W,BRA
MSP - DFS,2019-0H6-000181,20190108,MILTON,90D,M,33,M,W,IRE
MSP - DFS,2019-0H6-000181,20190108,MILTON,90D,M,33,M,W,IRE
MSP - DFS,2019-0H6-000181,20190108,MILTON,90Z,W,33,M,W,IRE
MSP - DFS,2019-0H6-000181,20190108,MILTON,90Z,W,33,M,W,IRE
MSP - DFS,2019-0D2-000167,20190108,BARNSTABLE,90Z,W,33,M,W,IRE
MSP - DFS,2019-0H6-000181,20190108,MILTON,MV,M,33,M,W,IRE
MSP - DFS,2019-0H6-000181,20190108,MILTON,MV,M,33,M,W,IRE
MSP - DFS,2019-0H6-000181,20190108,MILTON,MV,M,33,M,W,IRE
MSP - DFS,2019-0H6-000181,20190108,MILTON,MV,M,33,M,W,IRE
MSP - DFS,2019-0A1-000282,20190108,HAVERHILL,90D,M,40,M,H,HB
MSP - DFS,2019-0A1-000282,20190108,HAVERHILL,MV,M,40,M,H,HB
MSP - DFS,2019-0A1-000282,20190108,HAVERHILL,MV,M,40,M,H,HB
MSP - DFS,2019-0A1-000282,20190108,HAVERHILL,MV,M,40,M,H,HB
MSP - DFS,2019-0H6-000194,20190108,QUINCY,90Z,W,43,M,O,CN
MSP - DFS,2019-0C6-000220,20190108,WORCESTER,90D,M,43,M,H,BRA
MSP - DFS,2019-0C6-000220,20190108,WORCESTER,90G,M,43,M,H,BRA
MSP - DFS,2019-0C6-000220,20190108,WORCESTER,MV,M,43,M,H,BRA
MSP - DFS,2019-0C6-000220,20190108,WORCESTER,MV,M,43,M,H,BRA
MSP - DFS,2019-0C6-000220,20190108,WORCESTER,MV,M,43,M,H,BRA
MSP - DFS,2019-0C6-000220,20190108,WORCESTER,MV,M,43,M,H,BRA
MSP - DFS,2019-0H2-000241,20190109,NEEDHAM,MV,M,29,M,H,BRA
MSP - DFS,2019-0H3-000206,20190109,MANSFIELD,250,M,31,M,H,PR
MSP - DFS,2019-0H3-000206,20190109,MANSFIELD,250,M,31,M,H,PR
MSP - DFS,2019-0H3-000206,20190109,MANSFIELD,26A,M,31,M,H,PR
MSP - DFS,2019-0H3-000206,20190109,MANSFIELD,26A,M,31,M,H,PR
MSP - DFS,2019-0H3-000206,20190109,MANSFIELD,MV,M,31,M,H,PR
MSP - DFS,2019-0H3-000206,20190109,MANSFIELD,MV,M,31,M,H,PR
MSP - DFS,2019-0H3-000206,20190109,MANSFIELD,MV,O,31,M,H,PR
MSP - DFS,2019-0H2-000241,20190109,NEEDHAM,MV,M,32,M,H,BRA
MSP - DFS,2019-0C6-000258,20190109,NORTHBOROUGH,13A,F,43,M,H,PR
MSP - DFS,2019-0B3-000159,20190109,CHICOPEE,90Z,M,44,M,B,U
MSP - DFS,2019-0B3-000159,20190109,CHICOPEE,90Z,F,44,M,B,U
MSP - DFS,2019-0B3-000159,20190109,CHICOPEE,90Z,M,44,M,B,U
MSP - DFS,2019-0D2-000203,20190109,YARMOUTH,MV,M,45,U,H,BRA
MSP - DFS,2019-0D2-000203,20190109,YARMOUTH,MV,M,45,U,H,BRA
MSP - DFS,2019-0H6-000212,20190109,BOSTON,90Z,W,60,M,B,HT
MSP - DFS,2019-0H7-000206,20190110,MILTON,90Z,W,25,M,B,HT
MSP - DFS,2019-0H7-000206,20190110,MILTON,MV,M,25,M,B,HT
MSP - DFS,2019-0C4-000144,20190110,FITCHBURG,90D,M,25,M,W,PR
MSP - DFS,2019-0C4-000144,20190110,FITCHBURG,MV,M,25,M,W,PR
MSP - DFS,2019-0B3-000184,20190110,SPRINGFIELD,90Z,W,31,M,H,PR
MSP - DFS,2019-0C2-000271,20190111,MILFORD,90D,M,25,M,H,U
MSP - DFS,2019-0C2-000271,20190111,MILFORD,MV,M,25,M,H,U
MSP - DFS,2019-0C2-000271,20190111,MILFORD,MV,M,25,M,H,U
MSP - DFS,2019-0D4-000217,20190111,RAYNHAM,90Z,W,28,M,B,HT
MSP - DFS,2019-0B3-000209,20190111,SPRINGFIELD,90Z,W,30,M,B,JM
MSP - DFS,2019-0B3-000209,20190111,SPRINGFIELD,MV,M,30,M,B,JM
MSP - DFS,2019-0D5-000022,20190111,TISBURY,MV,M,33,M,W,BRA
MSP - DFS,2019-0D5-000022,20190111,TISBURY,MV,M,33,M,W,BRA
MSP - DFS,2019-0B3-000239,20190112,SPRINGFIELD,35A,F,30,M,H,PR
MSP - DFS,2019-0B3-000239,20190112,SPRINGFIELD,MV,M,30,M,H,PR
MSP - DFS,2019-0B3-000239,20190112,SPRINGFIELD,MV,M,30,M,H,PR
MSP - DFS,2019-0B3-000239,20190112,SPRINGFIELD,MV,M,30,M,H,PR
MSP - DFS,2019-0C6-000328,20190112,STERLING,90Z,W,40,M,H,PR
MSP - DFS,2019-0C6-000328,20190112,STERLING,90Z,W,40,M,H,PR
MSP - DFS,2019-0A1-000543,20190112,ANDOVER,90Z,W,40,M,H,DR
MSP - DFS,2019-0C6-000328,20190112,STERLING,MV,M,40,M,H,PR
MSP - DFS,2019-0C6-000328,20190112,STERLING,MV,M,40,M,H,PR
MSP - DFS,2019-0C4-000190,20190112,LEOMINSTER,90Z,W,44,M,H,PR
MSP - DFS,2019-0H3-000328,20190113,CANTON,MV,M,27,M,W,SX
MSP - DFS,2019-0CX-000279,20190113,WESTBOROUGH,MV,M,36,U,H,BRA
MSP - DFS,2019-0CX-000279,20190113,WESTBOROUGH,MV,M,36,U,H,BRA
MSP - DFS,2019-0CX-000279,20190113,WESTBOROUGH,MV,M,36,U,H,BRA
MSP - DFS,2019-0H6-000337,20190113,QUINCY,90D,M,47,M,W,ITAL
MSP - DFS,2019-0H6-000337,20190113,QUINCY,MV,M,47,M,W,ITAL
MSP - DFS,2019-0H6-000337,20190113,QUINCY,MV,M,47,M,W,ITAL
MSP - DFS,2019-0C6-000377,20190114,WORCESTER,280,F,17,F,U,PR
MSP - DFS,2019-0C6-000377,20190114,WORCESTER,520,F,17,F,U,PR
MSP - DFS,2019-0C6-000377,20190114,WORCESTER,520,F,17,F,U,PR
MSP - DFS,2019-0C6-000377,20190114,WORCESTER,520,F,17,F,U,PR
MSP - DFS,2019-0C6-000377,20190114,WORCESTER,520,F,17,F,U,PR
MSP - DFS,2019-0C6-000377,20190114,WORCESTER,280,F,18,U,H,BRA
MSP - DFS,2019-0C6-000377,20190114,WORCESTER,520,F,18,U,H,BRA
MSP - DFS,2019-0C6-000377,20190114,WORCESTER,520,F,18,U,H,BRA
MSP - DFS,2019-0C6-000377,20190114,WORCESTER,520,F,18,U,H,BRA
MSP - DFS,2019-0C6-000377,20190114,WORCESTER,520,F,18,U,H,BRA
MSP - DFS,2019-0C6-000377,20190114,WORCESTER,MV,M,18,U,H,BRA
MSP - DFS,2019-0H7-000282,20190114,MILTON,35A,F,21,M,H,DR
MSP - DFS,2019-0H7-000282,20190114,MILTON,90Z,F,21,M,H,DR
MSP - DFS,2019-0H7-000282,20190114,MILTON,MV,M,21,M,H,DR
MSP - DFS,2019-0H7-000282,20190114,MILTON,MV,M,21,M,H,DR
MSP - DFS,2019-0C6-000350,20190114,AUBURN,90Z,M,29,M,H,DR
MSP - DFS,2019-0C6-000350,20190114,AUBURN,MV,M,29,M,H,DR
MSP - DFS,2019-0C6-000350,20190114,AUBURN,MV,M,29,M,H,DR
MSP - DFS,2019-0C6-000350,20190114,AUBURN,MV,M,29,M,H,DR
MSP - DFS,2019-0C6-000350,20190114,AUBURN,MV,O,29,M,H,DR
MSP - DFS,2019-0H7-000282,20190114,MILTON,26A,M,32,M,H,DR
MSP - DFS,2019-0H7-000282,20190114,MILTON,"280,26A",M,32,M,H,DR
MSP - DFS,2019-0H7-000282,20190114,MILTON,35A,F,32,M,H,DR
MSP - DFS,2019-0H7-000282,20190114,MILTON,90Z,W,32,M,H,DR
MSP - DFS,2019-0H7-000282,20190114,MILTON,90Z,F,32,M,H,DR
MSP - DFS,2019-0B8-000217,20190114,WESTFIELD,MV,M,34,M,H,PR
MSP - DFS,2019-0B8-000217,20190114,WESTFIELD,MV,M,34,M,H,PR
MSP - DFS,2019-0B3-000281,20190114,CHICOPEE,90D,M,35,M,H,PR
MSP - DFS,2019-0B3-000281,20190114,CHICOPEE,MV,M,35,M,H,PR
MSP - DFS,2019-0B3-000281,20190114,CHICOPEE,MV,M,35,M,H,PR
MSP - DFS,2019-0A4-000345,20190114,MEDFORD,MV,M,38,M,B,HT
MSP - DFS,2019-0A4-000345,20190114,MEDFORD,MV,M,38,M,B,HT
MSP - DFS,2019-0A4-000345,20190114,MEDFORD,MV,M,38,M,B,HT
MSP - DFS,2019-0D2-000278,20190114,BARNSTABLE,90D,M,49,M,W,IRE
MSP - DFS,2019-0C4-000225,20190114,LEOMINSTER,MV,M,49,M,W,PR
MSP - DFS,2019-0D2-000278,20190114,BARNSTABLE,MV,M,49,M,W,IRE
MSP - DFS,2019-0C4-000225,20190114,LEOMINSTER,MV,M,49,M,W,PR
MSP - DFS,2019-0C4-000225,20190114,LEOMINSTER,MV,M,49,M,W,PR
MSP - DFS,2019-0D2-000278,20190114,BARNSTABLE,MV,M,49,M,W,IRE
MSP - DFS,2019-0D2-000278,20190114,BARNSTABLE,MV,M,49,M,W,IRE
MSP - DFS,2019-0D4-000287,20190114,WEST BRIDGEWATER,MV,M,50,M,W,U
MSP - DFS,2019-0D4-000287,20190114,WEST BRIDGEWATER,MV,M,50,M,W,U
MSP - DFS,2019-0D4-000287,20190114,WEST BRIDGEWATER,MV,M,50,M,W,U
MSP - DFS,2019-0D4-000287,20190114,WEST BRIDGEWATER,MV,M,50,M,W,U
MSP - DFS,2019-0A1-000701,20190115,LAWRENCE,35A,F,21,F,H,DR
MSP - DFS,2019-0A1-000701,20190115,LAWRENCE,35A,F,21,F,H,DR
MSP - DFS,2019-0A1-000701,20190115,LAWRENCE,35A,F,21,F,H,DR
MSP - DFS,2019-0A1-000701,20190115,LAWRENCE,35A,F,21,F,H,DR
MSP - DFS,2019-0A1-000701,20190115,LAWRENCE,35A,F,21,F,H,DR
MSP - DFS,2019-0A1-000701,20190115,LAWRENCE,35A,F,21,F,H,DR
MSP - DFS,2019-0A1-000701,20190115,LAWRENCE,90Z,F,21,F,H,DR
MSP - DFS,2019-0A1-000687,20190115,LAWRENCE,90G,M,23,M,B,HT
MSP - DFS,2019-0A1-000687,20190115,LAWRENCE,MV,M,23,M,B,HT
MSP - DFS,2019-0A1-000687,20190115,LAWRENCE,MV,M,23,M,B,HT
MSP - DFS,2019-0A1-000687,20190115,LAWRENCE,MV,M,23,M,B,HT
MSP - DFS,2019-0A1-000687,20190115,LAWRENCE,MV,M,23,M,B,HT
MSP - DFS,2019-0A1-000687,20190115,LAWRENCE,MV,M,23,M,B,HT
MSP - DFS,2019-0A1-000687,20190115,LAWRENCE,MV,M,23,M,B,HT
MSP - DFS,2019-0A1-000701,20190115,LAWRENCE,26A,M,25,M,H,DR
MSP - DFS,2019-0A1-000701,20190115,LAWRENCE,35A,F,25,M,H,DR
MSP - DFS,2019-0A4-000359,20190115,MEDFORD,90D,M,25,M,H,BRA
MSP - DFS,2019-0A1-000701,20190115,LAWRENCE,90Z,F,25,M,H,DR
MSP - DFS,2019-0A4-000359,20190115,MEDFORD,MV,M,25,M,H,BRA
MSP - DFS,2019-0A1-000701,20190115,LAWRENCE,35A,F,28,M,H,DR
MSP - DFS,2019-0A1-000701,20190115,LAWRENCE,90Z,F,28,M,H,DR
MSP - DFS,2019-0B3-000289,20190115,CHICOPEE,90Z,W,40,F,H,PR
MSP - DFS,2019-0B3-000289,20190115,CHICOPEE,MV,M,40,F,H,PR
MSP - DFS,2019-0D1-000217,20190115,MARSHFIELD,MV,M,49,M,H,BRA
MSP - DFS,2019-0D1-000217,20190115,MARSHFIELD,MV,M,49,M,H,BRA
MSP - DFS,2019-0B3-000296,20190115,SPRINGFIELD,90Z,W,70,M,W,ITAL
MSP - DFS,2019-0A6-000429,20190116,PEABODY,90Z,W,29,M,W,U
MSP - DFS,2019-0A6-000429,20190116,PEABODY,90Z,W,29,M,W,U
MSP - DFS,2019-0C2-000441,20190116,DOUGLAS,90Z,W,34,M,H,PR
MSP - DFS,2019-0C2-000441,20190116,DOUGLAS,90Z,W,34,M,H,PR
MSP - DFS,2019-0C2-000441,20190116,DOUGLAS,90Z,W,34,M,H,PR
MSP - DFS,2019-0C6-000405,20190116,WORCESTER,520,F,39,M,H,PR
MSP - DFS,2019-0C6-000405,20190116,WORCESTER,MV,M,39,M,H,PR
MSP - DFS,2019-0C6-000405,20190116,WORCESTER,MV,M,39,M,H,PR
MSP - DFS,2019-0C6-000405,20190116,WORCESTER,MV,M,39,M,H,PR
MSP - DFS,2019-0C6-000405,20190116,WORCESTER,MV,M,39,M,H,PR
MSP - DFS,2019-0C6-000405,20190116,WORCESTER,MV,M,39,M,H,PR
MSP - DFS,2019-0F1-002399,20190116,BOSTON,90Z,M,42,M,U,BRA
MSP - DFS,2019-0CX-000429,20190117,PALMER,90D,M,22,M,W,G
MSP - DFS,2019-0CX-000429,20190117,PALMER,MV,M,22,M,W,G
MSP - DFS,2019-0CX-000429,20190117,PALMER,MV,M,22,M,W,G
MSP - DFS,2019-0CX-000429,20190117,PALMER,MV,M,22,M,W,G
MSP - DFS,2019-0CX-000429,20190117,PALMER,MV,M,22,M,W,G
MSP - DFS,2019-0CX-000429,20190117,PALMER,MV,M,22,M,W,G
MSP - DFS,2019-0CX-000429,20190117,PALMER,MV,M,22,M,W,G
MSP - DFS,2019-0H4-000270,20190117,BOSTON,90D,M,23,M,H,DR
MSP - DFS,2019-0H4-000270,20190117,BOSTON,MV,M,23,M,H,DR
MSP - DFS,2019-0A6-000471,20190117,LYNNFIELD,35A,F,38,M,W,ITAL
MSP - DFS,2019-0A6-000471,20190117,LYNNFIELD,35A,F,38,M,W,ITAL
MSP - DFS,2019-0A6-000471,20190117,LYNNFIELD,90D,M,38,M,W,ITAL
MSP - DFS,2019-0A6-000471,20190117,LYNNFIELD,MV,M,38,M,W,ITAL
MSP - DFS,2019-0A6-000471,20190117,LYNNFIELD,MV,M,38,M,W,ITAL
MSP - DFS,2019-0CX-000452,20190118,WESTBOROUGH,90Z,W,27,F,B,DR
MSP - DFS,2019-GES-000306,20190118,SPRINGFIELD,90Z,W,28,F,H,PR
MSP - DFS,2019-0D4-000386,20190118,BERKLEY,"520,35A",F,31,M,W,U
MSP - DFS,2019-0D4-000386,20190118,BERKLEY,90D,M,31,M,W,U
MSP - DFS,2019-0D4-000386,20190118,BERKLEY,MV,M,31,M,W,U
MSP - DFS,2019-0D4-000386,20190118,BERKLEY,MV,M,31,M,W,U
MSP - DFS,2019-0H7-000389,20190118,CANTON,26A,M,38,M,H,PR
MSP - DFS,2019-0H7-000389,20190118,CANTON,35A,F,38,M,H,PR
MSP - DFS,2019-0H7-000389,20190118,CANTON,MV,M,38,M,H,PR
MSP - DFS,2019-0H7-000389,20190118,CANTON,MV,M,38,M,H,PR
MSP - DFS,2019-0H7-000389,20190118,CANTON,MV,M,38,M,H,PR
MSP - DFS,2019-0H7-000389,20190118,CANTON,MV,M,38,M,H,PR
MSP - DFS,2019-0B4-000320,20190119,SAVOY,220-23F-23G-23H,F,18,M,W,U
MSP - DFS,2019-0B4-000320,20190119,SAVOY,280,M,21,M,W,U
MSP - DFS,2019-0B4-000320,20190119,SAVOY,290,F,21,M,W,U
MSP - DFS,2019-0B4-000320,20190119,SAVOY,220-23F-23G-23H,F,21,M,W,U
MSP - DFS,2019-0B4-000320,20190119,SAVOY,90J,M,21,M,W,U
MSP - DFS,2019-0A4-000478,20190119,MEDFORD,13A,F,23,M,W,BRA
MSP - DFS,2019-0A4-000478,20190119,MEDFORD,MV,M,23,M,W,BRA
MSP - DFS,2019-0A4-000478,20190119,MEDFORD,MV,M,23,M,W,BRA
MSP - DFS,2019-0A4-000478,20190119,MEDFORD,MV,M,23,M,W,BRA
MSP - DFS,2019-0A4-000478,20190119,MEDFORD,MV,M,23,M,W,BRA
MSP - DFS,2019-0D4-000403,20190119,RAYNHAM,90Z,W,25,M,B,HT
MSP - DFS,2019-0B3-000403,20190119,CHICOPEE,90Z,M,30,M,H,PR
MSP - DFS,2019-0H8-000367,20190119,NEWTON,90D,M,32,M,O,VM
MSP - DFS,2019-0H8-000367,20190119,NEWTON,MV,M,32,M,O,VM
MSP - DFS,2019-0H8-000367,20190119,NEWTON,MV,M,32,M,O,VM
MSP - DFS,2019-0H8-000367,20190119,NEWTON,MV,M,32,M,O,VM
MSP - DFS,2019-0D5-000031,20190119,OAK BLUFFS,250,M,38,M,W,BRA
MSP - DFS,2019-0D5-000031,20190119,OAK BLUFFS,250,M,38,M,W,BRA
MSP - DFS,2019-0D5-000031,20190119,OAK BLUFFS,90D,M,38,M,W,BRA
MSP - DFS,2019-0D5-000031,20190119,OAK BLUFFS,90Z,W,38,M,W,BRA
MSP - DFS,2019-0D5-000031,20190119,OAK BLUFFS,MV,M,38,M,W,BRA
MSP - DFS,2019-0D5-000031,20190119,OAK BLUFFS,MV,M,38,M,W,BRA
MSP - DFS,2019-0D5-000031,20190119,OAK BLUFFS,MV,M,38,M,W,BRA
MSP - DFS,2019-0D5-000031,20190119,OAK BLUFFS,MV,M,38,M,W,BRA
MSP - DFS,2019-0D5-000031,20190119,OAK BLUFFS,MV,M,38,M,W,BRA
MSP - DFS,2019-0C5-000248,20190119,OXFORD,MV,M,41,M,B,HT
MSP - DFS,2019-0C5-000248,20190119,OXFORD,MV,M,41,M,B,HT
MSP - DFS,2019-0B1-000355,20190119,LEE,90D,M,52,M,H,CB
MSP - DFS,2019-0B1-000355,20190119,LEE,90G,M,52,M,H,CB
MSP - DFS,2019-0B1-000355,20190119,LEE,MV,M,52,M,H,CB
MSP - DFS,2019-0B1-000355,20190119,LEE,MV,M,52,M,H,CB
MSP - DFS,2019-0C6-000570,20190121,WORCESTER,250,O,28,M,H,PR
MSP - DFS,2019-0C6-000570,20190121,WORCESTER,250,O,28,M,H,PR
MSP - DFS,2019-0C6-000570,20190121,WORCESTER,35A,F,28,M,H,PR
MSP - DFS,2019-0C6-000570,20190121,WORCESTER,35A,F,28,M,H,PR
MSP - DFS,2019-0C6-000570,20190121,WORCESTER,35A,F,28,M,H,PR
MSP - DFS,2019-0C6-000570,20190121,WORCESTER,35A,F,28,M,H,PR
MSP - DFS,2019-0CX-000526,20190121,MILLBURY,90Z,W,37,M,O,CA
MSP - DFS,2019-0D4-000434,20190121,MIDDLEBOROUGH,90D,M,49,M,B,HT
MSP - DFS,2019-0D4-000434,20190121,MIDDLEBOROUGH,MV,M,49,M,B,HT
MSP - DFS,2019-0D4-000434,20190121,MIDDLEBOROUGH,MV,M,49,M,B,HT
MSP - DFS,2019-0D7-000458,20190122,WAREHAM,90D,M,28,M,J,EY
MSP - DFS,2019-0D7-000458,20190122,WAREHAM,MV,M,28,M,J,EY
MSP - DFS,2019-0D7-000458,20190122,WAREHAM,MV,M,28,M,J,EY
MSP - DFS,2019-0A6-000662,20190122,SAUGUS,MV,M,29,M,O,VM
MSP - DFS,2019-0A6-000662,20190122,SAUGUS,MV,M,29,M,O,VM
MSP - DFS,2019-0A6-000662,20190122,SAUGUS,MV,O,29,M,O,VM
MSP - DFS,2019-0B3-000478,20190122,SPRINGFIELD,MV,M,31,M,H,PR
MSP - DFS,2019-0B3-000478,20190122,SPRINGFIELD,MV,M,31,M,H,PR
MSP - DFS,2019-0B3-000478,20190122,SPRINGFIELD,MV,M,31,M,H,PR
MSP - DFS,2019-0B3-000478,20190122,SPRINGFIELD,MV,M,31,M,H,PR
MSP - DFS,2019-0F1-003310,20190122,BOSTON,90Z,W,35,M,H,PR
MSP - DFS,2019-0F1-003310,20190122,BOSTON,90Z,W,35,M,H,PR
MSP - DFS,2019-0F1-003310,20190122,BOSTON,90Z,W,35,M,H,PR
MSP - DFS,2019-0H6-000593,20190123,BOSTON,35A,F,28,M,H,DR
MSP - DFS,2019-0H6-000593,20190123,BOSTON,90Z,F,28,M,H,DR
MSP - DFS,2019-0D5-000038,20190123,OAK BLUFFS,90D,M,38,M,W,BRA
MSP - DFS,2019-0D5-000038,20190123,OAK BLUFFS,90D,M,38,M,W,BRA
MSP - DFS,2019-0D5-000038,20190123,OAK BLUFFS,MV,M,38,M,W,BRA
MSP - DFS,2019-0D5-000038,20190123,OAK BLUFFS,MV,M,38,M,W,BRA
MSP - DFS,2019-0D5-000038,20190123,OAK BLUFFS,MV,M,38,M,W,BRA
MSP - DFS,2019-0A4-000652,20190123,MEDFORD,MV,M,41,M,H,BRA
MSP - DFS,2019-0A4-000652,20190123,MEDFORD,MV,M,41,M,H,BRA
MSP - DFS,2019-0A4-000652,20190123,MEDFORD,MV,M,41,M,H,BRA
MSP - DFS,2019-0A4-000652,20190123,MEDFORD,MV,M,41,M,H,BRA
MSP - DFS,2019-0F1-003613,20190123,BOSTON,90Z,W,52,M,U,DR
MSP - DFS,2019-0C5-000348,20190124,STURBRIDGE,MV,M,25,M,H,PR
MSP - DFS,2019-0A6-000738,20190124,WOBURN,13A,F,33,F,W,BRA
MSP - DFS,2019-0A6-000738,20190124,WOBURN,90Z,W,33,F,W,BRA
MSP - DFS,2019-0A1-001241,20190125,LOWELL,90Z,W,27,M,H,DR
MSP - DFS,2019-0A1-001241,20190125,LOWELL,90Z,W,27,M,H,DR
MSP - DFS,2019-0A4-000709,20190125,MEDFORD,35A,F,31,M,H,DR
MSP - DFS,2019-0A4-000709,20190125,MEDFORD,35A,F,31,M,H,DR
MSP - DFS,2019-0D4-000522,20190125,MIDDLEBOROUGH,90D,M,31,F,H,BRA
MSP - DFS,2019-0D4-000522,20190125,MIDDLEBOROUGH,MV,M,31,F,H,BRA
MSP - DFS,2019-0A4-000709,20190125,MEDFORD,MV,M,31,M,H,DR
MSP - DFS,2019-0A4-000709,20190125,MEDFORD,MV,M,31,M,H,DR
MSP - DFS,2019-0D4-000522,20190125,MIDDLEBOROUGH,MV,,31,F,H,BRA
MSP - DFS,2019-0D4-000522,20190125,MIDDLEBOROUGH,MV,M,31,F,H,BRA
MSP - DFS,2019-0C6-000663,20190125,STERLING,13A,F,33,F,O,CR
MSP - DFS,2019-0C6-000663,20190125,STERLING,13A,F,33,F,O,CR
MSP - DFS,2019-0A1-001221,20190125,ANDOVER,MV,M,40,M,J,TURK
MSP - DFS,2019-0A1-001221,20190125,ANDOVER,MV,M,40,M,J,TURK
MSP - DFS,2019-0A1-001221,20190125,ANDOVER,MV,M,40,M,J,TURK
MSP - DFS,2019-0A1-001221,20190125,ANDOVER,MV,M,40,M,J,TURK
MSP - DFS,2019-0A1-001221,20190125,ANDOVER,MV,M,40,M,J,TURK
MSP - DFS,2019-0A1-001221,20190125,ANDOVER,MV,M,40,M,J,TURK
MSP - DFS,2019-0C9-000345,20190125,HARVARD,90Z,W,42,M,H,DR
MSP - DFS,2019-0B3-000565,20190125,CHICOPEE,90Z,W,45,M,H,PR
MSP - DFS,2019-0H7-000573,20190126,CANTON,MV,M,27,M,B,U
MSP - DFS,2019-0H7-000573,20190126,CANTON,MV,M,27,M,B,U
MSP - DFS,2019-0H7-000573,20190126,CANTON,MV,M,27,M,B,U
MSP - DFS,2019-0H7-000573,20190126,CANTON,MV,M,27,M,B,U
MSP - DFS,2019-0C5-000370,20190126,STURBRIDGE,280,F,30,M,B,JM
MSP - DFS,2019-0C5-000370,20190126,STURBRIDGE,520,F,30,M,B,JM
MSP - DFS,2019-0C5-000370,20190126,STURBRIDGE,520,F,30,M,B,JM
MSP - DFS,2019-0C5-000370,20190126,STURBRIDGE,520,F,30,M,B,JM
MSP - DFS,2019-0C5-000370,20190126,STURBRIDGE,520,F,30,M,B,JM
MSP - DFS,2019-0C5-000370,20190126,STURBRIDGE,520,F,30,M,B,JM
MSP - DFS,2019-0C5-000370,20190126,STURBRIDGE,520,F,30,M,B,JM
MSP - DFS,2019-0C5-000370,20190126,STURBRIDGE,MV,M,30,M,B,JM
MSP - DFS,2019-0C5-000370,20190126,STURBRIDGE,MV,M,30,M,B,JM
MSP - DFS,2019-0H6-000659,20190126,QUINCY,90D,M,33,M,O,CN
MSP - DFS,2019-0H6-000659,20190126,QUINCY,MV,M,33,M,O,CN
MSP - DFS,2019-0H6-000659,20190126,QUINCY,MV,M,33,M,O,CN
MSP - DFS,2019-0D1-000459,20190126,WEYMOUTH,MV,M,33,M,W,BRA
MSP - DFS,2019-0D1-000459,20190126,WEYMOUTH,MV,M,33,M,W,BRA
MSP - DFS,2019-0F1-004045,20190126,BOSTON,90Z,W,37,M,H,DR
MSP - DFS,2019-0A6-000779,20190126,LYNNFIELD,90D,F,39,M,H,BRA
MSP - DFS,2019-0A6-000779,20190126,LYNNFIELD,MV,M,39,M,H,BRA
MSP - DFS,2019-0A6-000779,20190126,LYNNFIELD,MV,M,39,M,H,BRA
MSP - DFS,2019-0H6-000661,20190126,BOSTON,90D,M,40,M,H,PR
MSP - DFS,2019-0H6-000661,20190126,BOSTON,MV,M,40,M,H,PR
MSP - DFS,2019-0H6-000661,20190126,BOSTON,MV,M,40,M,H,PR
MSP - DFS,2019-0C6-000682,20190126,WORCESTER,90D,M,44,F,H,DR
MSP - DFS,2019-0C6-000682,20190126,WORCESTER,MV,M,44,F,H,DR
MSP - DFS,2019-0D3-000733,20190126,FALL RIVER,90Z,W,46,M,H,PR
MSP - DFS,2019-0H4-000455,20190126,BOSTON,90Z,W,47,F,H,PR
MSP - DFS,2019-0A5-000625,20190126,REVERE,90D,M,52,F,H,CB
MSP - DFS,2019-0A5-000625,20190126,REVERE,MV,M,52,F,H,CB
MSP - DFS,2019-0A5-000625,20190126,REVERE,MV,M,52,F,H,CB
MSP - DFS,2019-0A5-000625,20190126,REVERE,MV,M,52,F,H,CB
MSP - DFS,2019-0A5-000625,20190126,REVERE,MV,M,52,F,H,CB
MSP - DFS,2019-0C4-000418,20190126,HUDSON,250,M,54,M,W,DR
MSP - DFS,2019-0C4-000418,20190126,HUDSON,26A,M,54,M,W,DR
MSP - DFS,2019-0C4-000418,20190126,HUDSON,90Z,W,54,M,W,DR
MSP - DFS,2019-0C4-000418,20190126,HUDSON,90Z,O,54,M,W,DR
MSP - DFS,2019-0C4-000418,20190126,HUDSON,90Z,O,54,M,W,DR
MSP - DFS,2019-0C4-000418,20190126,HUDSON,MV,M,54,M,W,DR
MSP - DFS,2019-0C4-000418,20190126,HUDSON,MV,M,54,M,W,DR
MSP - DFS,2019-0C4-000437,20190127,LEOMINSTER,90Z,W,22,U,H,PR
MSP - DFS,2019-0D6-000068,20190127,NANTUCKET,MV,M,23,M,H,DR
MSP - DFS,2019-0D6-000068,20190127,NANTUCKET,MV,O,23,M,H,DR
MSP - DFS,2019-0C6-000706,20190127,WEST BOYLSTON,90D,M,29,M,H,DR
MSP - DFS,2019-0C6-000706,20190127,WEST BOYLSTON,MV,M,29,M,H,DR
MSP - DFS,2019-0C6-000706,20190127,WEST BOYLSTON,MV,M,29,M,H,DR
MSP - DFS,2019-0B3-000609,20190127,SPRINGFIELD,90Z,W,34,M,H,PR
MSP - DFS,2019-0H6-000693,20190127,MILTON,90D,M,45,M,H,PR
MSP - DFS,2019-0H6-000693,20190127,MILTON,MV,M,45,M,H,PR
MSP - DFS,2019-0H6-000693,20190127,MILTON,MV,M,45,M,H,PR
MSP - DFS,2019-0D4-000574,20190127,BROCKTON,90Z,M,52,M,B,U
MSP - DFS,2019-0D4-000574,20190127,BROCKTON,90Z,F,52,M,B,U
MSP - DFS,2019-0F1-004261,20190127,BOSTON,90Z,O,55,M,W,LE
MSP - DFS,2019-0H5-000894,20190128,NEWTON,90D,M,32,F,W,GR
MSP - DFS,2019-0H5-000894,20190128,NEWTON,MV,M,32,F,W,GR
MSP - DFS,2019-0H5-000894,20190128,NEWTON,MV,M,32,F,W,GR
MSP - DFS,2019-0A6-000827,20190128,BURLINGTON,90D,M,34,F,W,IRE
MSP - DFS,2019-0A6-000827,20190128,BURLINGTON,90D,M,34,F,W,IRE
MSP - DFS,2019-0A6-000827,20190128,BURLINGTON,MV,M,34,F,W,IRE
MSP - DFS,2019-0A6-000827,20190128,BURLINGTON,MV,O,34,F,W,IRE
MSP - DFS,2019-0C2-000776,20190128,SUTTON,90Z,W,37,F,H,PR
MSP - DFS,2019-0D4-000618,20190129,BROCKTON,35A,F,21,M,H,PR
MSP - DFS,2019-0D4-000618,20190129,BROCKTON,90G,M,21,M,H,PR
MSP - DFS,2019-0A5-000692,20190129,REVERE,280,M,23,F,H,DR
MSP - DFS,2019-0A5-000692,20190129,REVERE,280,M,23,M,H,DR
MSP - DFS,2019-0A5-000692,20190129,REVERE,90Z,W,23,F,H,DR
MSP - DFS,2019-0A5-000692,20190129,REVERE,90Z,W,23,M,H,DR
MSP - DFS,2019-0A5-000692,20190129,REVERE,90Z,W,23,F,H,DR
MSP - DFS,2019-0A5-000692,20190129,REVERE,MV,M,23,M,H,DR
MSP - DFS,2019-0A5-000692,20190129,REVERE,MV,M,23,M,H,DR
MSP - DFS,2019-GES-000481,20190129,SPRINGFIELD,"26A,270,23D,23H",F,28,F,H,PR
MSP - DFS,2019-0C2-000807,20190129,MILFORD,MV,M,42,M,W,MM
MSP - DFS,2019-0C2-000807,20190129,MILFORD,MV,M,42,M,W,MM
MSP - DFS,2019-0A4-000815,20190129,WOBURN,90Z,W,55,M,H,BRA
MSP - DFS,2019-0A4-000815,20190129,WOBURN,MV,M,55,M,H,BRA
MSP - DFS,2019-0A4-000815,20190129,WOBURN,MV,M,55,M,H,BRA
MSP - DFS,2019-0A1-001442,20190130,WILMINGTON,90D,M,27,M,W,IRE
MSP - DFS,2019-0A1-001442,20190130,WILMINGTON,MV,M,27,M,W,IRE
MSP - DFS,2019-0A1-001442,20190130,WILMINGTON,MV,M,27,M,W,IRE
MSP - DFS,2019-0A1-001442,20190130,WILMINGTON,MV,M,27,M,W,IRE
MSP - DFS,2019-0A6-000902,20190130,PEABODY,90Z,W,44,M,W,U
MSP - DFS,2019-0A6-000902,20190130,PEABODY,90Z,W,44,M,W,U
MSP - DFS,2019-0A6-000902,20190130,PEABODY,MV,M,44,M,W,U
MSP - DFS,2019-0C6-000828,20190131,WORCESTER,90Z,W,22,U,H,PR
MSP - DFS,2019-0C6-000828,20190131,WORCESTER,MV,M,22,U,H,PR
MSP - DFS,2019-0C6-000828,20190131,WORCESTER,MV,M,22,U,H,PR
MSP - DFS,2019-0H3-000895,20190131,NORTON,90Z,W,25,M,W,ITAL
MSP - DFS,2019-0H2-000887,20190131,WESTON,90Z,W,32,F,W,RO
MSP - DFS,2019-0B3-000722,20190131,SPRINGFIELD,90Z,W,42,M,H,PR
MSP - DFS,2019-0B3-000722,20190131,SPRINGFIELD,90Z,W,42,M,H,PR
MSP - DFS,2019-0A6-000964,20190131,SAUGUS,90D,M,46,M,B,HT
MSP - DFS,2019-0A6-000964,20190131,SAUGUS,MV,M,46,M,B,HT
MSP - DFS,2019-0A6-000964,20190131,SAUGUS,MV,M,46,M,B,HT
MSP - DFS,2019-0A1-001610,20190201,LOWELL,90Z,W,28,M,W,BRA
MSP - DFS,2019-0C6-000838,20190201,HOLDEN,90Z,W,32,M,B,HT
MSP - DFS,2019-0A4-000900,20190201,MEDFORD,90Z,W,37,M,B,HT
MSP - DFS,2019-0A4-000900,20190201,MEDFORD,MV,M,37,M,B,HT
MSP - DFS,2019-0C4-000519,20190201,FITCHBURG,90Z,W,40,M,H,PR
MSP - DFS,2019-0D2-000702,20190201,DENNIS,520,F,51,M,W,GR
MSP - DFS,2019-0D2-000702,20190201,DENNIS,520,F,51,M,W,GR
MSP - DFS,2019-0B3-000808,20190202,SPRINGFIELD,520,F,25,M,H,PR
MSP - DFS,2019-0B3-000808,20190202,SPRINGFIELD,520,F,25,M,H,PR
MSP - DFS,2019-0B3-000808,20190202,SPRINGFIELD,520,F,25,M,H,PR
MSP - DFS,2019-0B3-000808,20190202,SPRINGFIELD,520,F,25,M,H,PR
MSP - DFS,2019-0B3-000808,20190202,SPRINGFIELD,35A,F,25,M,H,PR
MSP - DFS,2019-0B2-000844,20190202,COLRAIN,90Z,W,26,M,W,U
MSP - DFS,2019-0B3-000801,20190202,SPRINGFIELD,35A,F,28,M,H,PR
MSP - DFS,2019-0B3-000801,20190202,SPRINGFIELD,MV,M,28,M,H,PR
MSP - DFS,2019-0B3-000801,20190202,SPRINGFIELD,MV,M,28,M,H,PR
MSP - DFS,2019-0CX-000958,20190202,WESTBOROUGH,90Z,W,31,F,H,BRA
MSP - DFS,2019-0CX-000958,20190202,WESTBOROUGH,90Z,W,31,F,H,BRA
MSP - DFS,2019-0CX-000958,20190202,WESTBOROUGH,90Z,,31,F,H,BRA
MSP - DFS,2019-0CX-000958,20190202,WESTBOROUGH,MV,M,31,F,H,BRA
MSP - DFS,2019-0D4-000701,20190202,BROCKTON,MV,M,36,M,W,U
MSP - DFS,2019-0D4-000701,20190202,BROCKTON,MV,O,36,M,W,U
MSP - DFS,2019-0B8-000518,20190202,LUDLOW,90D,M,39,M,H,PR
MSP - DFS,2019-0B8-000518,20190202,LUDLOW,MV,M,39,M,H,PR
MSP - DFS,2019-0B8-000518,20190202,LUDLOW,MV,M,39,M,H,PR
MSP - DFS,2019-0B8-000518,20190202,LUDLOW,MV,M,39,M,H,PR
MSP - DFS,2019-0B8-000518,20190202,LUDLOW,MV,M,39,M,H,PR
MSP - DFS,2019-0A2-000824,20190203,GEORGETOWN,90Z,W,25,M,H,PR
MSP - DFS,2019-0A2-000824,20190203,GEORGETOWN,90Z,W,25,M,H,PR
MSP - DFS,2019-0A2-000824,20190203,GEORGETOWN,90Z,W,25,M,H,PR
MSP - DFS,2019-0A2-000824,20190203,AMESBURY,90Z,W,25,M,H,PR
MSP - DFS,2019-0A2-000824,20190203,AMESBURY,90Z,W,25,M,H,PR
MSP - DFS,2019-0A2-000824,20190203,AMESBURY,90Z,W,25,M,H,PR
MSP - DFS,2019-0A2-000824,20190203,AMESBURY,90Z,W,25,M,H,PR
MSP - DFS,2019-0A2-000824,20190203,AMESBURY,90Z,W,25,M,H,PR
MSP - DFS,2019-0A2-000824,20190203,AMESBURY,90Z,W,25,M,H,PR
MSP - DFS,2019-0A2-000824,20190203,AMESBURY,MV,M,25,M,H,PR
MSP - DFS,2019-0A2-000824,20190203,AMESBURY,MV,M,25,M,H,PR
MSP - DFS,2019-0A2-000824,20190203,GEORGETOWN,MV,M,25,M,H,PR
MSP - DFS,2019-0A2-000824,20190203,AMESBURY,MV,M,25,M,H,PR
MSP - DFS,2019-0A2-000824,20190203,GEORGETOWN,MV,M,25,M,H,PR
MSP - DFS,2019-0A2-000824,20190203,AMESBURY,MV,M,25,M,H,PR
MSP - DFS,2019-0A2-000824,20190203,GEORGETOWN,MV,M,25,M,H,PR
MSP - DFS,2019-0A2-000824,20190203,AMESBURY,MV,M,25,M,H,PR
MSP - DFS,2019-0A2-000824,20190203,AMESBURY,MV,M,25,M,H,PR
MSP - DFS,2019-0A2-000824,20190203,AMESBURY,MV,M,25,M,H,PR
MSP - DFS,2019-0A2-000824,20190203,GEORGETOWN,MV,M,25,M,H,PR
MSP - DFS,2019-0A2-000824,20190203,AMESBURY,MV,M,25,M,H,PR
MSP - DFS,2019-0C2-000940,20190203,SOUTHBOROUGH,90D,M,28,M,W,BRA
MSP - DFS,2019-0C2-000940,20190203,SOUTHBOROUGH,MV,M,28,M,W,BRA
MSP - DFS,2019-0C2-000940,20190203,SOUTHBOROUGH,MV,M,28,M,W,BRA
MSP - DFS,2019-0C2-000940,20190203,SOUTHBOROUGH,MV,M,28,M,W,BRA
MSP - DFS,2019-0A1-001695,20190203,READING,MV,M,39,M,H,PR
MSP - DFS,2019-0A1-001695,20190203,READING,MV,M,39,M,H,PR
MSP - DFS,2019-0B3-000821,20190203,CHICOPEE,90Z,W,41,F,H,PR
MSP - DFS,2019-0B3-000821,20190203,CHICOPEE,MV,M,41,F,H,PR
MSP - DFS,2019-0B3-000821,20190203,CHICOPEE,MV,M,41,F,H,PR
MSP - DFS,2019-0B3-000821,20190203,CHICOPEE,MV,M,41,F,H,PR
MSP - DFS,2019-0D3-000967,20190203,FALL RIVER,90D,M,50,M,W,HT
MSP - DFS,2019-0D3-000967,20190203,FALL RIVER,MV,M,50,M,W,HT
MSP - DFS,2019-0D3-000967,20190203,FALL RIVER,MV,M,50,M,W,HT
MSP - DFS,2019-0H4-000600,20190204,CAMBRIDGE,90Z,W,22,M,O,CN
MSP - DFS,2019-0H4-000600,20190204,CAMBRIDGE,MV,M,22,M,O,CN
MSP - DFS,2019-0H2-000996,20190204,NEEDHAM,35A,F,28,F,W,U
MSP - DFS,2019-0H2-000996,20190204,NEEDHAM,90Z,W,28,F,W,U
MSP - DFS,2019-0C6-000923,20190204,WEST BOYLSTON,90Z,W,30,F,H,PR
MSP - DFS,2019-0H2-000996,20190204,NEEDHAM,90Z,W,34,M,W,U
MSP - DFS,2019-0H2-000996,20190204,NEEDHAM,90Z,W,34,M,W,U
MSP - DFS,2019-0H2-000996,20190204,NEEDHAM,90Z,W,34,M,W,U
MSP - DFS,2019-0H2-000996,20190204,NEEDHAM,90Z,W,34,M,W,U
MSP - DFS,2019-0H2-000996,20190204,NEEDHAM,90Z,W,34,M,W,U
MSP - DFS,2019-0H2-000996,20190204,NEEDHAM,90Z,W,34,M,W,U
MSP - DFS,2019-0B3-000840,20190204,CHICOPEE,35A,F,48,M,H,PR
MSP - DFS,2019-0B3-000840,20190204,CHICOPEE,MV,M,48,M,H,PR
MSP - DFS,2019-0H4-000624,20190205,BOSTON,90Z,W,22,M,H,DR
MSP - DFS,2019-0H4-000624,20190205,BOSTON,MV,M,22,M,H,DR
MSP - DFS,2019-0B6-001333,20190205,HOLYOKE,90Z,W,31,M,H,PR
MSP - DFS,2019-0A5-000858,20190205,REVERE,35A,F,33,M,H,DR
MSP - DFS,2019-0A5-000858,20190205,REVERE,35A,F,33,M,H,DR
MSP - DFS,2019-0A5-000858,20190205,REVERE,90Z,F,33,M,H,DR
MSP - DFS,2019-0H2-001014,20190205,CANTON,90Z,W,35,U,B,U
MSP - DFS,2019-GES-000570,20190205,SPRINGFIELD,35A,F,40,M,H,PR
MSP - DFS,2019-0H6-000927,20190205,BOSTON,90D,M,40,M,H,PR
MSP - DFS,2019-GES-000570,20190205,SPRINGFIELD,90Z,W,40,M,H,PR
MSP - DFS,2019-0H6-000927,20190205,BOSTON,MV,M,40,M,H,PR
MSP - DFS,2019-0A5-000848,20190205,REVERE,90D,M,52,M,H,DR
MSP - DFS,2019-0A5-000848,20190205,REVERE,MV,M,52,M,H,DR
MSP - DFS,2019-0A5-000848,20190205,REVERE,MV,M,52,M,H,DR
MSP - DFS,2019-0H4-000641,20190206,CAMBRIDGE,90Z,W,23,M,H,DR
MSP - DFS,2019-0H4-000641,20190206,CAMBRIDGE,MV,M,23,M,H,DR
MSP - DFS,2019-0H4-000641,20190206,CAMBRIDGE,MV,M,23,M,H,DR
MSP - DFS,2019-0C9-000515,20190206,AYER,90Z,W,25,M,W,FR
MSP - DFS,2019-0D4-000775,20190206,BROCKTON,35A,F,28,M,W,IRE
MSP - DFS,2019-0D4-000775,20190206,BROCKTON,35A,F,28,M,W,IRE
MSP - DFS,2019-0D4-000775,20190206,BROCKTON,90Z,W,28,M,W,IRE
MSP - DFS,2019-0D4-000775,20190206,BROCKTON,90Z,W,28,M,W,IRE
MSP - DFS,2019-0C4-000606,20190207,FITCHBURG,90Z,W,25,M,H,PR
MSP - DFS,2019-0B3-000899,20190207,SPRINGFIELD,35A,F,30,M,H,PR
MSP - DFS,2019-0B3-000899,20190207,SPRINGFIELD,35A,F,30,M,H,PR
MSP - DFS,2019-0B3-000899,20190207,SPRINGFIELD,35A,F,30,M,H,PR
MSP - DFS,2019-0B3-000899,20190207,SPRINGFIELD,90Z,W,30,M,H,PR
MSP - DFS,2019-0A3-001340,20190207,CHELMSFORD,MV,M,31,M,H,DR
MSP - DFS,2019-0A4-001096,20190207,SOMERVILLE,90D,M,31,M,W,IRE
MSP - DFS,2019-0A4-001096,20190207,SOMERVILLE,MV,M,31,M,W,IRE
MSP - DFS,2019-0C4-000594,20190207,FITCHBURG,35A,F,35,M,O,KOR
MSP - DFS,2019-0C4-000594,20190207,FITCHBURG,90Z,W,35,M,O,KOR
MSP - DFS,2019-0C6-001025,20190207,WORCESTER,90Z,W,36,M,W,U
MSP - DFS,2019-0H6-000978,20190207,BOSTON,90,M,40,M,O,CN
MSP - DFS,2019-0H6-000978,20190207,BOSTON,13A,F,40,M,O,CN
MSP - DFS,2019-0D7-000758,20190207,WAREHAM,MV,M,40,M,W,ITAL
MSP - DFS,2019-0D7-000758,20190207,WAREHAM,MV,M,40,M,W,ITAL
MSP - DFS,2019-0D7-000758,20190207,WAREHAM,MV,M,40,M,W,ITAL
MSP - DFS,2019-0A4-001057,20190207,EVERETT,90D,M,43,M,H,HB
MSP - DFS,2019-0A4-001057,20190207,EVERETT,90G,M,43,M,H,HB
MSP - DFS,2019-0A4-001057,20190207,EVERETT,MV,M,43,M,H,HB
MSP - DFS,2019-0A4-001057,20190207,EVERETT,MV,M,43,M,H,HB
MSP - DFS,2019-0A4-001057,20190207,EVERETT,MV,O,43,M,H,HB
MSP - DFS,2019-0H4-000661,20190207,CAMBRIDGE,90Z,W,51,M,H,CB
MSP - DFS,2019-0F1-005861,20190207,BOSTON,90Z,W,51,F,H,DR
MSP - DFS,2019-0C5-000569,20190207,STURBRIDGE,90Z,W,55,M,W,FR
MSP - DFS,2019-0C5-000569,20190207,STURBRIDGE,MV,M,55,M,W,FR
MSP - DFS,2019-0C5-000569,20190207,STURBRIDGE,MV,M,55,M,W,FR
MSP - DFS,2019-0C4-000636,20190208,LEOMINSTER,90Z,W,24,M,H,DR
MSP - DFS,2019-0B3-000918,20190208,SPRINGFIELD,90Z,W,28,M,H,PR
MSP - DFS,2019-0C4-000616,20190208,FITCHBURG,MV,M,32,F,O,LAOS
MSP - DFS,2019-0C4-000616,20190208,FITCHBURG,MV,M,32,F,O,LAOS
MSP - DFS,2019-0C4-000616,20190208,FITCHBURG,MV,M,32,F,O,LAOS
MSP - DFS,2019-0C4-000616,20190208,FITCHBURG,MV,M,32,F,O,LAOS
MSP - DFS,2019-0CX-001141,20190208,STURBRIDGE,13A,F,34,M,H,U
MSP - DFS,2019-0B4-000731,20190208,CHESHIRE,90Z,W,36,M,W,U
MSP - DFS,2019-0B4-000731,20190208,CHESHIRE,MV,M,36,M,W,U
MSP - DFS,2019-0B4-000731,20190208,CHESHIRE,MV,M,36,M,W,U
MSP - DFS,2019-0B4-000731,20190208,CHESHIRE,MV,M,36,M,W,U
MSP - DFS,2019-0H7-000795,20190208,MILTON,250,M,37,M,H,PR
MSP - DFS,2019-0H7-000795,20190208,MILTON,250,M,37,M,H,PR
MSP - DFS,2019-0H7-000795,20190208,MILTON,26A,M,37,M,H,PR
MSP - DFS,2019-0H7-000795,20190208,MILTON,26C,M,37,M,H,PR
MSP - DFS,2019-0H7-000795,20190208,MILTON,MV,M,37,M,H,PR
MSP - DFS,2019-0H7-000795,20190208,MILTON,MV,M,37,M,H,PR
MSP - DFS,2019-0H7-000795,20190208,MILTON,MV,M,37,M,H,PR
MSP - DFS,2019-0H7-000795,20190208,MILTON,MV,M,37,M,H,PR
MSP - DFS,2019-0H7-000795,20190208,MILTON,MV,M,37,M,H,PR
MSP - DFS,2019-0A5-000947,20190208,REVERE,90Z,W,38,U,W,BRA
MSP - DFS,2019-0A5-000947,20190208,REVERE,MV,M,38,U,W,BRA
MSP - DFS,2019-0D4-000802,20190208,BROCKTON,90D,M,47,M,B,U
MSP - DFS,2019-0D4-000802,20190208,BROCKTON,90G,M,47,M,B,U
MSP - DFS,2019-0D4-000802,20190208,BROCKTON,MV,M,47,M,B,U
MSP - DFS,2019-0D4-000802,20190208,BROCKTON,MV,M,47,M,B,U
MSP - DFS,2019-0D4-000802,20190208,BROCKTON,MV,M,47,M,B,U
MSP - DFS,2019-0D4-000802,20190208,BROCKTON,MV,M,47,M,B,U
MSP - DFS,2019-0C5-000585,20190208,STURBRIDGE,520,F,53,M,H,PR
MSP - DFS,2019-0C5-000585,20190208,STURBRIDGE,520,F,53,M,H,PR
MSP - DFS,2019-0C5-000585,20190208,STURBRIDGE,520,F,53,M,H,PR
MSP - DFS,2019-0C5-000585,20190208,STURBRIDGE,520,F,53,M,H,PR
MSP - DFS,2019-0C5-000585,20190208,STURBRIDGE,520,F,53,M,H,PR
MSP - DFS,2019-0C5-000585,20190208,STURBRIDGE,"26A,270,23D,23H",F,53,M,H,PR
MSP - DFS,2019-0C5-000585,20190208,STURBRIDGE,35A,F,53,M,H,PR
MSP - DFS,2019-0C5-000585,20190208,STURBRIDGE,MV,M,53,M,H,PR
MSP - DFS,2019-0C5-000585,20190208,STURBRIDGE,MV,M,53,M,H,PR
MSP - DFS,2019-0C6-001075,20190209,WORCESTER,90Z,W,25,M,H,PR
MSP - DFS,2019-0C6-001075,20190209,WORCESTER,90Z,W,25,M,H,PR
MSP - DFS,2019-0C6-001075,20190209,WORCESTER,MV,M,25,M,H,PR
MSP - DFS,2019-0C6-001075,20190209,WORCESTER,MV,M,25,M,H,PR
MSP - DFS,2019-0C2-001078,20190209,MILLBURY,90D,M,25,F,W,PR
MSP - DFS,2019-0C2-001078,20190209,MILLBURY,90Z,W,25,F,W,PR
MSP - DFS,2019-0C2-001078,20190209,MILLBURY,90Z,W,25,F,W,PR
MSP - DFS,2019-0C2-001078,20190209,MILLBURY,MV,M,25,F,W,PR
MSP - DFS,2019-0C2-001078,20190209,MILLBURY,MV,M,25,F,W,PR
MSP - DFS,2019-0H7-000814,20190209,AVON,90Z,W,28,M,H,PR
MSP - DFS,2019-0H7-000814,20190209,AVON,90Z,W,28,M,H,PR
MSP - DFS,2019-0H6-001003,20190209,QUINCY,90D,M,34,M,B,HT
MSP - DFS,2019-0H6-001003,20190209,QUINCY,MV,M,34,M,B,HT
MSP - DFS,2019-0H6-001003,20190209,QUINCY,MV,M,34,M,B,HT
MSP - DFS,2019-0A6-001259,20190209,DANVERS,90D,M,37,M,W,IRE
MSP - DFS,2019-0A6-001259,20190209,DANVERS,MV,M,37,M,W,IRE
MSP - DFS,2019-0H6-001018,20190209,MILTON,90D,M,38,M,O,VM
MSP - DFS,2019-0H6-001018,20190209,MILTON,MV,M,38,M,O,VM
MSP - DFS,2019-0A3-001402,20190209,LEXINGTON,90Z,W,64,M,H,CB
MSP - DFS,2019-0D4-000825,20190210,LAKEVILLE,250,M,23,M,H,PR
MSP - DFS,2019-0D4-000825,20190210,LAKEVILLE,35A,F,23,M,H,PR
MSP - DFS,2019-0D4-000825,20190210,LAKEVILLE,MV,M,23,M,H,PR
MSP - DFS,2019-0D4-000825,20190210,LAKEVILLE,MV,M,23,M,H,PR
MSP - DFS,2019-0D4-000825,20190210,LAKEVILLE,MV,M,23,M,H,PR
MSP - DFS,2019-0D4-000825,20190210,LAKEVILLE,MV,M,23,M,H,PR
MSP - DFS,2019-0D4-000825,20190210,LAKEVILLE,MV,,23,M,H,PR
MSP - DFS,2019-0A1-002009,20190210,ANDOVER,90D,M,34,M,H,DR
MSP - DFS,2019-0A1-002009,20190210,ANDOVER,90D,M,34,M,H,DR
MSP - DFS,2019-0A1-002009,20190210,ANDOVER,MV,M,34,M,H,DR
MSP - DFS,2019-0H3-001151,20190210,WRENTHAM,90D,M,35,M,B,U
MSP - DFS,2019-0H3-001151,20190210,WRENTHAM,MV,M,35,M,B,U
MSP - DFS,2019-0H3-001151,20190210,WRENTHAM,MV,O,35,M,B,U
MSP - DFS,2019-0H3-001151,20190210,WRENTHAM,MV,M,35,M,B,U
MSP - DFS,2019-0H3-001151,20190210,WRENTHAM,MV,M,35,M,B,U
MSP - DFS,2019-0D3-001154,20190210,FALL RIVER,90Z,W,36,M,W,U
MSP - DFS,2019-0D3-001154,20190210,FALL RIVER,MV,M,36,M,W,U
MSP - DFS,2019-0D3-001154,20190210,FALL RIVER,MV,M,36,M,W,U
MSP - DFS,2019-0A3-001441,20190210,LEXINGTON,90Z,W,37,M,W,BRA
MSP - DFS,2019-0H4-000706,20190210,BOSTON,90Z,W,48,M,W,BRA
MSP - DFS,2019-0H4-000706,20190210,BOSTON,MV,M,48,M,W,BRA
MSP - DFS,2019-0D4-000845,20190211,BROCKTON,90,M,25,M,W,ITAL
MSP - DFS,2019-0D4-000845,20190211,BROCKTON,13A or 13B,M,25,M,W,ITAL
MSP - DFS,2019-0D4-000845,20190211,BROCKTON,13A-13C,M,25,M,W,ITAL
MSP - DFS,2019-0D4-000845,20190211,BROCKTON,MV,M,25,M,W,ITAL
MSP - DFS,2019-0B3-000984,20190211,SPRINGFIELD,MV,M,29,M,H,MM
MSP - DFS,2019-0B3-000984,20190211,SPRINGFIELD,MV,M,29,M,H,MM
MSP - DFS,2019-0H7-000861,20190211,BOSTON,90Z,W,42,M,H,BRA
MSP - DFS,2019-0CX-001190,20190211,MILLBURY,MV,M,53,U,H,BRA
MSP - DFS,2019-0CX-001190,20190211,MILLBURY,MV,M,53,U,H,BRA
MSP - DFS,2019-0H6-001054,20190212,BOSTON,90D,M,38,M,H,DR
MSP - DFS,2019-0H6-001054,20190212,BOSTON,MV,M,38,M,H,DR
MSP - DFS,2019-0H6-001054,20190212,BOSTON,MV,M,38,M,H,DR
MSP - DFS,2019-0H6-001054,20190212,BOSTON,MV,M,38,M,H,DR
MSP - DFS,2019-0A4-001248,20190212,STONEHAM,MV,M,53,M,W,BRA
MSP - DFS,2019-0A6-001370,20190213,BEVERLY,40B,M,30,F,O,KOR
MSP - DFS,2019-0A6-001369,20190213,BEVERLY,40B,M,30,M,O,CN
MSP - DFS,2019-0A6-001370,20190213,BEVERLY,64A,F,30,F,O,KOR
MSP - DFS,2019-0A6-001369,20190213,BEVERLY,64A,F,30,M,O,CN
MSP - DFS,2019-0A6-001370,20190213,BEVERLY,90Z,W,30,F,O,KOR
MSP - DFS,2019-0A6-001369,20190213,BEVERLY,90Z,W,30,M,O,CN
MSP - DFS,2019-0A6-001370,20190213,BEVERLY,90Z,O,30,F,O,KOR
MSP - DFS,2019-0A6-001369,20190213,BEVERLY,90Z,O,30,M,O,CN
MSP - DFS,2019-0D3-001246,20190213,NEW BEDFORD,MV,M,42,M,W,IRE
MSP - DFS,2019-0D3-001246,20190213,NEW BEDFORD,MV,M,42,M,W,IRE
MSP - DFS,2019-0C4-000734,20190214,FITCHBURG,520,F,22,M,H,PR
MSP - DFS,2019-0C4-000734,20190214,FITCHBURG,520,F,22,M,H,PR
MSP - DFS,2019-0C4-000734,20190214,FITCHBURG,520,F,22,M,H,PR
MSP - DFS,2019-0C4-000734,20190214,FITCHBURG,520,F,22,M,H,PR
MSP - DFS,2019-0C4-000734,20190214,FITCHBURG,520,F,22,M,H,PR
MSP - DFS,2019-0C4-000734,20190214,FITCHBURG,MV,M,22,M,H,PR
MSP - DFS,2019-0C4-000734,20190214,FITCHBURG,MV,M,22,M,H,PR
MSP - DFS,2019-0C4-000734,20190214,FITCHBURG,MV,M,22,M,H,PR
MSP - DFS,2019-0C2-001219,20190214,MILLBURY,90D,M,23,M,H,U
MSP - DFS,2019-0C2-001216,20190214,MILFORD,90D,M,23,F,W,U
MSP - DFS,2019-0C2-001216,20190214,MILFORD,MV,M,23,F,W,U
MSP - DFS,2019-0A4-001369,20190214,WOBURN,MV,M,29,M,H,PR
MSP - DFS,2019-0A4-001369,20190214,WOBURN,MV,M,29,M,H,PR
MSP - DFS,2019-0A4-001369,20190214,WOBURN,MV,M,29,M,H,PR
MSP - DFS,2019-0H9-001525,20190214,BOSTON,90D,M,31,F,W,IRE
MSP - DFS,2019-0A6-001411,20190214,READING,90Z,W,31,M,W,ITAL
MSP - DFS,2019-0A6-001411,20190214,READING,MV,M,31,M,W,ITAL
MSP - DFS,2019-0H9-001525,20190214,BOSTON,MV,M,31,F,W,IRE
MSP - DFS,2019-0H9-001525,20190214,BOSTON,MV,M,31,F,W,IRE
MSP - DFS,2019-0F1-007028,20190214,BOSTON,90Z,M,35,M,U,IQ
MSP - DFS,2019-0C2-001229,20190214,WORCESTER,26A,M,42,F,B,HT
MSP - DFS,2019-0C2-001229,20190214,WORCESTER,26C,M,42,F,B,HT
MSP - DFS,2019-0C2-001229,20190214,WORCESTER,90Z,W,42,F,B,HT
MSP - DFS,2019-0C2-001229,20190214,WORCESTER,90Z,W,42,F,B,HT
MSP - DFS,2019-0C2-001229,20190214,WORCESTER,90Z,W,42,F,B,HT
MSP - DFS,2019-0C2-001229,20190214,WORCESTER,90Z,W,42,F,B,HT
MSP - DFS,2019-0C2-001229,20190214,WORCESTER,MV,M,42,F,B,HT
MSP - DFS,2019-0C2-001229,20190214,WORCESTER,MV,M,42,F,B,HT
MSP - DFS,2019-0C2-001229,20190214,WORCESTER,MV,M,42,F,B,HT
MSP - DFS,2019-0C2-001229,20190214,WORCESTER,MV,M,42,F,B,HT
MSP - DFS,2019-0C2-001229,20190214,WORCESTER,MV,M,42,F,B,HT
MSP - DFS,2019-0D3-001266,20190214,DARTMOUTH,90Z,W,52,M,H,PR
MSP - DFS,2019-0D3-001266,20190214,DARTMOUTH,90Z,W,52,M,H,PR
MSP - DFS,2019-0D3-001266,20190214,DARTMOUTH,MV,M,52,M,H,PR
MSP - DFS,2019-0D3-001266,20190214,DARTMOUTH,MV,M,52,M,H,PR
MSP - DFS,2019-0A6-001414,20190214,LYNN,90D,M,63,F,W,IRE
MSP - DFS,2019-0A6-001414,20190214,LYNN,MV,M,63,F,W,IRE
MSP - DFS,2019-0A6-001414,20190214,LYNN,MV,M,63,F,W,IRE
MSP - DFS,2019-0A4-001410,20190215,MEDFORD,280,F,17,M,H,DR
MSP - DFS,2019-0A4-001410,20190215,MEDFORD,MV,M,17,M,H,DR
MSP - DFS,2019-0H9-001530,20190215,BOSTON,90Z,W,22,M,I,AMI
MSP - DFS,2019-0A4-001417,20190215,MEDFORD,90D,M,26,M,H,BRA
MSP - DFS,2019-0H9-001545,20190215,BOSTON,90Z,M,26,M,H,PR
MSP - DFS,2019-0A4-001417,20190215,MEDFORD,MV,M,26,M,H,BRA
MSP - DFS,2019-0A4-001417,20190215,MEDFORD,MV,M,26,M,H,BRA
MSP - DFS,2019-0D6-000122,20190215,NANTUCKET,MV,M,30,M,B,JM
MSP - DFS,2019-0D6-000122,20190215,NANTUCKET,MV,M,30,M,B,JM
MSP - DFS,2019-0H9-001565,20190215,BOSTON,90Z,W,40,M,B,HT
MSP - DFS,2019-0H9-001565,20190215,BOSTON,90Z,O,40,M,B,HT
MSP - DFS,2019-0H9-001565,20190215,BOSTON,MV,M,40,M,B,HT
MSP - DFS,2019-0A5-001116,20190215,REVERE,90D,M,46,F,W,ITAL
MSP - DFS,2019-0A5-001116,20190215,REVERE,90G,M,46,F,W,ITAL
MSP - DFS,2019-0A5-001116,20190215,REVERE,MV,M,46,F,W,ITAL
MSP - DFS,2019-0A5-001116,20190215,REVERE,MV,M,46,F,W,ITAL
MSP - DFS,2019-0D4-000949,20190216,BRIDGEWATER,90D,M,26,M,O,VM
MSP - DFS,2019-0D4-000949,20190216,BRIDGEWATER,MV,M,26,M,O,VM
MSP - DFS,2019-0D4-000949,20190216,BRIDGEWATER,MV,M,26,M,O,VM
MSP - DFS,2019-0D4-000949,20190216,BRIDGEWATER,MV,M,26,M,O,VM
MSP - DFS,2019-0A2-001102,20190216,MERRIMAC,MV,M,30,M,B,JM
MSP - DFS,2019-0A2-001102,20190216,MERRIMAC,MV,M,30,M,B,JM
MSP - DFS,2019-0A2-001102,20190216,MERRIMAC,MV,M,30,M,B,JM
MSP - DFS,2019-0D3-001327,20190216,REHOBOTH,90D,M,33,M,H,PR
MSP - DFS,2019-0D3-001327,20190216,REHOBOTH,MV,M,33,M,H,PR
MSP - DFS,2019-0D3-001327,20190216,REHOBOTH,MV,M,33,M,H,PR
MSP - DFS,2019-0D3-001327,20190216,REHOBOTH,MV,M,33,M,H,PR
MSP - DFS,2019-0C4-000803,20190217,BOLTON,MV,M,22,M,H,HB
MSP - DFS,2019-0C4-000803,20190217,BOLTON,MV,M,22,M,H,HB
MSP - DFS,2019-0C4-000803,20190217,BOLTON,MV,M,22,M,H,HB
MSP - DFS,2019-0C4-000803,20190217,BOLTON,MV,M,22,M,H,HB
MSP - DFS,2019-0A1-002352,20190217,LOWELL,35A,M,24,M,H,PR
MSP - DFS,2019-0A1-002352,20190217,LOWELL,35A,F,24,M,H,PR
MSP - DFS,2019-0A6-001488,20190217,STONEHAM,90D,M,24,M,H,BRA
MSP - DFS,2019-0A6-001488,20190217,STONEHAM,90G,M,24,M,H,BRA
MSP - DFS,2019-0A1-002352,20190217,LOWELL,90G,M,24,M,H,PR
MSP - DFS,2019-0A1-002352,20190217,LOWELL,MV,M,24,M,H,PR
MSP - DFS,2019-0A1-002352,20190217,LOWELL,MV,M,24,M,H,PR
MSP - DFS,2019-0A1-002352,20190217,LOWELL,MV,M,24,M,H,PR
MSP - DFS,2019-0A6-001488,20190217,STONEHAM,MV,M,24,M,H,BRA
MSP - DFS,2019-0A1-002352,20190217,LOWELL,MV,M,24,M,H,PR
MSP - DFS,2019-0A1-002352,20190217,LOWELL,MV,M,24,M,H,PR
MSP - DFS,2019-0A6-001488,20190217,STONEHAM,MV,M,24,M,H,BRA
MSP - DFS,2019-0C2-001332,20190217,SOUTHBOROUGH,90D,M,28,M,H,U
MSP - DFS,2019-0A1-002385,20190217,METHUEN,90Z,W,28,M,H,PR
MSP - DFS,2019-0C2-001332,20190217,SOUTHBOROUGH,MV,M,28,M,H,U
MSP - DFS,2019-0C2-001332,20190217,SOUTHBOROUGH,MV,M,28,M,H,U
MSP - DFS,2019-0H8-001192,20190217,BOSTON,90D,M,30,M,W,BRA
MSP - DFS,2019-0H8-001192,20190217,BOSTON,MV,M,30,M,W,BRA
MSP - DFS,2019-0H8-001192,20190217,BOSTON,MV,M,30,M,W,BRA
MSP - DFS,2019-0D3-001373,20190217,NEW BEDFORD,90Z,W,31,M,W,U
MSP - DFS,2019-0D3-001373,20190217,NEW BEDFORD,90Z,W,31,M,W,U
MSP - DFS,2019-0D5-000079,20190217,OAK BLUFFS,90D,M,32,M,W,BRA
MSP - DFS,2019-0D5-000079,20190217,OAK BLUFFS,MV,M,32,M,W,BRA
MSP - DFS,2019-0D5-000079,20190217,OAK BLUFFS,MV,M,32,M,W,BRA
MSP - DFS,2019-0D5-000079,20190217,OAK BLUFFS,MV,M,32,M,W,BRA
MSP - DFS,2019-0D5-000079,20190217,OAK BLUFFS,MV,M,32,M,W,BRA
MSP - DFS,2019-0A6-001497,20190217,LYNNFIELD,90Z,W,33,M,W,PR
MSP - DFS,2019-0A6-001497,20190217,LYNNFIELD,MV,M,33,M,W,PR
MSP - DFS,2019-0A2-001124,20190217,NEWBURY,MV,M,34,M,W,ITAL
MSP - DFS,2019-0A2-001124,20190217,NEWBURY,MV,M,34,M,W,ITAL
MSP - DFS,2019-0A2-001124,20190217,NEWBURY,MV,M,34,M,W,ITAL
MSP - DFS,2019-0H3-001357,20190217,MANSFIELD,90Z,W,35,M,B,PR
MSP - DFS,2019-0H3-001357,20190217,MANSFIELD,90Z,W,35,M,B,PR
MSP - DFS,2019-0H3-001357,20190217,MANSFIELD,90Z,W,35,M,B,PR
MSP - DFS,2019-0D1-000814,20190217,HANOVER,90D,M,35,M,W,PR
MSP - DFS,2019-0D1-000814,20190217,HANOVER,MV,M,35,M,W,PR
MSP - DFS,2019-0D1-000814,20190217,HANOVER,MV,M,35,M,W,PR
MSP - DFS,2019-0A2-001125,20190217,BOXFORD,90D,M,37,M,W,ITAL
MSP - DFS,2019-0A2-001125,20190217,BOXFORD,MV,M,37,M,W,ITAL
MSP - DFS,2019-0A2-001125,20190217,BOXFORD,MV,M,37,M,W,ITAL
MSP - DFS,2019-0A1-002385,20190217,METHUEN,90Z,W,38,F,H,PR
MSP - DFS,2019-0A1-002385,20190217,METHUEN,MV,M,38,F,H,PR
MSP - DFS,2019-0H8-001191,20190217,BOSTON,90D,M,38,M,W,IRE
MSP - DFS,2019-0H8-001191,20190217,BOSTON,90D,M,38,M,W,IRE
MSP - DFS,2019-0H8-001191,20190217,BOSTON,MV,M,38,M,W,IRE
MSP - DFS,2019-0H8-001191,20190217,BOSTON,MV,M,38,M,W,IRE
MSP - DFS,2019-0B3-001104,20190217,SPRINGFIELD,90J,M,40,M,H,PR
MSP - DFS,2019-0B6-001726,20190217,SOUTH HADLEY,MV,M,40,M,H,PR
MSP - DFS,2019-0B6-001726,20190217,SOUTH HADLEY,MV,M,40,M,H,PR
MSP - DFS,2019-0H9-001632,20190217,BOSTON,MV,M,,M,B,HT
MSP - DFS,2019-0H9-001632,20190217,BOSTON,MV,M,,M,B,HT
MSP - DFS,2019-0H4-000829,20190218,BOSTON,90Z,W,22,M,H,MM
MSP - DFS,2019-0H4-000829,20190218,BOSTON,90Z,W,22,M,H,MM
MSP - DFS,2019-0H4-000829,20190218,BOSTON,90Z,W,22,M,H,MM
MSP - DFS,2019-0H4-000829,20190218,BOSTON,90Z,W,22,M,H,MM
MSP - DFS,2019-0H7-001006,20190218,BOSTON,MV,M,30,M,H,PR
MSP - DFS,2019-0D2-001069,20190218,BARNSTABLE,MV,M,39,M,H,BRA
MSP - DFS,2019-0D2-001069,20190218,BARNSTABLE,MV,M,39,M,H,BRA
MSP - DFS,2019-0D2-001069,20190218,BARNSTABLE,MV,M,39,M,H,BRA
MSP - DFS,2019-0H5-001433,20190218,ARLINGTON,90D,M,53,M,B,JM
MSP - DFS,2019-0H5-001433,20190218,ARLINGTON,MV,M,53,M,B,JM
MSP - DFS,2019-0H5-001433,20190218,ARLINGTON,MV,M,53,M,B,JM
MSP - DFS,2019-0CX-001518,20190219,STURBRIDGE,MV,M,31,M,B,PR
MSP - DFS,2019-0CX-001518,20190219,STURBRIDGE,MV,M,31,M,B,PR
MSP - DFS,2019-0CX-001518,20190219,STURBRIDGE,MV,M,31,M,B,PR
MSP - DFS,2019-0H7-001027,20190219,BOSTON,90Z,W,32,M,H,DR
MSP - DFS,2019-0F1-007699,20190219,BOSTON,90J,M,33,M,I,AMI
MSP - DFS,2019-0H7-001028,20190219,RANDOLPH,26A,M,39,M,H,DR
MSP - DFS,2019-0H7-001028,20190219,RANDOLPH,35A,F,39,M,H,DR
MSP - DFS,2019-0H7-001028,20190219,RANDOLPH,35A,F,39,M,H,DR
MSP - DFS,2019-0H7-001028,20190219,RANDOLPH,90Z,W,39,M,H,DR
MSP - DFS,2019-0H7-001028,20190219,RANDOLPH,90Z,W,39,M,H,DR
MSP - DFS,2019-0H7-001028,20190219,RANDOLPH,90Z,W,39,M,H,DR
MSP - DFS,2019-0H7-001028,20190219,RANDOLPH,MV,M,39,M,H,DR
MSP - DFS,2019-0D1-000861,20190219,WEYMOUTH,90D,M,51,M,J,IQ
MSP - DFS,2019-0D1-000861,20190219,WEYMOUTH,90D,M,51,M,J,IQ
MSP - DFS,2019-0D1-000861,20190219,WEYMOUTH,MV,M,51,M,J,IQ
MSP - DFS,2019-0D1-000861,20190219,WEYMOUTH,MV,M,51,M,J,IQ
MSP - DFS,2019-0D1-000861,20190219,WEYMOUTH,MV,M,51,M,J,IQ
MSP - DFS,2019-0H9-001722,20190220,BOSTON,280,F,18,M,B,BD
MSP - DFS,2019-0H9-001722,20190220,BOSTON,280,F,18,M,B,HT
MSP - DFS,2019-0CX-001544,20190220,MILLBURY,90D,M,23,M,H,PR
MSP - DFS,2019-0CX-001544,20190220,MILLBURY,MV,M,23,M,H,PR
MSP - DFS,2019-0CX-001544,20190220,MILLBURY,MV,M,23,M,H,PR
MSP - DFS,2019-0CX-001544,20190220,MILLBURY,MV,M,23,M,H,PR
MSP - DFS,2019-0CX-001544,20190220,MILLBURY,MV,M,23,M,H,PR
MSP - DFS,2019-0CX-001544,20190220,MILLBURY,MV,M,23,M,H,PR
MSP - DFS,2019-0CX-001544,20190220,MILLBURY,MV,M,23,M,H,PR
MSP - DFS,2019-0D1-000862,20190220,WEYMOUTH,90Z,W,23,M,J,TURK
MSP - DFS,2019-0D4-001066,20190220,BROCKTON,35A,F,24,M,W,U
MSP - DFS,2019-0D4-001066,20190220,BROCKTON,MV,M,24,M,W,U
MSP - DFS,2019-0A1-002615,20190221,ANDOVER,90Z,W,25,M,W,CB
MSP - DFS,2019-0B3-001189,20190221,SPRINGFIELD,35A,F,33,M,H,PR
MSP - DFS,2019-0B3-001189,20190221,SPRINGFIELD,MV,M,33,M,H,PR
MSP - DFS,2019-0B3-001189,20190221,SPRINGFIELD,MV,M,33,M,H,PR
MSP - DFS,2019-0B3-001189,20190221,SPRINGFIELD,MV,M,33,M,H,PR
MSP - DFS,2019-0B3-001189,20190221,SPRINGFIELD,MV,M,33,M,H,PR
MSP - DFS,2019-0B5-000786,20190221,BLANDFORD,"510,13C",F,33,M,W,ITAL
MSP - DFS,2019-0B5-000786,20190221,BLANDFORD,90Z,F,33,M,W,ITAL
MSP - DFS,2019-0A5-001264,20190221,LYNN,90Z,W,48,M,W,CB
MSP - DFS,2019-0D4-001101,20190221,BROCKTON,90Z,W,60,M,W,U
MSP - DFS,2019-0D4-001101,20190221,BROCKTON,90Z,W,60,M,W,U
MSP - DFS,2019-0H5-001532,20190222,BOSTON,90Z,W,23,M,J,EY
MSP - DFS,2019-0A4-001666,20190222,STONEHAM,90D,M,29,M,W,U
MSP - DFS,2019-0A4-001666,20190222,STONEHAM,MV,M,29,M,W,U
MSP - DFS,2019-0A4-001666,20190222,STONEHAM,MV,M,29,M,W,U
MSP - DFS,2019-0A6-001656,20190222,LYNN,90Z,W,45,M,H,MM
MSP - DFS,2019-0A6-001656,20190222,LYNN,90Z,W,45,M,H,MM
MSP - DFS,2019-0A6-001656,20190222,LYNN,MV,M,45,M,H,MM
MSP - DFS,2019-0A6-001656,20190222,LYNN,MV,M,45,M,H,MM
MSP - DFS,2019-0A6-001656,20190222,LYNN,MV,M,45,M,H,MM
MSP - DFS,2019-0D3-001532,20190222,NEW BEDFORD,MV,M,45,M,W,U
MSP - DFS,2019-0D3-001532,20190222,NEW BEDFORD,MV,M,45,M,W,U
MSP - DFS,2019-0F1-008278,20190222,BOSTON,90Z,M,48,M,O,CN
MSP - DFS,2019-0C2-001485,20190222,WORCESTER,90Z,M,52,M,W,DR
MSP - DFS,2019-0CX-001678,20190223,CHARLTON,250,M,31,M,H,MM
MSP - DFS,2019-0B3-001234,20190223,HOLYOKE,90Z,W,31,F,H,PR
MSP - DFS,2019-0CX-001678,20190223,CHARLTON,MV,M,31,M,H,MM
MSP - DFS,2019-0CX-001678,20190223,CHARLTON,MV,M,31,M,H,MM
MSP - DFS,2019-0B3-001222,20190223,SPRINGFIELD,90Z,W,33,M,H,PR
MSP - DFS,2019-0B3-001222,20190223,SPRINGFIELD,90Z,W,33,M,H,PR
MSP - DFS,2019-0B3-001222,20190223,SPRINGFIELD,MV,M,33,M,H,PR
MSP - DFS,2019-0B3-001222,20190223,SPRINGFIELD,MV,M,33,M,H,PR
MSP - DFS,2019-0C2-001523,20190223,WORCESTER,90Z,M,38,M,W,BRA
MSP - DFS,2019-0C2-001523,20190223,WORCESTER,MV,M,38,M,W,BRA
MSP - DFS,2019-0C4-000909,20190223,BOLTON,90Z,W,45,M,W,PR
MSP - DFS,2019-0D3-001573,20190223,NEW BEDFORD,90D,M,54,M,W,SX
MSP - DFS,2019-0D3-001573,20190223,NEW BEDFORD,MV,M,54,M,W,SX
MSP - DFS,2019-0D3-001573,20190223,NEW BEDFORD,MV,O,54,M,W,SX
MSP - DFS,2019-0C1-001039,20190224,WESTMINSTER,MV,M,31,M,H,BRA
MSP - DFS,2019-0C1-001039,20190224,WESTMINSTER,MV,M,31,M,H,BRA
MSP - DFS,2019-0A4-001686,20190224,EVERETT,90Z,W,31,M,W,BRA
MSP - DFS,2019-0A4-001686,20190224,EVERETT,MV,M,31,M,W,BRA
MSP - DFS,2019-0A4-001686,20190224,EVERETT,MV,M,31,M,W,BRA
MSP - DFS,2019-0H9-001879,20190224,BOSTON,90D,M,32,M,H,HB
MSP - DFS,2019-0H9-001879,20190224,BOSTON,90Z,W,32,M,H,HB
MSP - DFS,2019-0H9-001879,20190224,BOSTON,90Z,W,32,M,H,HB
MSP - DFS,2019-0H9-001879,20190224,BOSTON,90Z,W,32,M,H,HB
MSP - DFS,2019-0H9-001879,20190224,BOSTON,MV,M,32,M,H,HB
MSP - DFS,2019-0H9-001879,20190224,BOSTON,MV,M,32,M,H,HB
MSP - DFS,2019-0H9-001879,20190224,BOSTON,MV,M,32,M,H,HB
MSP - DFS,2019-0H9-001879,20190224,BOSTON,MV,M,32,M,H,HB
MSP - DFS,2019-0H9-001879,20190224,BOSTON,MV,M,32,M,H,HB
MSP - DFS,2019-0H9-001879,20190224,BOSTON,MV,M,32,M,H,HB
MSP - DFS,2019-0A1-002715,20190224,WILMINGTON,90Z,W,34,M,H,DR
MSP - DFS,2019-0A1-002715,20190224,WILMINGTON,90Z,W,34,M,H,DR
MSP - DFS,2019-0A1-002715,20190224,WILMINGTON,90Z,W,34,M,H,DR
MSP - DFS,2019-0A1-002715,20190224,WILMINGTON,MV,M,34,M,H,DR
MSP - DFS,2019-0A1-002715,20190224,WILMINGTON,MV,M,34,M,H,DR
MSP - DFS,2019-0A1-002715,20190224,WILMINGTON,MV,M,34,M,H,DR
MSP - DFS,2019-0A1-002715,20190224,WILMINGTON,MV,M,34,M,H,DR
MSP - DFS,2019-0B6-001909,20190224,HOLYOKE,90D,M,39,M,O,CA
MSP - DFS,2019-0B6-001909,20190224,HOLYOKE,MV,M,39,M,O,CA
MSP - DFS,2019-0B6-001909,20190224,HOLYOKE,MV,M,39,M,O,CA
MSP - DFS,2019-0A1-002692,20190224,WILMINGTON,90D,F,39,M,H,DR
MSP - DFS,2019-0A1-002692,20190224,WILMINGTON,MV,M,39,M,H,DR
MSP - DFS,2019-0A1-002692,20190224,WILMINGTON,MV,M,39,M,H,DR
MSP - DFS,2019-0A1-002692,20190224,WILMINGTON,MV,M,39,M,H,DR
MSP - DFS,2019-0A1-002692,20190224,WILMINGTON,MV,M,39,M,H,DR
MSP - DFS,2019-0C2-001524,20190224,WORCESTER,90D,M,42,M,W,BRA
MSP - DFS,2019-0C2-001524,20190224,WORCESTER,MV,M,42,M,W,BRA
MSP - DFS,2019-0C2-001524,20190224,WORCESTER,MV,M,42,M,W,BRA
MSP - DFS,2019-0D3-001576,20190224,FALL RIVER,35A,F,45,M,W,U
MSP - DFS,2019-0D3-001576,20190224,FALL RIVER,MV,M,45,M,W,U
MSP - DFS,2019-0A2-001263,20190224,ROWLEY,MV,M,50,F,W,BRA
MSP - DFS,2019-0H3-001554,20190224,CANTON,90D,M,59,M,H,DR
MSP - DFS,2019-0H3-001554,20190224,CANTON,MV,M,59,M,H,DR
MSP - DFS,2019-0H4-000940,20190225,BOSTON,90Z,W,29,M,H,MM
MSP - DFS,2019-0H4-000940,20190225,BOSTON,90Z,W,29,M,H,MM
MSP - DFS,2019-0CX-001784,20190225,AUBURN,250,M,30,M,H,DR
MSP - DFS,2019-0CX-001784,20190225,AUBURN,250,M,30,M,H,DR
MSP - DFS,2019-0CX-001784,20190225,AUBURN,250,M,30,M,H,DR
MSP - DFS,2019-0CX-001784,20190225,AUBURN,26A,M,30,M,H,DR
MSP - DFS,2019-0CX-001784,20190225,AUBURN,26A,M,30,M,H,DR
MSP - DFS,2019-0CX-001784,20190225,AUBURN,26C,M,30,M,H,DR
MSP - DFS,2019-0CX-001784,20190225,AUBURN,MV,M,30,M,H,DR
MSP - DFS,2019-0CX-001784,20190225,AUBURN,MV,M,30,M,H,DR
MSP - DFS,2019-0CX-001784,20190225,AUBURN,MV,M,30,M,H,DR
MSP - DFS,2019-0C6-001442,20190225,WORCESTER,90Z,W,37,M,H,PR
MSP - DFS,2019-0H9-001917,20190226,BOSTON,90D,M,20,F,H,DR
MSP - DFS,2019-0H9-001917,20190226,BOSTON,MV,M,20,F,H,DR
MSP - DFS,2019-0H9-001917,20190226,BOSTON,MV,M,20,F,H,DR
MSP - DFS,2019-0A1-002829,20190226,LAWRENCE,90Z,W,22,M,H,DR
MSP - DFS,2019-0CX-001812,20190226,CHARLTON,90Z,W,29,M,H,MM
MSP - DFS,2019-0A6-001768,20190226,SAUGUS,MV,M,30,M,W,BRA
MSP - DFS,2019-0A6-001768,20190226,SAUGUS,MV,M,30,M,W,BRA
MSP - DFS,2019-0CX-001804,20190226,STURBRIDGE,90Z,W,40,M,H,DR
MSP - DFS,2019-0CX-001804,20190226,STURBRIDGE,MV,M,40,M,H,DR
MSP - DFS,2019-0A1-002822,20190226,LAWRENCE,35A,F,41,M,H,PR
MSP - DFS,2019-0A1-002822,20190226,LAWRENCE,90Z,F,41,M,H,PR
MSP - DFS,2019-0CX-001852,20190227,WESTBOROUGH,90Z,W,21,M,H,BRA
MSP - DFS,2019-0F1-009159,20190227,BOSTON,90Z,M,27,M,U,JO
MSP - DFS,2019-0A3-001990,20190227,LITTLETON,MV,M,32,M,H,BRA
MSP - DFS,2019-0A1-002895,20190227,WILMINGTON,MV,M,32,M,H,DR
MSP - DFS,2019-0A3-001990,20190227,LITTLETON,MV,M,32,M,H,BRA
MSP - DFS,2019-0A3-001990,20190227,LITTLETON,MV,O,32,M,H,BRA
MSP - DFS,2019-0A1-002898,20190227,MALDEN,90Z,W,38,M,H,CB
MSP - DFS,2019-0C2-001620,20190227,UXBRIDGE,90D,M,39,M,W,U
MSP - DFS,2019-0H6-001429,20190227,BOSTON,MV,M,39,M,W,BRA
MSP - DFS,2019-0H6-001429,20190227,BOSTON,MV,M,39,M,W,BRA
MSP - DFS,2019-0C2-001620,20190227,UXBRIDGE,MV,,39,M,W,U
MSP - DFS,2019-0H6-001429,20190227,BOSTON,MV,O,39,M,W,BRA
MSP - DFS,2019-0D4-001240,20190227,BROCKTON,90Z,W,41,M,B,HT
MSP - DFS,2019-0D4-001240,20190227,BROCKTON,90Z,W,41,M,B,HT
MSP - DFS,2019-0F1-009152,20190227,BOSTON,90Z,W,55,M,W,IRE
MSP - DFS,2019-0C3-001337,20190228,WORCESTER,90Z,W,22,M,H,PR
MSP - DFS,2019-0C2-001653,20190228,MILLBURY,90D,M,24,M,W,U
MSP - DFS,2019-0C5-000859,20190228,STURBRIDGE,MV,M,25,M,H,PR
MSP - DFS,2019-0C2-001679,20190228,BELLINGHAM,90D,M,32,M,H,DR
MSP - DFS,2019-0C2-001679,20190228,BELLINGHAM,MV,M,32,M,H,DR
MSP - DFS,2019-0C2-001679,20190228,BELLINGHAM,MV,M,32,M,H,DR
MSP - DFS,2019-0C2-001679,20190228,BELLINGHAM,MV,M,32,M,H,DR
MSP - DFS,2019-0F1-009274,20190228,BOSTON,90,M,41,M,J,IR
MSP - DFS,2019-0F1-009274,20190228,BOSTON,23A-23B,F,41,M,J,IR
MSP - DFS,2019-0B3-001315,20190228,CHICOPEE,90D,M,46,M,B,JM
MSP - DFS,2019-0B3-001315,20190228,CHICOPEE,MV,M,46,M,B,JM
MSP - DFS,2019-0B3-001315,20190228,CHICOPEE,MV,M,46,M,B,JM
MSP - DFS,2019-0B3-001315,20190228,CHICOPEE,MV,M,46,M,B,JM
MSP - DFS,2019-0B3-001331,20190228,CHICOPEE,90Z,W,50,F,H,PR
MSP - DFS,2019-0A4-001857,20190228,MALDEN,90D,M,,M,H,BRA
MSP - DFS,2019-0A4-001857,20190228,MALDEN,MV,M,,M,H,BRA
MSP - DFS,2019-0A4-001857,20190228,MALDEN,MV,M,,M,H,BRA
MSP - DFS,2019-0D3-001738,20190301,FALL RIVER,90,M,23,F,I,AMI
MSP - DFS,2019-0D3-001738,20190301,FALL RIVER,13A,F,23,F,I,AMI
MSP - DFS,2019-0D3-001738,20190301,FALL RIVER,13A or 13B,M,23,F,I,AMI
MSP - DFS,2019-0D3-001738,20190301,FALL RIVER,13A-13C,M,23,F,I,AMI
MSP - DFS,2019-0D3-001738,20190301,FALL RIVER,"13C,90Z",M,23,F,I,AMI
MSP - DFS,2019-0D3-001738,20190301,FALL RIVER,MV,M,23,F,I,AMI
MSP - DFS,2019-0D3-001738,20190301,FALL RIVER,MV,M,23,F,I,AMI
MSP - DFS,2019-0D3-001738,20190301,FALL RIVER,MV,M,23,F,I,AMI
MSP - DFS,2019-0D3-001738,20190301,FALL RIVER,MV,M,23,F,I,AMI
MSP - DFS,2019-0D3-001738,20190301,FALL RIVER,MV,M,23,F,I,AMI
MSP - DFS,2019-0D3-001738,20190301,FALL RIVER,MV,M,23,F,I,AMI
MSP - DFS,2019-0D3-001744,20190301,NEW BEDFORD,MV,M,23,M,W,IRE
MSP - DFS,2019-0D3-001744,20190301,NEW BEDFORD,MV,M,23,M,W,IRE
MSP - DFS,2019-0D3-001744,20190301,NEW BEDFORD,MV,M,23,M,W,IRE
MSP - DFS,2019-0C2-001695,20190301,MILLBURY,90Z,,32,M,H,DR
MSP - DFS,2019-0H4-000996,20190301,BOSTON,90Z,W,36,M,O,PR
MSP - DFS,2019-0A6-001865,20190301,MELROSE,MV,M,44,M,B,BRA
MSP - DFS,2019-0A6-001865,20190301,MELROSE,MV,,44,M,B,BRA
MSP - DFS,2019-0B3-001353,20190301,CHICOPEE,90D,M,56,M,H,PR
MSP - DFS,2019-0B3-001353,20190301,CHICOPEE,MV,M,56,M,H,PR
MSP - DFS,2019-0A5-001511,20190302,LYNN,90Z,W,23,M,H,DR
MSP - DFS,2019-0A5-001511,20190302,LYNN,MV,M,23,M,H,DR
MSP - DFS,2019-0A5-001511,20190302,LYNN,MV,M,23,M,H,DR
MSP - DFS,2019-0C1-001149,20190302,PHILLIPSTON,90Z,W,28,M,H,DR
MSP - DFS,2019-0C1-001149,20190302,PHILLIPSTON,90Z,W,28,M,H,DR
MSP - DFS,2019-0C1-001149,20190302,PHILLIPSTON,90Z,W,28,M,H,DR
MSP - DFS,2019-0C1-001149,20190302,PHILLIPSTON,90Z,W,28,M,H,DR
MSP - DFS,2019-0A1-003040,20190302,ANDOVER,90Z,W,30,F,H,PR
MSP - DFS,2019-0A1-003040,20190302,ANDOVER,90Z,W,30,F,H,PR
MSP - DFS,2019-0C6-001572,20190302,AUBURN,90D,M,32,M,H,PR
MSP - DFS,2019-0C6-001572,20190302,AUBURN,MV,M,32,M,H,PR
MSP - DFS,2019-0C6-001572,20190302,AUBURN,MV,M,32,M,H,PR
MSP - DFS,2019-0H7-001246,20190302,MILTON,90Z,W,41,U,B,HT
MSP - DFS,2019-0H7-001246,20190302,MILTON,MV,M,41,U,B,HT
MSP - DFS,2019-0H7-001246,20190302,MILTON,MV,M,41,U,B,HT
MSP - DFS,2019-0B6-002136,20190303,HOLYOKE,90Z,W,21,F,H,PR
MSP - DFS,2019-0A5-001533,20190303,REVERE,MV,M,21,M,H,DR
MSP - DFS,2019-0A5-001533,20190303,REVERE,MV,M,21,M,H,DR
MSP - DFS,2019-0A5-001533,20190303,REVERE,MV,M,21,M,H,DR
MSP - DFS,2019-0A5-001533,20190303,REVERE,MV,M,21,M,H,DR
MSP - DFS,2019-0A5-001533,20190303,REVERE,MV,M,21,M,H,DR
MSP - DFS,2019-0H7-001248,20190303,CANTON,520,F,22,M,H,PR
MSP - DFS,2019-0H7-001248,20190303,CANTON,520,F,22,M,H,PR
MSP - DFS,2019-0H7-001248,20190303,CANTON,520,F,22,M,H,PR
MSP - DFS,2019-0H7-001248,20190303,CANTON,520,F,22,M,H,PR
MSP - DFS,2019-0H7-001248,20190303,CANTON,520,F,22,M,H,PR
MSP - DFS,2019-0H7-001248,20190303,CANTON,"520,35A",F,22,M,H,PR
MSP - DFS,2019-0H7-001248,20190303,CANTON,C90C,M,22,M,H,PR
MSP - DFS,2019-0A5-001534,20190303,REVERE,90Z,W,25,M,H,CB
MSP - DFS,2019-0CX-001995,20190303,CHARLTON,90Z,W,25,M,H,PR
MSP - DFS,2019-0CX-001995,20190303,CHARLTON,MV,M,25,M,H,PR
MSP - DFS,2019-0A5-001534,20190303,REVERE,MV,M,25,M,H,CB
MSP - DFS,2019-0H7-001256,20190303,BROCKTON,90Z,W,27,M,H,BRA
MSP - DFS,2019-0H7-001256,20190303,BROCKTON,90Z,W,27,M,H,BRA
MSP - DFS,2019-0H9-002085,20190303,BOSTON,240,M,28,M,W,IRE
MSP - DFS,2019-0H9-002085,20190303,BOSTON,"230,280,290,23H",F,28,M,W,IRE
MSP - DFS,2019-0C4-001036,20190303,FITCHBURG,MV,M,31,M,H,DR
MSP - DFS,2019-0C4-001036,20190303,FITCHBURG,MV,M,31,M,H,DR
MSP - DFS,2019-0C4-001036,20190303,FITCHBURG,MV,M,31,M,H,DR
MSP - DFS,2019-0C4-001036,20190303,FITCHBURG,MV,M,31,M,H,DR
MSP - DFS,2019-0C4-001036,20190303,FITCHBURG,MV,M,31,M,H,DR
MSP - DFS,2019-0C4-001036,20190303,FITCHBURG,MV,M,31,M,H,DR
MSP - DFS,2019-0C4-001036,20190303,FITCHBURG,MV,M,31,M,H,DR
MSP - DFS,2019-0F1-009743,20190303,BOSTON,90Z,M,32,M,W,PR
MSP - DFS,2019-0A1-003056,20190303,ANDOVER,90D,M,33,M,H,DR
MSP - DFS,2019-0A1-003056,20190303,ANDOVER,MV,M,33,M,H,DR
MSP - DFS,2019-0A1-003056,20190303,ANDOVER,MV,M,33,M,H,DR
MSP - DFS,2019-0A1-003056,20190303,ANDOVER,MV,M,33,M,H,DR
MSP - DFS,2019-0D5-000114,20190303,TISBURY,MV,M,43,U,W,BRA
MSP - DFS,2019-0D5-000114,20190303,TISBURY,MV,M,43,U,W,BRA
MSP - DFS,2019-0C2-001771,20190304,MILLBURY,90D,M,22,M,H,U
MSP - DFS,2019-0C2-001771,20190304,MILLBURY,90G,M,22,M,H,U
MSP - DFS,2019-0C2-001771,20190304,MILLBURY,MV,M,22,M,H,U
MSP - DFS,2019-0C2-001771,20190304,MILLBURY,MV,M,22,M,H,U
MSP - DFS,2019-0C4-001041,20190304,FITCHBURG,35A,F,33,M,H,PR
MSP - DFS,2019-0C4-001041,20190304,FITCHBURG,90Z,W,33,M,H,PR
MSP - DFS,2019-0A1-003131,20190304,LAWRENCE,35A,F,43,M,H,DR
MSP - DFS,2019-0A1-003131,20190304,LAWRENCE,MV,M,43,M,H,DR
MSP - DFS,2019-0A1-003131,20190304,LAWRENCE,MV,M,43,M,H,DR
MSP - DFS,2019-0A1-003131,20190304,LAWRENCE,MV,M,43,M,H,DR
MSP - DFS,2019-0A5-001590,20190305,REVERE,240,M,18,M,H,DR
MSP - DFS,2019-0A5-001590,20190305,REVERE,MV,M,18,M,H,DR
MSP - DFS,2019-0A5-001590,20190305,REVERE,MV,M,18,M,H,DR
MSP - DFS,2019-0A5-001590,20190305,REVERE,MV,M,18,M,H,DR
MSP - DFS,2019-0A5-001590,20190305,REVERE,MV,M,18,M,H,DR
MSP - DFS,2019-0A5-001590,20190305,REVERE,MV,M,18,M,H,DR
MSP - DFS,2019-0A5-001590,20190305,REVERE,MV,M,18,M,H,DR
MSP - DFS,2019-0A5-001590,20190305,REVERE,MV,M,18,M,H,DR
MSP - DFS,2019-0A5-001590,20190305,REVERE,MV,M,18,M,H,DR
MSP - DFS,2019-0A6-001991,20190305,BURLINGTON,90Z,W,20,M,B,HT
MSP - DFS,2019-0CX-002109,20190305,OXFORD,MV,M,26,M,W,BRA
MSP - DFS,2019-0A1-003189,20190305,LAWRENCE,35A,F,27,F,H,DR
MSP - DFS,2019-0A1-003189,20190305,LAWRENCE,35A,F,27,M,H,DR
MSP - DFS,2019-0A1-003189,20190305,LAWRENCE,35A,F,27,M,H,DR
MSP - DFS,2019-0A1-003189,20190305,LAWRENCE,90Z,F,27,M,H,DR
MSP - DFS,2019-0A1-003189,20190305,LAWRENCE,90Z,F,27,F,H,DR
MSP - DFS,2019-0H3-001801,20190305,CANTON,90D,M,27,M,W,EN
MSP - DFS,2019-0H3-001801,20190305,CANTON,MV,M,27,M,W,EN
MSP - DFS,2019-0H3-001801,20190305,CANTON,MV,M,27,M,W,EN
MSP - DFS,2019-0D7-001344,20190305,BOURNE,MV,M,28,M,W,U
MSP - DFS,2019-0D7-001344,20190305,BOURNE,MV,M,28,M,W,U
MSP - DFS,2019-0C4-001044,20190305,STERLING,90Z,W,29,M,H,PR
MSP - DFS,2019-0C4-001044,20190305,STERLING,MV,M,29,M,H,PR
MSP - DFS,2019-0C4-001044,20190305,STERLING,MV,M,29,M,H,PR
MSP - DFS,2019-0A1-003189,20190305,LAWRENCE,35A,F,30,M,H,DR
MSP - DFS,2019-0A1-003189,20190305,LAWRENCE,35A,F,30,M,H,DR
MSP - DFS,2019-0A1-003189,20190305,LAWRENCE,90Z,F,30,M,H,DR
MSP - DFS,2019-0CX-002111,20190305,WESTBOROUGH,MV,M,31,M,H,BRA
MSP - DFS,2019-0CX-002111,20190305,WESTBOROUGH,MV,M,31,M,H,BRA
MSP - DFS,2019-0A1-003189,20190305,LAWRENCE,35A,F,32,M,H,DR
MSP - DFS,2019-0A1-003189,20190305,LAWRENCE,35A,F,32,M,H,DR
MSP - DFS,2019-0A1-003189,20190305,LAWRENCE,35A,F,32,M,H,DR
MSP - DFS,2019-0A1-003189,20190305,LAWRENCE,35A,F,32,M,H,DR
MSP - DFS,2019-0A1-003189,20190305,LAWRENCE,35A,F,32,M,H,DR
MSP - DFS,2019-0A1-003189,20190305,LAWRENCE,90Z,F,32,M,H,DR
MSP - DFS,2019-0H7-001304,20190305,AVON,250,M,35,M,H,BRA
MSP - DFS,2019-0H7-001304,20190305,AVON,MV,M,35,M,H,BRA
MSP - DFS,2019-0H7-001304,20190305,AVON,MV,,35,M,H,BRA
MSP - DFS,2019-0B3-001419,20190305,SPRINGFIELD,35A,F,41,F,H,PR
MSP - DFS,2019-0B4-001205,20190305,PITTSFIELD,90Z,W,43,M,H,PR
MSP - DFS,2019-0B4-001205,20190305,PITTSFIELD,MV,M,43,M,H,PR
MSP - DFS,2019-0B4-001205,20190305,PITTSFIELD,MV,M,43,M,H,PR
MSP - DFS,2019-0B4-001205,20190305,PITTSFIELD,MV,M,43,M,H,PR
MSP - DFS,2019-0C6-001697,20190306,WORCESTER,90Z,W,21,M,H,DR
MSP - DFS,2019-0D3-001921,20190306,NEW BEDFORD,90Z,O,23,M,W,IRE
MSP - DFS,2019-0C2-001826,20190306,MILFORD,90Z,W,26,F,W,U
MSP - DFS,2019-0C2-001826,20190306,MILFORD,MV,M,26,F,W,U
MSP - DFS,2019-0A1-003237,20190306,LAWRENCE,90Z,W,27,M,H,DR
MSP - DFS,2019-0A1-003222,20190306,ANDOVER,90Z,W,30,F,H,PR
MSP - DFS,2019-0A2-001458,20190306,BOXFORD,90D,M,31,M,W,IRE
MSP - DFS,2019-0A2-001458,20190306,BOXFORD,MV,M,31,M,W,IRE
MSP - DFS,2019-0A2-001458,20190306,BOXFORD,MV,M,31,M,W,IRE
MSP - DFS,2019-0D3-001913,20190306,NEW BEDFORD,90Z,O,32,M,W,IRE
MSP - DFS,2019-0D3-001913,20190306,NEW BEDFORD,90Z,O,32,M,W,IRE
MSP - DFS,2019-0B3-001427,20190306,CHICOPEE,90Z,W,33,M,H,PR
MSP - DFS,2019-0H2-001783,20190306,WESTWOOD,90Z,W,38,M,B,U
MSP - DFS,2019-0H2-001783,20190306,WESTWOOD,MV,,38,M,B,U
MSP - DFS,2019-0H2-001783,20190306,WESTWOOD,MV,M,38,M,B,U
MSP - DFS,2019-0A1-003305,20190307,LAWRENCE,35A,F,23,M,H,PR
MSP - DFS,2019-0C5-000956,20190307,STURBRIDGE,MV,M,24,M,B,JM
MSP - DFS,2019-0C5-000956,20190307,STURBRIDGE,MV,M,24,M,B,JM
MSP - DFS,2019-0B2-001580,20190307,DEERFIELD,90Z,W,25,U,W,U
MSP - DFS,2019-0B8-001119,20190307,LUDLOW,90D,M,27,M,H,CB
MSP - DFS,2019-0B8-001119,20190307,LUDLOW,MV,M,27,M,H,CB
MSP - DFS,2019-0B8-001119,20190307,LUDLOW,MV,M,27,M,H,CB
MSP - DFS,2019-0B3-001446,20190307,CHICOPEE,35A,F,28,F,H,PR
MSP - DFS,2019-0B3-001446,20190307,CHICOPEE,35A,F,28,F,H,PR
MSP - DFS,2019-0B3-001446,20190307,CHICOPEE,35A,F,28,F,H,PR
MSP - DFS,2019-0B3-001446,20190307,CHICOPEE,90D,M,28,F,H,PR
MSP - DFS,2019-0B3-001446,20190307,CHICOPEE,MV,M,28,F,H,PR
MSP - DFS,2019-0B3-001446,20190307,CHICOPEE,MV,M,28,F,H,PR
MSP - DFS,2019-0A1-003304,20190307,LAWRENCE,240,M,29,M,H,DR
MSP - DFS,2019-0A1-003304,20190307,LAWRENCE,280,F,29,M,H,DR
MSP - DFS,2019-0A1-003304,20190307,LAWRENCE,MV,M,29,M,H,DR
MSP - DFS,2019-0C4-001099,20190307,MARLBOROUGH,90Z,W,34,M,H,PR
MSP - DFS,2019-0C4-001099,20190307,MARLBOROUGH,90Z,W,34,M,H,PR
MSP - DFS,2019-0C4-001099,20190307,MARLBOROUGH,90Z,W,34,M,H,PR
MSP - DFS,2019-0C2-001845,20190307,WORCESTER,90Z,W,37,M,W,BRA
MSP - DFS,2019-0B3-001453,20190307,SPRINGFIELD,90Z,W,38,M,H,PR
MSP - DFS,2019-0B3-001453,20190307,SPRINGFIELD,MV,M,38,M,H,PR
MSP - DFS,2019-0B3-001453,20190307,SPRINGFIELD,MV,M,38,M,H,PR
MSP - DFS,2019-0A3-002236,20190307,BURLINGTON,MV,M,41,M,O,LAOS
MSP - DFS,2019-0A3-002236,20190307,BURLINGTON,MV,M,41,M,O,LAOS
MSP - DFS,2019-0A6-002039,20190307,PEABODY,35A,F,46,M,B,U
MSP - DFS,2019-0A6-002039,20190307,PEABODY,90Z,W,46,M,B,U
MSP - DFS,2019-0A6-002039,20190307,PEABODY,MV,M,46,M,B,U
MSP - DFS,2019-0H2-001815,20190307,CANTON,90Z,W,47,M,B,U
MSP - DFS,2019-0H2-001815,20190307,CANTON,MV,O,47,M,B,U
MSP - DFS,2019-0D4-001441,20190308,BROCKTON,35A,F,19,M,W,GR
MSP - DFS,2019-0D4-001441,20190308,BROCKTON,MV,M,19,M,W,GR
MSP - DFS,2019-0D4-001441,20190308,BROCKTON,MV,M,19,M,W,GR
MSP - DFS,2019-0C2-001868,20190308,WESTBOROUGH,90Z,W,22,M,W,BRA
MSP - DFS,2019-0B3-001477,20190308,SPRINGFIELD,35A,F,23,M,H,PR
MSP - DFS,2019-0B3-001477,20190308,SPRINGFIELD,90Z,W,23,M,H,PR
MSP - DFS,2019-0B3-001477,20190308,SPRINGFIELD,MV,M,23,M,H,PR
MSP - DFS,2019-0B3-001477,20190308,SPRINGFIELD,MV,M,23,M,H,PR
MSP - DFS,2019-0A5-001639,20190308,CHELSEA,90D,M,38,M,W,BRA
MSP - DFS,2019-0A5-001639,20190308,CHELSEA,MV,M,38,M,W,BRA
MSP - DFS,2019-0A5-001639,20190308,CHELSEA,MV,M,38,M,W,BRA
MSP - DFS,2019-0A5-001639,20190308,CHELSEA,MV,M,38,M,W,BRA
MSP - DFS,2019-0H2-001829,20190308,NEEDHAM,90D,M,49,M,B,HT
MSP - DFS,2019-0H2-001829,20190308,NEEDHAM,90G,M,49,M,B,HT
MSP - DFS,2019-0H2-001829,20190308,NEEDHAM,MV,M,49,M,B,HT
MSP - DFS,2019-0H2-001829,20190308,NEEDHAM,MV,,49,M,B,HT
MSP - DFS,2019-0C6-001756,20190309,WORCESTER,90Z,W,25,F,H,PR
MSP - DFS,2019-0A2-001522,20190309,HAVERHILL,90D,M,41,M,W,GR
MSP - DFS,2019-0A2-001522,20190309,HAVERHILL,MV,M,41,M,W,GR
MSP - DFS,2019-0A2-001522,20190309,HAVERHILL,MV,M,41,M,W,GR
MSP - DFS,2019-0B3-001522,20190309,CHICOPEE,90D,M,50,M,H,HB
MSP - DFS,2019-0B3-001522,20190309,CHICOPEE,MV,M,50,M,H,HB
MSP - DFS,2019-0B3-001522,20190309,CHICOPEE,MV,M,50,M,H,HB
MSP - DFS,2019-0B3-001522,20190309,CHICOPEE,MV,M,50,M,H,HB
MSP - DFS,2019-0B8-001168,20190309,LUDLOW,90Z,W,54,M,H,PR
MSP - DFS,2019-0B8-001168,20190309,LUDLOW,90Z,W,54,M,H,PR
MSP - DFS,2019-0B8-001168,20190309,LUDLOW,90Z,W,54,M,H,PR
MSP - DFS,2019-0B8-001168,20190309,LUDLOW,90Z,W,54,M,H,PR
MSP - DFS,2019-0B8-001168,20190309,LUDLOW,MV,M,54,M,H,PR
MSP - DFS,2019-0H5-001883,20190309,BOSTON,90Z,W,58,M,W,BRA
MSP - DFS,2019-0A6-002133,20190310,BURLINGTON,90Z,M,21,F,H,BRA
MSP - DFS,2019-0A6-002133,20190310,BURLINGTON,MV,M,21,F,H,BRA
MSP - DFS,2019-0A6-002133,20190310,BURLINGTON,MV,M,21,F,H,BRA
MSP - DFS,2019-0A6-002133,20190310,BURLINGTON,MV,M,21,F,H,BRA
MSP - DFS,2019-0A6-002133,20190310,BURLINGTON,MV,M,21,F,H,BRA
MSP - DFS,2019-0A6-002133,20190310,BURLINGTON,MV,M,21,F,H,BRA
MSP - DFS,2019-0A6-002133,20190310,BURLINGTON,MV,M,21,F,H,BRA
MSP - DFS,2019-0H6-001679,20190310,BOSTON,90D,M,21,M,W,BRA
MSP - DFS,2019-0H6-001679,20190310,BOSTON,MV,M,21,M,W,BRA
MSP - DFS,2019-0H6-001679,20190310,BOSTON,MV,M,21,M,W,BRA
MSP - DFS,2019-0C6-001806,20190310,AUBURN,MV,M,35,M,H,PR
MSP - DFS,2019-0C6-001806,20190310,AUBURN,MV,M,35,M,H,PR
MSP - DFS,2019-0C6-001806,20190310,AUBURN,MV,M,35,M,H,PR
MSP - DFS,2019-0H8-001688,20190310,WAYLAND,90D,M,38,M,H,BRA
MSP - DFS,2019-0H8-001688,20190310,WAYLAND,90G,M,38,M,H,BRA
MSP - DFS,2019-0C4-001137,20190310,LEOMINSTER,90Z,W,38,F,H,PR
MSP - DFS,2019-0H8-001688,20190310,WAYLAND,MV,M,38,M,H,BRA
MSP - DFS,2019-0H8-001688,20190310,WAYLAND,MV,,38,M,H,BRA
MSP - DFS,2019-0H8-001688,20190310,WAYLAND,MV,M,38,M,H,BRA
MSP - DFS,2019-0H8-001688,20190310,WAYLAND,MV,,38,M,H,BRA
MSP - DFS,2019-0H8-001688,20190310,WAYLAND,MV,M,38,M,H,BRA
MSP - DFS,2019-0C6-001772,20190310,WORCESTER,90D,M,40,F,H,PR
MSP - DFS,2019-0C6-001772,20190310,WORCESTER,MV,M,40,F,H,PR
MSP - DFS,2019-0C6-001772,20190310,WORCESTER,MV,M,40,F,H,PR
MSP - DFS,2019-0CX-002319,20190310,MILLBURY,90D,M,56,M,W,U
MSP - DFS,2019-0CX-002319,20190310,MILLBURY,MV,M,56,M,W,U
MSP - DFS,2019-0CX-002319,20190310,MILLBURY,MV,M,56,M,W,U
MSP - DFS,2019-0CX-002319,20190310,MILLBURY,MV,M,56,M,W,U
MSP - DFS,2019-0CX-002319,20190310,MILLBURY,MV,M,56,M,W,U
MSP - DFS,2019-0CX-002319,20190310,MILLBURY,MV,M,56,M,W,U
MSP - DFS,2019-0CX-002319,20190310,MILLBURY,MV,M,56,M,W,U
MSP - DFS,2019-0D3-002008,20190310,FALL RIVER,90Z,W,63,M,W,PR
MSP - DFS,2019-0CX-002362,20190311,STURBRIDGE,90Z,M,22,M,H,HB
MSP - DFS,2019-0A4-002220,20190311,STONEHAM,MV,M,28,M,H,DR
MSP - DFS,2019-0A4-002220,20190311,STONEHAM,MV,M,28,M,H,DR
MSP - DFS,2019-0A4-002220,20190311,STONEHAM,MV,M,28,M,H,DR
MSP - DFS,2019-0C5-001014,20190311,STURBRIDGE,35A,F,30,M,H,PR
MSP - DFS,2019-0C5-001014,20190311,STURBRIDGE,90Z,F,38,M,H,DR
MSP - DFS,2019-0C5-001014,20190311,STURBRIDGE,MV,M,38,M,H,DR
MSP - DFS,2019-0C5-001014,20190311,STURBRIDGE,MV,M,38,M,H,DR
MSP - DFS,2019-0C5-001014,20190311,STURBRIDGE,MV,M,38,M,H,DR
MSP - DFS,2019-0H4-001156,20190311,BOSTON,90Z,W,39,M,B,HT
MSP - DFS,2019-0C6-001823,20190311,WORCESTER,90Z,W,44,M,H,PR
MSP - DFS,2019-0B3-001562,20190312,SPRINGFIELD,520,F,20,M,H,PR
MSP - DFS,2019-0B3-001562,20190312,SPRINGFIELD,520,F,20,M,H,PR
MSP - DFS,2019-0B3-001562,20190312,SPRINGFIELD,520,F,20,M,H,PR
MSP - DFS,2019-0B3-001562,20190312,SPRINGFIELD,520,F,20,M,H,PR
MSP - DFS,2019-0B3-001562,20190312,SPRINGFIELD,520,F,20,M,H,PR
MSP - DFS,2019-0B3-001562,20190312,SPRINGFIELD,35A,F,20,M,H,PR
MSP - DFS,2019-0B3-001562,20190312,SPRINGFIELD,35A,F,20,M,H,PR
MSP - DFS,2019-0B3-001562,20190312,SPRINGFIELD,MV,M,20,M,H,PR
MSP - DFS,2019-0CX-002396,20190312,STURBRIDGE,90Z,W,24,F,B,HT
MSP - DFS,2019-0CX-002396,20190312,STURBRIDGE,90Z,W,24,F,B,HT
MSP - DFS,2019-0A1-003555,20190312,ANDOVER,35A,F,24,M,H,DR
MSP - DFS,2019-0A1-003555,20190312,ANDOVER,90Z,F,24,M,H,DR
MSP - DFS,2019-0CX-002400,20190312,PALMER,90D,M,34,M,W,IRE
MSP - DFS,2019-0CX-002400,20190312,PALMER,90G,M,34,M,W,IRE
MSP - DFS,2019-0CX-002400,20190312,PALMER,MV,M,34,M,W,IRE
MSP - DFS,2019-0CX-002400,20190312,PALMER,MV,M,34,M,W,IRE
MSP - DFS,2019-0CX-002400,20190312,PALMER,MV,M,34,M,W,IRE
MSP - DFS,2019-0H9-002456,20190312,BOSTON,13A,F,35,F,W,EN
MSP - DFS,2019-0B3-001562,20190312,SPRINGFIELD,520,F,42,M,H,PR
MSP - DFS,2019-0B3-001562,20190312,SPRINGFIELD,520,F,42,M,H,PR
MSP - DFS,2019-0B3-001562,20190312,SPRINGFIELD,520,F,42,M,H,PR
MSP - DFS,2019-0B3-001562,20190312,SPRINGFIELD,520,F,42,M,H,PR
MSP - DFS,2019-0B3-001562,20190312,SPRINGFIELD,520,F,42,M,H,PR
MSP - DFS,2019-0B3-001562,20190312,SPRINGFIELD,35A,F,42,M,H,PR
MSP - DFS,2019-0B3-001562,20190312,SPRINGFIELD,35A,F,42,M,H,PR
MSP - DFS,2019-0B3-001562,20190312,SPRINGFIELD,90Z,W,42,M,H,PR
MSP - DFS,2019-0H2-001948,20190312,NEEDHAM,90Z,W,46,F,I,KOR
MSP - DFS,2019-0A5-001750,20190312,CHELSEA,MV,M,47,M,H,PR
MSP - DFS,2019-0A5-001750,20190312,CHELSEA,MV,M,47,M,H,PR
MSP - DFS,2019-0D2-001522,20190312,BARNSTABLE,90D,M,60,F,W,BRA
MSP - DFS,2019-0D2-001522,20190312,BARNSTABLE,MV,M,60,F,W,BRA
MSP - DFS,2019-0D2-001522,20190312,BARNSTABLE,MV,M,60,F,W,BRA
MSP - DFS,2019-0D2-001522,20190312,BARNSTABLE,MV,M,60,F,W,BRA
MSP - DFS,2019-0A5-001781,20190313,CHELSEA,MV,M,19,M,H,CB
MSP - DFS,2019-0H4-001172,20190313,BOSTON,90Z,W,29,M,H,PR
MSP - DFS,2019-0H4-001172,20190313,BOSTON,MV,M,29,M,H,PR
MSP - DFS,2019-0CX-002429,20190313,AUBURN,90Z,W,32,M,W,DR
MSP - DFS,2019-0CX-002429,20190313,AUBURN,MV,M,32,M,W,DR
MSP - DFS,2019-0C5-001050,20190313,OXFORD,90Z,W,34,M,W,PR
MSP - DFS,2019-0H6-001756,20190313,BOSTON,90Z,W,38,M,H,PR
MSP - DFS,2019-0A6-002274,20190313,LYNN,MV,M,52,M,W,IRE
MSP - DFS,2019-0A6-002274,20190313,LYNN,MV,M,52,M,W,IRE
MSP - DFS,2019-0A6-002274,20190313,LYNN,MV,M,52,M,W,IRE
MSP - DFS,2019-0C6-001897,20190314,WORCESTER,35A,F,26,M,H,DR
MSP - DFS,2019-0C6-001897,20190314,WORCESTER,35A,F,26,M,H,DR
MSP - DFS,2019-0C6-001897,20190314,WORCESTER,35A,F,26,M,H,DR
MSP - DFS,2019-0C6-001897,20190314,WORCESTER,90Z,F,26,M,H,DR
MSP - DFS,2019-0C6-001897,20190314,WORCESTER,35A,F,28,M,H,PR
MSP - DFS,2019-0C6-001897,20190314,WORCESTER,35A,F,28,M,H,PR
MSP - DFS,2019-0C6-001897,20190314,WORCESTER,35A,F,28,M,H,PR
MSP - DFS,2019-0C6-001897,20190314,WORCESTER,90Z,F,28,M,H,PR
MSP - DFS,2019-0B8-001264,20190314,CHICOPEE,MV,M,36,M,H,PR
MSP - DFS,2019-0B8-001264,20190314,CHICOPEE,MV,M,36,M,H,PR
MSP - DFS,2019-0H9-002518,20190314,BOSTON,90Z,W,43,F,W,BRA
MSP - DFS,2019-0H9-002518,20190314,BOSTON,90Z,W,43,F,W,BRA
MSP - DFS,2019-0B3-001600,20190314,SPRINGFIELD,90Z,W,48,M,H,PR
MSP - DFS,2019-0B3-001600,20190314,SPRINGFIELD,90Z,W,48,M,H,PR
MSP - DFS,2019-0B3-001600,20190314,SPRINGFIELD,90Z,W,48,M,H,PR
MSP - DFS,2019-0B3-001600,20190314,SPRINGFIELD,90Z,W,48,M,H,PR
MSP - DFS,2019-0B3-001600,20190314,SPRINGFIELD,MV,M,48,M,H,PR
MSP - DFS,2019-0D7-001528,20190315,BOURNE,35A,F,31,M,W,IRE
MSP - DFS,2019-0CX-002503,20190315,CHARLTON,MV,M,33,M,H,DR
MSP - DFS,2019-0CX-002503,20190315,CHARLTON,MV,M,33,M,H,DR
MSP - DFS,2019-0CX-002503,20190315,CHARLTON,MV,M,33,M,H,DR
MSP - DFS,2019-0A1-003681,20190315,ANDOVER,90D,M,40,F,W,LE
MSP - DFS,2019-0A1-003681,20190315,ANDOVER,MV,M,40,F,W,LE
MSP - DFS,2019-0A1-003681,20190315,ANDOVER,MV,M,40,F,W,LE
MSP - DFS,2019-0A1-003681,20190315,ANDOVER,MV,M,40,F,W,LE
MSP - DFS,2019-0A1-003681,20190315,ANDOVER,MV,M,40,F,W,LE
MSP - DFS,2019-0A3-002506,20190315,BURLINGTON,90Z,M,41,M,H,PR
MSP - DFS,2019-0A3-002506,20190315,BURLINGTON,90Z,F,41,M,H,PR
MSP - DFS,2019-0A3-002506,20190315,BURLINGTON,MV,M,41,M,H,PR
MSP - DFS,2019-0A3-002506,20190315,BURLINGTON,MV,M,41,M,H,PR
MSP - DFS,2019-0F1-011731,20190315,BOSTON,90Z,W,41,M,U,IR
MSP - DFS,2019-0C4-001246,20190315,HARVARD,MV,M,42,M,O,LAOS
MSP - DFS,2019-0C4-001246,20190315,HARVARD,MV,M,42,M,O,LAOS
MSP - DFS,2019-0C4-001246,20190315,HARVARD,MV,M,42,M,O,LAOS
MSP - DFS,2019-0A5-001837,20190315,MALDEN,90Z,W,44,M,B,HT
MSP - DFS,2019-0D4-001602,20190315,WAREHAM,35A,F,46,M,H,PR
MSP - DFS,2019-0H6-001794,20190315,BOSTON,90D,M,54,M,O,VM
MSP - DFS,2019-0H6-001794,20190315,BOSTON,MV,M,54,M,O,VM
MSP - DFS,2019-0H6-001794,20190315,BOSTON,MV,M,54,M,O,VM
MSP - DFS,2019-0F1-011623,20190315,BOSTON,90Z,M,61,M,W,ITAL
MSP - DFS,2019-0C6-001938,20190316,WORCESTER,35A,F,25,M,H,PR
MSP - DFS,2019-0C6-001938,20190316,WORCESTER,35A,F,25,M,H,PR
MSP - DFS,2019-0C6-001921,20190316,HOLDEN,90D,M,27,F,H,PR
MSP - DFS,2019-0C6-001919,20190316,WORCESTER,90D,M,32,M,H,PR
MSP - DFS,2019-0C6-001919,20190316,WORCESTER,MV,M,32,M,H,PR
MSP - DFS,2019-0H8-001884,20190317,FRAMINGHAM,90Z,W,19,F,W,PR
MSP - DFS,2019-0H8-001884,20190317,FRAMINGHAM,90Z,O,19,F,W,PR
MSP - DFS,2019-0H8-001884,20190317,FRAMINGHAM,MV,M,19,F,W,PR
MSP - DFS,2019-0C2-002096,20190317,MILLBURY,90D,M,24,M,W,U
MSP - DFS,2019-0C2-002096,20190317,MILLBURY,MV,M,24,M,W,U
MSP - DFS,2019-0D2-001596,20190317,EASTHAM,MV,M,28,M,B,JM
MSP - DFS,2019-0D2-001596,20190317,EASTHAM,MV,M,28,M,B,JM
MSP - DFS,2019-0D2-001596,20190317,EASTHAM,MV,M,28,M,B,JM
MSP - DFS,2019-0C4-001269,20190317,LANCASTER,90D,M,28,M,H,PR
MSP - DFS,2019-0C4-001269,20190317,LANCASTER,90D,M,28,M,H,PR
MSP - DFS,2019-0C6-001952,20190317,WORCESTER,90D,M,29,M,H,PR
MSP - DFS,2019-0C6-001952,20190317,WORCESTER,MV,M,29,M,H,PR
MSP - DFS,2019-0C4-001280,20190317,FITCHBURG,90Z,F,30,M,H,PR
MSP - DFS,2019-0C5-001102,20190317,STURBRIDGE,MV,M,36,U,U,U
MSP - DFS,2019-0C5-001102,20190317,STURBRIDGE,MV,M,36,U,U,U
MSP - DFS,2019-0C5-001102,20190317,STURBRIDGE,MV,M,36,U,U,U
MSP - DFS,2019-0C4-001274,20190317,FITCHBURG,90D,M,41,F,H,PR
MSP - DFS,2019-0C4-001274,20190317,FITCHBURG,MV,M,41,F,H,PR
MSP - DFS,2019-0CX-002586,20190317,AUBURN,MV,M,45,M,H,PR
MSP - DFS,2019-0CX-002586,20190317,AUBURN,MV,M,45,M,H,PR
MSP - DFS,2019-0B4-001440,20190318,PITTSFIELD,90D,M,28,M,H,PR
MSP - DFS,2019-0B4-001440,20190318,PITTSFIELD,90G,M,28,M,H,PR
MSP - DFS,2019-0B4-001440,20190318,PITTSFIELD,MV,M,28,M,H,PR
MSP - DFS,2019-0B4-001440,20190318,PITTSFIELD,MV,M,28,M,H,PR
MSP - DFS,2019-0A6-002438,20190318,BEVERLY,90Z,M,29,F,W,P
MSP - DFS,2019-0A5-001916,20190318,SAUGUS,35A,F,35,M,H,DR
MSP - DFS,2019-0A5-001916,20190318,SAUGUS,35A,F,35,M,H,DR
MSP - DFS,2019-0A5-001916,20190318,SAUGUS,MV,M,35,M,H,DR
MSP - DFS,2019-0A5-001916,20190318,SAUGUS,MV,M,35,M,H,DR
MSP - DFS,2019-0A5-001916,20190318,SAUGUS,MV,M,35,M,H,DR
MSP - DFS,2019-0A1-003839,20190318,LAWRENCE,26A,M,36,M,H,DR
MSP - DFS,2019-0A1-003839,20190318,LAWRENCE,90Z,W,36,M,H,DR
MSP - DFS,2019-0A1-003839,20190318,LAWRENCE,90Z,W,36,M,H,DR
MSP - DFS,2019-0A1-003839,20190318,LAWRENCE,90Z,W,36,M,H,DR
MSP - DFS,2019-0A1-003839,20190318,LAWRENCE,MV,M,36,M,H,DR
MSP - DFS,2019-0A1-003839,20190318,LAWRENCE,MV,M,36,M,H,DR
MSP - DFS,2019-0A1-003839,20190318,LAWRENCE,MV,M,36,M,H,DR
MSP - DFS,2019-0F1-012225,20190318,BOSTON,90Z,,44,M,W,BRA
MSP - DFS,2019-0A5-001915,20190318,LYNN,35A,F,51,M,H,PR
MSP - DFS,2019-0A5-001915,20190318,LYNN,MV,M,51,M,H,PR
MSP - DFS,2019-0H3-002081,20190318,ATTLEBORO,MV,M,51,M,W,IRE
MSP - DFS,2019-0H3-002081,20190318,ATTLEBORO,MV,M,51,M,W,IRE
MSP - DFS,2019-0H3-002081,20190318,ATTLEBORO,MV,M,51,M,W,IRE
MSP - DFS,2019-0H9-002692,20190318,BOSTON,35A,F,60,F,H,DR
MSP - DFS,2019-0H9-002692,20190318,BOSTON,35A,F,60,F,H,DR
MSP - DFS,2019-0H9-002692,20190318,BOSTON,35A,F,60,F,H,DR
MSP - DFS,2019-0H9-002692,20190318,BOSTON,35A,F,60,F,H,DR
MSP - DFS,2019-0H9-002692,20190318,BOSTON,35A,F,60,F,H,DR
MSP - DFS,2019-0H9-002692,20190318,BOSTON,35A,F,60,F,H,DR
MSP - DFS,2019-0H9-002692,20190318,BOSTON,35A,F,60,F,H,DR
MSP - DFS,2019-0H9-002692,20190318,BOSTON,MV,M,60,F,H,DR
MSP - DFS,2019-0D3-002252,20190319,DARTMOUTH,35A,F,30,M,H,PR
MSP - DFS,2019-0H9-002735,20190319,BOSTON,250,O,39,M,W,P
MSP - DFS,2019-0H9-002735,20190319,BOSTON,35A,F,39,M,W,P
MSP - DFS,2019-0H9-002735,20190319,BOSTON,35A,F,39,M,W,P
MSP - DFS,2019-0H9-002735,20190319,BOSTON,35A,F,39,M,W,P
MSP - DFS,2019-0H9-002735,20190319,BOSTON,35A,F,39,M,W,P
MSP - DFS,2019-0H9-002735,20190319,BOSTON,90D,M,39,M,W,P
MSP - DFS,2019-0H9-002735,20190319,BOSTON,90Z,F,39,M,W,P
MSP - DFS,2019-0A3-002681,20190320,BURLINGTON,90Z,W,25,F,W,IRE
MSP - DFS,2019-0H2-002138,20190320,DEDHAM,90Z,W,29,M,H,DR
MSP - DFS,2019-0H2-002138,20190320,DEDHAM,MV,M,29,M,H,DR
MSP - DFS,2019-0D1-001370,20190320,DUXBURY,MV,M,39,M,H,BRA
MSP - DFS,2019-0D1-001370,20190320,DUXBURY,MV,M,39,M,H,BRA
MSP - DFS,2019-0D1-001370,20190320,DUXBURY,MV,M,39,M,H,BRA
MSP - DFS,2019-0D1-001370,20190320,DUXBURY,MV,M,39,M,H,BRA
MSP - DFS,2019-0H5-002010,20190320,BOSTON,90Z,W,42,M,W,BRA
MSP - DFS,2019-0H5-002010,20190320,BOSTON,MV,M,42,M,W,BRA
MSP - DFS,2019-0H5-002010,20190320,BOSTON,MV,M,42,M,W,BRA
MSP - DFS,2019-0H5-002010,20190320,BOSTON,MV,M,42,M,W,BRA
MSP - DFS,2019-0A1-003999,20190320,LOWELL,90Z,W,49,M,H,PR
MSP - DFS,2019-0D7-001614,20190320,BOURNE,90D,F,56,M,W,IRE
MSP - DFS,2019-0D7-001614,20190320,BOURNE,MV,M,56,M,W,IRE
MSP - DFS,2019-0D7-001614,20190320,BOURNE,MV,M,56,M,W,IRE
MSP - DFS,2019-0B3-001735,20190321,SPRINGFIELD,90D,M,20,M,H,PR
MSP - DFS,2019-0B3-001735,20190321,SPRINGFIELD,90D,M,20,M,H,PR
MSP - DFS,2019-0B3-001735,20190321,SPRINGFIELD,90G,M,20,M,H,PR
MSP - DFS,2019-0B3-001735,20190321,SPRINGFIELD,MV,M,20,M,H,PR
MSP - DFS,2019-0B3-001735,20190321,SPRINGFIELD,MV,M,20,M,H,PR
MSP - DFS,2019-0B3-001735,20190321,SPRINGFIELD,MV,M,20,M,H,PR
MSP - DFS,2019-0A6-002516,20190321,PEABODY,90D,M,35,U,H,BRA
MSP - DFS,2019-0A6-002516,20190321,PEABODY,MV,M,35,U,H,BRA
MSP - DFS,2019-0A6-002516,20190321,PEABODY,MV,M,35,U,H,BRA
MSP - DFS,2019-0C4-001358,20190321,LEOMINSTER,90Z,W,35,F,W,BRA
MSP - DFS,2019-0B8-001373,20190321,WESTFIELD,90Z,W,43,M,H,PR
MSP - DFS,2019-0A1-004006,20190321,ANDOVER,90D,M,50,F,W,CC
MSP - DFS,2019-0A1-004006,20190321,ANDOVER,MV,M,50,F,W,CC
MSP - DFS,2019-0A1-004006,20190321,ANDOVER,MV,M,50,F,W,CC
MSP - DFS,2019-0A1-004037,20190321,LAWRENCE,90Z,W,51,M,H,DR
MSP - DFS,2019-0H4-001285,20190321,BOSTON,90Z,W,54,F,H,DR
MSP - DFS,2019-0H2-002179,20190321,NEWTON,90Z,W,59,M,H,CB
MSP - DFS,2019-0H2-002179,20190321,NEWTON,MV,M,59,M,H,CB
MSP - DFS,2019-0B3-001778,20190322,SPRINGFIELD,370,F,25,M,H,PR
MSP - DFS,2019-0B3-001778,20190322,SPRINGFIELD,370,F,25,M,H,PR
MSP - DFS,2019-0B3-001778,20190322,SPRINGFIELD,370,F,25,M,H,PR
MSP - DFS,2019-0B3-001778,20190322,SPRINGFIELD,370,F,25,M,H,PR
MSP - DFS,2019-0B3-001778,20190322,SPRINGFIELD,370,F,25,M,H,PR
MSP - DFS,2019-0B3-001778,20190322,SPRINGFIELD,370,F,25,M,H,PR
MSP - DFS,2019-0B3-001778,20190322,SPRINGFIELD,370,F,25,M,H,PR
MSP - DFS,2019-0B3-001778,20190322,SPRINGFIELD,370,F,25,M,H,PR
MSP - DFS,2019-0B3-001778,20190322,SPRINGFIELD,370,F,25,M,H,PR
MSP - DFS,2019-0B3-001778,20190322,SPRINGFIELD,370,F,25,M,H,PR
MSP - DFS,2019-0B3-001778,20190322,SPRINGFIELD,370,F,25,M,H,PR
MSP - DFS,2019-0B3-001778,20190322,SPRINGFIELD,370,F,25,M,H,PR
MSP - DFS,2019-0B3-001778,20190322,SPRINGFIELD,13A,F,25,M,H,PR
MSP - DFS,2019-0B3-001778,20190322,SPRINGFIELD,13A,F,25,M,H,PR
MSP - DFS,2019-0B3-001769,20190322,CHICOPEE,90Z,W,28,M,B,PR
MSP - DFS,2019-0B3-001769,20190322,CHICOPEE,90Z,W,28,M,B,PR
MSP - DFS,2019-0H7-001612,20190322,CANTON,250,F,34,M,W,P
MSP - DFS,2019-0H7-001612,20190322,CANTON,520,F,34,M,W,P
MSP - DFS,2019-0H7-001612,20190322,CANTON,520,F,34,M,W,P
MSP - DFS,2019-0H7-001612,20190322,CANTON,520,F,34,M,W,P
MSP - DFS,2019-0H7-001612,20190322,CANTON,520,F,34,M,W,P
MSP - DFS,2019-0H7-001612,20190322,CANTON,520,F,34,M,W,P
MSP - DFS,2019-0H7-001612,20190322,CANTON,35A,F,34,M,W,P
MSP - DFS,2019-0B3-001789,20190322,AGAWAM,90D,F,44,M,O,VM
MSP - DFS,2019-0B3-001789,20190322,AGAWAM,MV,M,44,M,O,VM
MSP - DFS,2019-0H9-002876,20190323,BOSTON,MV,M,20,M,W,BRA
MSP - DFS,2019-0H9-002876,20190323,BOSTON,MV,M,20,M,W,BRA
MSP - DFS,2019-0C4-001387,20190323,FITCHBURG,90Z,W,26,M,H,PR
MSP - DFS,2019-0D6-000185,20190323,NANTUCKET,MV,M,33,M,B,JM
MSP - DFS,2019-0D6-000185,20190323,NANTUCKET,MV,M,33,M,B,JM
MSP - DFS,2019-0H4-001322,20190323,BOSTON,90D,M,33,M,H,MM
MSP - DFS,2019-0H4-001322,20190323,BOSTON,90Z,W,33,M,H,MM
MSP - DFS,2019-0H4-001322,20190323,BOSTON,MV,M,33,M,H,MM
MSP - DFS,2019-0H4-001322,20190323,BOSTON,MV,M,33,M,H,MM
MSP - DFS,2019-0A4-002619,20190323,EVERETT,90D,M,39,M,H,HB
MSP - DFS,2019-0A4-002619,20190323,EVERETT,MV,M,39,M,H,HB
MSP - DFS,2019-0D7-001668,20190323,PLYMOUTH,MV,M,48,M,W,AMI
MSP - DFS,2019-0D7-001668,20190323,PLYMOUTH,MV,M,48,M,W,AMI
MSP - DFS,2019-0A4-002645,20190324,STONEHAM,90D,M,28,F,O,CB
MSP - DFS,2019-0A4-002645,20190324,STONEHAM,MV,M,28,F,O,CB
MSP - DFS,2019-0D4-001789,20190324,TAUNTON,90Z,W,33,M,B,PR
MSP - DFS,2019-0A3-002814,20190324,CHELMSFORD,90D,M,35,M,H,MM
MSP - DFS,2019-0A3-002814,20190324,CHELMSFORD,MV,M,35,M,H,MM
MSP - DFS,2019-0A3-002814,20190324,CHELMSFORD,MV,M,35,M,H,MM
MSP - DFS,2019-0A3-002814,20190324,CHELMSFORD,MV,M,35,M,H,MM
MSP - DFS,2019-0H9-002907,20190324,BOSTON,90D,M,37,M,B,HT
MSP - DFS,2019-0H9-002907,20190324,BOSTON,MV,M,37,M,B,HT
MSP - DFS,2019-0D4-001790,20190324,TAUNTON,35A,F,37,M,H,DR
MSP - DFS,2019-0D4-001790,20190324,TAUNTON,35A,F,37,M,H,DR
MSP - DFS,2019-0C6-002128,20190324,WORCESTER,90Z,W,38,M,H,PR
MSP - DFS,2019-0C6-002128,20190324,WORCESTER,90Z,W,38,M,H,PR
MSP - DFS,2019-0C6-002128,20190324,WORCESTER,MV,M,38,M,H,PR
MSP - DFS,2019-0C6-002128,20190324,WORCESTER,MV,M,38,M,H,PR
MSP - DFS,2019-0C6-002128,20190324,WORCESTER,MV,M,38,M,H,PR
MSP - DFS,2019-0C6-002128,20190324,WORCESTER,MV,M,38,M,H,PR
MSP - DFS,2019-0H6-002018,20190324,BOSTON,90D,M,40,M,O,VM
MSP - DFS,2019-0H6-002018,20190324,BOSTON,90Z,O,40,M,O,VM
MSP - DFS,2019-0H6-002018,20190324,BOSTON,MV,M,40,M,O,VM
MSP - DFS,2019-0H6-002018,20190324,BOSTON,MV,M,40,M,O,VM
MSP - DFS,2019-0H6-002018,20190324,BOSTON,MV,M,40,M,O,VM
MSP - DFS,2019-0H4-001341,20190324,BOSTON,90D,M,42,M,H,DR
MSP - DFS,2019-0H4-001341,20190324,BOSTON,90D,M,42,M,H,DR
MSP - DFS,2019-0H4-001341,20190324,BOSTON,MV,M,42,M,H,DR
MSP - DFS,2019-0H4-001341,20190324,BOSTON,MV,M,42,M,H,DR
MSP - DFS,2019-0B1-001342,20190325,RICHMOND,MV,M,24,M,W,U
MSP - DFS,2019-0B1-001342,20190325,RICHMOND,MV,M,24,M,W,U
MSP - DFS,2019-0H2-002279,20190325,DEDHAM,35A,F,28,M,B,U
MSP - DFS,2019-0H2-002279,20190325,DEDHAM,MV,M,28,M,B,U
MSP - DFS,2019-0H2-002279,20190325,DEDHAM,MV,O,28,M,B,U
MSP - DFS,2019-0B3-001827,20190325,SPRINGFIELD,90Z,W,32,M,H,PR
MSP - DFS,2019-0B3-001827,20190325,SPRINGFIELD,MV,M,32,M,H,PR
MSP - DFS,2019-0B3-001827,20190325,SPRINGFIELD,MV,M,32,M,H,PR
MSP - DFS,2019-0H9-002944,20190325,CHELSEA,MV,M,43,U,H,CB
MSP - DFS,2019-0H6-002032,20190325,BOSTON,90Z,W,50,M,H,PR
MSP - DFS,2019-0A4-002704,20190326,EVERETT,90D,M,23,M,W,BRA
MSP - DFS,2019-0A4-002704,20190326,EVERETT,90G,M,23,M,W,BRA
MSP - DFS,2019-0A4-002704,20190326,EVERETT,MV,M,23,M,W,BRA
MSP - DFS,2019-0A4-002704,20190326,EVERETT,MV,M,23,M,W,BRA
MSP - DFS,2019-0A4-002704,20190326,EVERETT,MV,O,23,M,W,BRA
MSP - DFS,2019-0A1-004287,20190326,LAWRENCE,90D,M,24,M,H,DR
MSP - DFS,2019-0A1-004287,20190326,LAWRENCE,MV,M,24,M,H,DR
MSP - DFS,2019-0A1-004287,20190326,LAWRENCE,MV,M,24,M,H,DR
MSP - DFS,2019-0D4-001834,20190326,BROCKTON,MV,M,28,M,B,U
MSP - DFS,2019-0D4-001834,20190326,BROCKTON,MV,M,28,M,B,U
MSP - DFS,2019-0D4-001834,20190326,BROCKTON,MV,M,28,M,B,U
MSP - DFS,2019-0D4-001834,20190326,BROCKTON,MV,M,28,M,B,U
MSP - DFS,2019-0D4-001834,20190326,BROCKTON,MV,M,28,M,B,U
MSP - DFS,2019-0D4-001835,20190326,BROCKTON,26A,M,28,M,H,DR
MSP - DFS,2019-0D4-001835,20190326,BROCKTON,90Z,W,28,M,H,DR
MSP - DFS,2019-0D4-001835,20190326,BROCKTON,MV,M,28,M,H,DR
MSP - DFS,2019-0D4-001835,20190326,BROCKTON,MV,M,28,M,H,DR
MSP - DFS,2019-0D4-001835,20190326,BROCKTON,MV,M,28,M,H,DR
MSP - DFS,2019-0D4-001835,20190326,BROCKTON,MV,M,28,M,H,DR
MSP - DFS,2019-0D4-001835,20190326,BROCKTON,MV,M,28,M,H,DR
MSP - DFS,2019-0C4-001425,20190326,FITCHBURG,90Z,W,31,F,H,MM
MSP - DFS,2019-0CX-002870,20190326,MILLBURY,90D,M,37,M,B,HT
MSP - DFS,2019-0CX-002870,20190326,MILLBURY,MV,M,37,M,B,HT
MSP - DFS,2019-0CX-002870,20190326,MILLBURY,MV,M,37,M,B,HT
MSP - DFS,2019-0CX-002870,20190326,MILLBURY,MV,M,37,M,B,HT
MSP - DFS,2019-0H7-001695,20190327,NORWOOD,35A,F,23,M,O,VM
MSP - DFS,2019-0H7-001695,20190327,NORWOOD,35A,F,23,M,O,VM
MSP - DFS,2019-0H7-001695,20190327,NORWOOD,35A,F,23,M,O,VM
MSP - DFS,2019-0H7-001695,20190327,NORWOOD,35A,F,23,M,O,VM
MSP - DFS,2019-0A1-004385,20190327,ANDOVER,250,M,29,M,H,DR
MSP - DFS,2019-0A1-004385,20190327,ANDOVER,250,M,29,M,H,DR
MSP - DFS,2019-0A1-004385,20190327,ANDOVER,250,F,29,M,H,DR
MSP - DFS,2019-0A1-004385,20190327,ANDOVER,250,M,29,M,H,DR
MSP - DFS,2019-0A1-004385,20190327,ANDOVER,26A,M,29,M,H,DR
MSP - DFS,2019-0A1-004385,20190327,ANDOVER,26C,M,29,M,H,DR
MSP - DFS,2019-0A1-004385,20190327,ANDOVER,26C,M,29,M,H,DR
MSP - DFS,2019-0A1-004385,20190327,ANDOVER,MV,M,29,M,H,DR
MSP - DFS,2019-0A1-004385,20190327,ANDOVER,MV,M,29,M,H,DR
MSP - DFS,2019-0A1-004385,20190327,ANDOVER,MV,O,29,M,H,DR
MSP - DFS,2019-0C2-002373,20190327,SOUTHBOROUGH,90Z,W,32,M,H,PR
MSP - DFS,2019-0H6-002090,20190327,BOSTON,90Z,W,38,M,W,ITAL
MSP - DFS,2019-0H6-002090,20190327,BOSTON,MV,M,38,M,W,ITAL
MSP - DFS,2019-0A5-002156,20190327,SAUGUS,MV,M,42,M,W,BRA
MSP - DFS,2019-0A5-002156,20190327,SAUGUS,MV,M,42,M,W,BRA
MSP - DFS,2019-0A5-002156,20190327,SAUGUS,MV,M,42,M,W,BRA
MSP - DFS,2019-0A5-002156,20190327,SAUGUS,MV,,42,M,W,BRA
MSP - DFS,2019-0A5-002156,20190327,SAUGUS,MV,M,42,M,W,BRA
MSP - DFS,2019-0A6-002726,20190327,PEABODY,90D,M,60,M,O,KOR
MSP - DFS,2019-0A6-002726,20190327,PEABODY,MV,M,60,M,O,KOR
MSP - DFS,2019-0A6-002726,20190327,PEABODY,MV,M,60,M,O,KOR
MSP - DFS,2019-0A6-002726,20190327,PEABODY,MV,M,60,M,O,KOR
MSP - DFS,2019-0C4-001447,20190328,LEOMINSTER,90Z,M,25,M,H,PR
MSP - DFS,2019-0C5-001216,20190328,STURBRIDGE,90Z,W,28,M,H,DR
MSP - DFS,2019-0C5-001216,20190328,STURBRIDGE,MV,M,28,M,H,DR
MSP - DFS,2019-0C5-001216,20190328,STURBRIDGE,MV,M,28,M,H,DR
MSP - DFS,2019-0C5-001217,20190328,STURBRIDGE,520,F,30,M,B,JM
MSP - DFS,2019-0C5-001217,20190328,STURBRIDGE,520,F,30,M,B,JM
MSP - DFS,2019-0C5-001217,20190328,STURBRIDGE,520,F,30,M,B,JM
MSP - DFS,2019-0C5-001217,20190328,STURBRIDGE,520,F,30,M,B,JM
MSP - DFS,2019-0C5-001217,20190328,STURBRIDGE,520,F,30,M,B,JM
MSP - DFS,2019-0C5-001217,20190328,STURBRIDGE,MV,M,30,M,B,JM
MSP - DFS,2019-0C5-001217,20190328,STURBRIDGE,MV,M,30,M,B,JM
MSP - DFS,2019-0C3-002024,20190328,LEICESTER,90Z,W,40,M,H,PR
MSP - DFS,2019-0F1-013850,20190328,BOSTON,13A-13B,F,40,M,W,IRE
MSP - DFS,2019-0F1-013850,20190328,BOSTON,90Z,W,40,M,W,IRE
MSP - DFS,2019-0F1-013850,20190328,BOSTON,90Z,W,40,M,W,IRE
MSP - DFS,2019-0F1-013850,20190328,BOSTON,C90C,M,40,M,W,IRE
MSP - DFS,2019-0C6-002223,20190328,SHREWSBURY,90D,M,54,M,H,PR
MSP - DFS,2019-0C6-002223,20190328,SHREWSBURY,90D,M,54,M,H,PR
MSP - DFS,2019-0C6-002223,20190328,SHREWSBURY,MV,M,54,M,H,PR
MSP - DFS,2019-0C6-002223,20190328,SHREWSBURY,MV,M,54,M,H,PR
MSP - DFS,2019-0C6-002223,20190328,SHREWSBURY,MV,M,54,M,H,PR
MSP - DFS,2019-0C6-002223,20190328,SHREWSBURY,MV,M,54,M,H,PR
MSP - DFS,2019-0C4-001487,20190329,LEOMINSTER,90Z,W,25,M,H,PR
MSP - DFS,2019-0C4-001487,20190329,LEOMINSTER,90Z,W,25,M,H,PR
MSP - DFS,2019-0A4-002836,20190329,STONEHAM,90Z,W,28,F,W,GR
MSP - DFS,2019-0A4-002836,20190329,STONEHAM,MV,M,28,F,W,GR
MSP - DFS,2019-0H6-002152,20190329,BOSTON,90D,M,30,M,O,VM
MSP - DFS,2019-0H2-002388,20190329,NEEDHAM,90Z,W,30,M,O,CA
MSP - DFS,2019-0H2-002388,20190329,NEEDHAM,90Z,W,30,M,O,CA
MSP - DFS,2019-0H6-002152,20190329,BOSTON,MV,M,30,M,O,VM
MSP - DFS,2019-0H6-002152,20190329,BOSTON,MV,M,30,M,O,VM
MSP - DFS,2019-0C6-002250,20190329,STERLING,90Z,W,30,F,H,PR
MSP - DFS,2019-0A4-002802,20190329,WOBURN,MV,M,33,M,H,BRA
MSP - DFS,2019-0A4-002802,20190329,WOBURN,MV,M,33,M,H,BRA
MSP - DFS,2019-0A4-002802,20190329,WOBURN,MV,M,33,M,H,BRA
MSP - DFS,2019-0B3-001900,20190329,SPRINGFIELD,90D,M,35,M,H,MM
MSP - DFS,2019-0B3-001900,20190329,SPRINGFIELD,90G,M,35,M,H,MM
MSP - DFS,2019-0B3-001900,20190329,SPRINGFIELD,90Z,O,35,M,H,MM
MSP - DFS,2019-0B3-001900,20190329,SPRINGFIELD,MV,M,35,M,H,MM
MSP - DFS,2019-0B3-001900,20190329,SPRINGFIELD,MV,M,35,M,H,MM
MSP - DFS,2019-0B3-001900,20190329,SPRINGFIELD,MV,M,35,M,H,MM
MSP - DFS,2019-0B3-001900,20190329,SPRINGFIELD,MV,M,35,M,H,MM
MSP - DFS,2019-0B3-001900,20190329,SPRINGFIELD,MV,M,35,M,H,MM
MSP - DFS,2019-0A5-002234,20190329,REVERE,35A,F,39,M,W,U
MSP - DFS,2019-0A5-002234,20190329,REVERE,90D,M,39,M,W,U
MSP - DFS,2019-0C1-001620,20190329,WESTMINSTER,35A,F,48,M,W,P
MSP - DFS,2019-0C1-001620,20190329,WESTMINSTER,35A,F,48,M,W,P
MSP - DFS,2019-0C1-001620,20190329,WESTMINSTER,90G,M,48,M,W,P
MSP - DFS,2019-0C1-001620,20190329,WESTMINSTER,MV,M,48,M,W,P
MSP - DFS,2019-0A4-002810,20190329,MEDFORD,90Z,W,54,M,W,BRA
MSP - DFS,2019-0A4-002810,20190329,MEDFORD,MV,M,54,M,W,BRA
MSP - DFS,2019-0A4-002810,20190329,MEDFORD,MV,M,54,M,W,BRA
MSP - DFS,2019-0A3-003006,20190330,LEXINGTON,90Z,W,21,M,H,BRA
MSP - DFS,2019-0A3-003006,20190330,LEXINGTON,MV,M,21,M,H,BRA
MSP - DFS,2019-0A5-002256,20190330,REVERE,90G,M,24,M,W,MM
MSP - DFS,2019-0A5-002256,20190330,REVERE,MV,M,24,M,W,MM
MSP - DFS,2019-0A5-002256,20190330,REVERE,MV,M,24,M,W,MM
MSP - DFS,2019-0A5-002256,20190330,REVERE,MV,M,24,M,W,MM
MSP - DFS,2019-0A5-002256,20190330,REVERE,MV,M,24,M,W,MM
MSP - DFS,2019-0H6-002169,20190330,QUINCY,90D,M,29,M,B,HT
MSP - DFS,2019-0H6-002169,20190330,QUINCY,MV,M,29,M,B,HT
MSP - DFS,2019-0B3-001909,20190330,SPRINGFIELD,90Z,W,30,F,H,PR
MSP - DFS,2019-0H6-002162,20190330,BOSTON,90D,M,33,M,H,BRA
MSP - DFS,2019-0C7-001791,20190330,PELHAM,13A,F,36,M,W,P
MSP - DFS,2019-0CX-003029,20190330,OXFORD,90D,M,36,M,W,P
MSP - DFS,2019-0CX-003029,20190330,OXFORD,MV,M,36,M,W,P
MSP - DFS,2019-0CX-003029,20190330,OXFORD,MV,M,36,M,W,P
MSP - DFS,2019-0CX-003029,20190330,OXFORD,MV,M,36,M,W,P
MSP - DFS,2019-0A4-002849,20190330,SOMERVILLE,90Z,W,37,M,W,BRA
MSP - DFS,2019-0A4-002849,20190330,SOMERVILLE,MV,M,37,M,W,BRA
MSP - DFS,2019-0A4-002849,20190330,SOMERVILLE,MV,M,37,M,W,BRA
MSP - DFS,2019-0A4-002849,20190330,SOMERVILLE,MV,M,37,M,W,BRA
MSP - DFS,2019-0H9-003173,20190330,BOSTON,90D,M,52,M,B,JM
MSP - DFS,2019-0H2-002434,20190331,NEEDHAM,90Z,W,24,M,H,PR
MSP - DFS,2019-0H2-002434,20190331,NEEDHAM,MV,M,24,M,H,PR
MSP - DFS,2019-0H2-002434,20190331,NEEDHAM,MV,M,24,M,H,PR
MSP - DFS,2019-0H2-002434,20190331,NEEDHAM,MV,M,24,M,H,PR
MSP - DFS,2019-0H2-002434,20190331,NEEDHAM,MV,M,24,M,H,PR
MSP - DFS,2019-0A1-004594,20190331,LAWRENCE,90D,M,27,F,H,DR
MSP - DFS,2019-0D3-002556,20190331,SEEKONK,90D,M,34,M,W,BRA
MSP - DFS,2019-0D3-002556,20190331,SEEKONK,MV,M,34,M,W,BRA
MSP - DFS,2019-0D3-002556,20190331,SEEKONK,MV,M,34,M,W,BRA
MSP - DFS,2019-0A1-004594,20190331,LAWRENCE,520,F,37,M,H,DR
MSP - DFS,2019-0A1-004594,20190331,LAWRENCE,520,F,37,M,H,DR
MSP - DFS,2019-0A1-004594,20190331,LAWRENCE,520,F,37,M,H,DR
MSP - DFS,2019-0A1-004594,20190331,LAWRENCE,520,F,37,M,H,DR
MSP - DFS,2019-0A1-004594,20190331,LAWRENCE,90Z,W,37,M,H,DR
MSP - DFS,2019-0A1-004594,20190331,LAWRENCE,90Z,W,37,M,H,DR
MSP - DFS,2019-0A1-004594,20190331,LAWRENCE,90Z,W,37,M,H,DR
MSP - DFS,2019-0A1-004594,20190331,LAWRENCE,MV,M,37,M,H,DR
MSP - DFS,2019-0A1-004594,20190331,LAWRENCE,MV,M,37,M,H,DR
MSP - DFS,2019-0A1-004594,20190331,LAWRENCE,MV,M,37,M,H,DR
MSP - DFS,2019-0A1-004597,20190331,LAWRENCE,90D,M,41,F,H,DR
MSP - DFS,2019-0A1-004592,20190331,LAWRENCE,90D,M,51,M,H,DR
MSP - DFS,2019-0H5-002173,20190331,BOSTON,90Z,W,51,M,H,BRA
MSP - DFS,2019-0A1-004601,20190331,LAWRENCE,90D,M,52,M,H,DR
MSP - DFS,2019-0A4-002873,20190331,STONEHAM,90J,M,56,U,W,BRA
MSP - DFS,2019-0A4-002873,20190331,STONEHAM,90Z,W,56,U,W,BRA
MSP - DFS,2019-0C2-002520,20190401,WORCESTER,35A,F,23,M,H,DR
MSP - DFS,2019-0C2-002520,20190401,WORCESTER,90Z,W,23,M,H,DR
MSP - DFS,2019-0C2-002520,20190401,WORCESTER,90Z,W,23,M,H,DR
MSP - DFS,2019-0C5-001298,20190401,STURBRIDGE,90Z,W,27,F,H,PR
MSP - DFS,2019-0H5-002180,20190401,BOSTON,90Z,W,53,M,B,HT
MSP - DFS,2019-0H5-002180,20190401,BOSTON,90Z,W,53,M,B,HT
MSP - DFS,2019-0B3-001965,20190401,SPRINGFIELD,35A,F,55,U,H,PR
MSP - DFS,2019-0B3-001965,20190401,SPRINGFIELD,90J,M,55,U,H,PR
MSP - DFS,2019-0B3-001965,20190401,SPRINGFIELD,90Z,W,55,U,H,PR
MSP - DFS,2019-0H4-001431,20190401,BOSTON,90Z,W,57,M,H,DR
MSP - DFS,2019-0D4-002005,20190402,WEST BRIDGEWATER,280,F,20,M,H,PR
MSP - DFS,2019-0A1-004725,20190402,LAWRENCE,90Z,W,20,F,H,PR
MSP - DFS,2019-0D4-002005,20190402,WEST BRIDGEWATER,MV,M,20,M,H,PR
MSP - DFS,2019-0D4-002005,20190402,WEST BRIDGEWATER,MV,M,20,M,H,PR
MSP - DFS,2019-0F1-014667,20190402,BOSTON,90Z,W,23,M,B,U
MSP - DFS,2019-0F1-014667,20190402,BOSTON,90Z,W,23,M,B,U
MSP - DFS,2019-0H4-001455,20190402,BOSTON,90Z,W,27,M,H,DR
MSP - DFS,2019-0A4-002964,20190402,STONEHAM,90Z,W,28,M,W,PR
MSP - DFS,2019-0CX-003126,20190402,AUBURN,90Z,W,29,M,B,JM
MSP - DFS,2019-0CX-003126,20190402,AUBURN,90Z,W,29,M,B,JM
MSP - DFS,2019-0H4-001460,20190402,BOSTON,90Z,W,31,M,B,JM
MSP - DFS,2019-0C4-001544,20190402,FITCHBURG,90Z,W,31,M,H,PR
MSP - DFS,2019-0C4-001544,20190402,FITCHBURG,MV,M,31,M,H,PR
MSP - DFS,2019-0C4-001552,20190402,LEOMINSTER,90Z,W,33,F,H,PR
MSP - DFS,2019-0D4-001993,20190402,BROCKTON,MV,M,35,M,H,PR
MSP - DFS,2019-0D4-001993,20190402,BROCKTON,MV,M,35,M,H,PR
MSP - DFS,2019-0D4-001993,20190402,BROCKTON,MV,M,35,M,H,PR
MSP - DFS,2019-0D4-001993,20190402,BROCKTON,MV,M,35,M,H,PR
MSP - DFS,2019-0C5-001304,20190402,STURBRIDGE,250,M,39,M,H,DR
MSP - DFS,2019-0C5-001304,20190402,STURBRIDGE,26A,M,39,M,H,DR
MSP - DFS,2019-0C2-002538,20190402,MARLBOROUGH,90D,M,48,F,W,IRE
MSP - DFS,2019-0C2-002538,20190402,MARLBOROUGH,MV,M,48,F,W,IRE
MSP - DFS,2019-0C2-002538,20190402,MARLBOROUGH,MV,M,48,F,W,IRE
MSP - DFS,2019-0A6-002912,20190402,DANVERS,35A,F,50,M,W,IRE
MSP - DFS,2019-0A6-002912,20190402,WAKEFIELD,35A,F,50,M,W,IRE
MSP - DFS,2019-0A6-002912,20190402,WAKEFIELD,90D,M,50,M,W,IRE
MSP - DFS,2019-0A6-002912,20190402,DANVERS,90D,M,50,M,W,IRE
MSP - DFS,2019-0A6-002912,20190402,WAKEFIELD,MV,M,50,M,W,IRE
MSP - DFS,2019-0A6-002912,20190402,DANVERS,MV,M,50,M,W,IRE
MSP - DFS,2019-0A6-002912,20190402,WAKEFIELD,MV,M,50,M,W,IRE
MSP - DFS,2019-0A6-002912,20190402,DANVERS,MV,M,50,M,W,IRE
MSP - DFS,2019-0A6-002912,20190402,WAKEFIELD,MV,M,50,M,W,IRE
MSP - DFS,2019-0A6-002912,20190402,DANVERS,MV,M,50,M,W,IRE
MSP - DFS,2019-0A6-002912,20190402,DANVERS,MV,M,50,M,W,IRE
MSP - DFS,2019-0A6-002912,20190402,WAKEFIELD,MV,M,50,M,W,IRE
MSP - DFS,2019-0D1-001579,20190403,WEYMOUTH,35A,F,20,M,W,BRA
MSP - DFS,2019-0D1-001579,20190403,WEYMOUTH,MV,M,20,M,W,BRA
MSP - DFS,2019-0D1-001579,20190403,WEYMOUTH,MV,M,20,M,W,BRA
MSP - DFS,2019-0D1-001579,20190403,WEYMOUTH,MV,M,20,M,W,BRA
MSP - DFS,2019-0C5-001318,20190403,OXFORD,MV,O,29,M,H,PR
MSP - DFS,2019-0C5-001318,20190403,OXFORD,MV,M,29,M,H,PR
MSP - DFS,2019-0C6-002344,20190403,WORCESTER,90Z,W,37,M,H,PR
MSP - DFS,2019-0C6-002344,20190403,WORCESTER,MV,M,37,M,H,PR
MSP - DFS,2019-0C6-002344,20190403,WORCESTER,MV,M,37,M,H,PR
MSP - DFS,2019-0C6-002344,20190403,WORCESTER,MV,M,37,M,H,PR
MSP - DFS,2019-0C6-002344,20190403,WORCESTER,MV,M,37,M,H,PR
MSP - DFS,2019-0C6-002344,20190403,WORCESTER,MV,M,37,M,H,PR
MSP - DFS,2019-0H3-002483,20190403,FOXBOROUGH,280,F,40,M,H,CB
MSP - DFS,2019-0H3-002483,20190403,FOXBOROUGH,280,F,40,M,H,PR
MSP - DFS,2019-0H3-002483,20190403,FOXBOROUGH,"26A,270,23D,23H",F,40,M,H,CB
MSP - DFS,2019-0H3-002483,20190403,FOXBOROUGH,"26A,270,23D,23H",F,40,M,H,PR
MSP - DFS,2019-0H3-002483,20190403,FOXBOROUGH,MV,M,40,M,H,PR
MSP - DFS,2019-0H3-002483,20190403,FOXBOROUGH,MV,M,40,M,H,PR
MSP - DFS,2019-0C2-002570,20190403,FRANKLIN,90Z,W,43,M,H,PR
MSP - DFS,2019-0D4-002038,20190403,BROCKTON,35A,F,47,F,W,U
MSP - DFS,2019-0D4-002038,20190403,BROCKTON,35A,F,47,F,W,U
MSP - DFS,2019-0D4-002038,20190403,BROCKTON,MV,M,47,F,W,U
MSP - DFS,2019-0A6-002955,20190404,LYNNFIELD,90Z,W,21,M,W,RO
MSP - DFS,2019-0C2-002608,20190404,WORCESTER,35A,F,22,M,H,DR
MSP - DFS,2019-0C2-002608,20190404,WORCESTER,35A,F,24,M,H,DR
MSP - DFS,2019-0C2-002608,20190404,WORCESTER,35A,F,27,M,H,DR
MSP - DFS,2019-0C2-002608,20190404,WORCESTER,35A,F,29,M,H,PR
MSP - DFS,2019-0C4-001589,20190404,LEOMINSTER,90Z,W,30,M,H,MM
MSP - DFS,2019-0C2-002606,20190404,WORCESTER,13A-13C,M,31,M,H,DR
MSP - DFS,2019-0C2-002606,20190404,WORCESTER,35A,F,31,M,H,DR
MSP - DFS,2019-0C2-002606,20190404,WORCESTER,MV,M,31,M,H,DR
MSP - DFS,2019-0C2-002606,20190404,WORCESTER,MV,M,31,M,H,DR
MSP - DFS,2019-0D3-002680,20190404,NEW BEDFORD,90Z,W,32,M,H,AMI
MSP - DFS,2019-0D3-002680,20190404,NEW BEDFORD,90Z,W,32,M,H,AMI
MSP - DFS,2019-0H6-002272,20190404,BOSTON,90D,M,33,M,W,IRE
MSP - DFS,2019-0H6-002272,20190404,BOSTON,MV,M,33,M,W,IRE
MSP - DFS,2019-0H6-002272,20190404,BOSTON,MV,M,33,M,W,IRE
MSP - DFS,2019-0C9-001372,20190404,AYER,90Z,W,34,M,W,ITAL
MSP - DFS,2019-0H7-001878,20190404,CANTON,250,M,37,M,H,PR
MSP - DFS,2019-0H7-001878,20190404,CANTON,35A,F,37,M,H,PR
MSP - DFS,2019-0H7-001878,20190404,CANTON,MV,M,37,M,H,PR
MSP - DFS,2019-0H7-001878,20190404,CANTON,MV,M,37,M,H,PR
MSP - DFS,2019-0B3-002030,20190404,LONGMEADOW,90Z,M,46,M,H,PR
MSP - DFS,2019-0B3-002030,20190404,LONGMEADOW,MV,M,46,M,H,PR
MSP - DFS,2019-0B3-002030,20190404,LONGMEADOW,MV,M,46,M,H,PR
MSP - DFS,2019-0F1-014979,20190404,BOSTON,90Z,,66,M,W,IRE
MSP - DFS,2019-0D3-002717,20190405,NEW BEDFORD,90Z,W,21,M,W,FR
MSP - DFS,2019-0B8-001625,20190405,CHICOPEE,90D,M,24,F,B,JM
MSP - DFS,2019-0B8-001625,20190405,CHICOPEE,90G,M,24,F,B,JM
MSP - DFS,2019-0B8-001625,20190405,CHICOPEE,MV,M,24,F,B,JM
MSP - DFS,2019-0B8-001625,20190405,CHICOPEE,MV,M,24,F,B,JM
MSP - DFS,2019-0C1-001731,20190405,GARDNER,90D,M,24,M,W,U
MSP - DFS,2019-0C1-001731,20190405,GARDNER,MV,M,24,M,W,U
MSP - DFS,2019-0C1-001731,20190405,GARDNER,MV,M,24,M,W,U
MSP - DFS,2019-0C2-002628,20190405,WORCESTER,90Z,W,41,M,W,BRA
MSP - DFS,2019-0B6-003125,20190405,HOLYOKE,"26A,270,23D,23H",F,55,M,H,PR
MSP - DFS,2019-0B6-003125,20190405,HOLYOKE,90Z,O,55,M,H,PR
MSP - DFS,2019-0B6-003125,20190405,HOLYOKE,90Z,O,55,M,H,PR
MSP - DFS,2019-0B6-003125,20190405,HOLYOKE,90Z,O,55,M,H,PR
MSP - DFS,2019-0B6-003125,20190405,HOLYOKE,90Z,O,55,M,H,PR
MSP - DFS,2019-0F1-015194,20190405,BOSTON,90J,M,55,M,J,LE
MSP - DFS,2019-0F1-015194,20190405,BOSTON,90Z,O,55,M,J,LE
MSP - DFS,2019-0C2-002638,20190405,MILFORD,90D,M,63,M,W,U
MSP - DFS,2019-0C2-002638,20190405,MILFORD,90G,M,63,M,W,U
MSP - DFS,2019-0C2-002638,20190405,MILFORD,MV,M,63,M,W,U
MSP - DFS,2019-0C2-002638,20190405,MILFORD,MV,M,63,M,W,U
MSP - DFS,2019-0C2-002638,20190405,MILFORD,MV,M,63,M,W,U
MSP - DFS,2019-0C2-002638,20190405,MILFORD,MV,M,63,M,W,U
MSP - DFS,2019-0C1-001742,20190406,WESTMINSTER,90D,M,30,M,W,U
MSP - DFS,2019-0C1-001742,20190406,WESTMINSTER,MV,M,30,M,W,U
MSP - DFS,2019-0H7-001902,20190406,BOSTON,90D,M,36,M,H,DR
MSP - DFS,2019-0H7-001902,20190406,BOSTON,MV,M,36,M,H,DR
MSP - DFS,2019-0H7-001902,20190406,BOSTON,MV,M,36,M,H,DR
MSP - DFS,2019-0H4-001535,20190406,BOSTON,90Z,W,40,M,H,DR
MSP - DFS,2019-0H4-001535,20190406,BOSTON,90Z,W,40,M,H,DR
MSP - DFS,2019-0C6-002416,20190406,WORCESTER,90Z,W,42,M,H,PR
MSP - DFS,2019-0A5-002427,20190406,LYNN,90Z,W,48,M,H,HB
MSP - DFS,2019-0A5-002427,20190406,LYNN,MV,M,48,M,H,HB
MSP - DFS,2019-0C2-002656,20190406,WORCESTER,90Z,W,54,M,W,PR
MSP - DFS,2019-0B6-003133,20190406,HOLYOKE,90D,M,64,M,H,PR
MSP - DFS,2019-0B6-003133,20190406,HOLYOKE,MV,M,64,M,H,PR
MSP - DFS,2019-0B6-003133,20190406,HOLYOKE,MV,M,64,M,H,PR
MSP - DFS,2019-0D5-000190,20190407,OAK BLUFFS,MV,M,19,M,W,BRA
MSP - DFS,2019-0D5-000190,20190407,OAK BLUFFS,MV,M,19,M,W,BRA
MSP - DFS,2019-0D5-000190,20190407,OAK BLUFFS,MV,M,19,M,W,BRA
MSP - DFS,2019-0D5-000190,20190407,OAK BLUFFS,MV,M,19,M,W,BRA
MSP - DFS,2019-0D5-000190,20190407,OAK BLUFFS,MV,M,19,M,W,BRA
MSP - DFS,2019-0D5-000190,20190407,OAK BLUFFS,MV,M,19,M,W,BRA
MSP - DFS,2019-0A1-004957,20190407,ANDOVER,90D,M,20,F,H,PR
MSP - DFS,2019-0A1-004957,20190407,ANDOVER,MV,M,20,F,H,PR
MSP - DFS,2019-0A1-004957,20190407,ANDOVER,MV,M,20,F,H,PR
MSP - DFS,2019-0A1-004957,20190407,ANDOVER,MV,M,20,F,H,PR
MSP - DFS,2019-0F1-015515,20190407,BOSTON,MV,M,24,U,H,BRA
MSP - DFS,2019-0A1-004987,20190407,LOWELL,13A-13C,M,47,M,B,NG
MSP - DFS,2019-0A1-004987,20190407,LOWELL,90D,M,47,M,B,NG
MSP - DFS,2019-0A1-004987,20190407,LOWELL,90D,M,47,M,B,NG
MSP - DFS,2019-0A1-004987,20190407,LOWELL,MV,M,47,M,B,NG
MSP - DFS,2019-0A1-004987,20190407,LOWELL,MV,M,47,M,B,NG
MSP - DFS,2019-0A1-004987,20190407,LOWELL,MV,M,47,M,B,NG
MSP - DFS,2019-0C4-001622,20190407,FITCHBURG,90D,M,50,M,W,FR
MSP - DFS,2019-0C4-001622,20190407,FITCHBURG,MV,M,50,M,W,FR
MSP - DFS,2019-0B3-002083,20190407,SPRINGFIELD,90D,M,54,M,H,PR
MSP - DFS,2019-0B3-002083,20190407,SPRINGFIELD,MV,M,54,M,H,PR
MSP - DFS,2019-0C6-002431,20190407,WORCESTER,90Z,W,57,F,H,PR
MSP - DFS,2019-0H5-002286,20190407,ARLINGTON,90Z,W,62,M,H,BRA
MSP - DFS,2019-0F1-015520,20190407,BOSTON,90Z,O,63,M,J,IQ
MSP - DFS,2019-0C4-001661,20190408,FITCHBURG,90Z,W,25,M,U,U
MSP - DFS,2019-0CX-003375,20190408,CHARLTON,13A,M,28,M,B,DR
MSP - DFS,2019-0CX-003375,20190408,CHARLTON,C90C,M,28,M,B,DR
MSP - DFS,2019-0A5-002476,20190408,REVERE,90Z,W,28,M,H,DR
MSP - DFS,2019-0A5-002476,20190408,REVERE,90Z,W,28,M,H,DR
MSP - DFS,2019-0B8-001668,20190408,BLANDFORD,90D,M,28,F,W,CB
MSP - DFS,2019-0B8-001668,20190408,BLANDFORD,90G,M,28,F,W,CB
MSP - DFS,2019-0B8-001668,20190408,BLANDFORD,MV,M,28,F,W,CB
MSP - DFS,2019-0B8-001668,20190408,BLANDFORD,MV,M,28,F,W,CB
MSP - DFS,2019-0B8-001668,20190408,BLANDFORD,MV,M,28,F,W,CB
MSP - DFS,2019-0B8-001668,20190408,BLANDFORD,MV,M,28,F,W,CB
MSP - DFS,2019-0C4-001670,20190408,LEOMINSTER,MV,M,29,M,H,PR
MSP - DFS,2019-0C4-001670,20190408,LEOMINSTER,MV,M,29,M,H,PR
MSP - DFS,2019-0A6-003152,20190409,SAUGUS,90Z,W,24,M,W,BRA
MSP - DFS,2019-0A6-003152,20190409,SAUGUS,MV,M,24,M,W,BRA
MSP - DFS,2019-0A6-003152,20190409,SAUGUS,MV,M,24,M,W,BRA
MSP - DFS,2019-0A6-003152,20190409,SAUGUS,MV,M,24,M,W,BRA
MSP - DFS,2019-0C4-001683,20190409,FITCHBURG,35A,F,30,F,H,DR
MSP - DFS,2019-0C4-001683,20190409,FITCHBURG,35A,F,30,F,H,DR
MSP - DFS,2019-0C4-001683,20190409,FITCHBURG,35A,F,30,F,H,DR
MSP - DFS,2019-0C4-001683,20190409,FITCHBURG,35A,F,30,F,H,DR
MSP - DFS,2019-0C4-001683,20190409,FITCHBURG,35A,F,30,F,H,DR
MSP - DFS,2019-0C4-001683,20190409,FITCHBURG,35A,F,30,F,H,DR
MSP - DFS,2019-0C4-001683,20190409,FITCHBURG,35A,F,30,F,H,DR
MSP - DFS,2019-0H4-001609,20190409,BOSTON,90Z,W,30,M,H,DR
MSP - DFS,2019-0C2-002713,20190409,SOUTHBOROUGH,90D,M,31,M,W,U
MSP - DFS,2019-0C2-002713,20190409,SOUTHBOROUGH,MV,M,31,M,W,U
MSP - DFS,2019-0D5-000193,20190409,EDGARTOWN,MV,M,36,M,W,BRA
MSP - DFS,2019-0D5-000193,20190409,EDGARTOWN,MV,M,36,M,W,BRA
MSP - DFS,2019-0D5-000193,20190409,EDGARTOWN,MV,M,36,M,W,BRA
MSP - DFS,2019-0D5-000196,20190409,OAK BLUFFS,MV,M,41,M,B,JM
MSP - DFS,2019-0A3-003302,20190409,CONCORD,90Z,W,46,M,W,U
MSP - DFS,2019-0A1-005157,20190410,LAWRENCE,520,F,18,F,H,DR
MSP - DFS,2019-0A1-005157,20190410,LAWRENCE,520,F,18,F,H,DR
MSP - DFS,2019-0A1-005157,20190410,LAWRENCE,520,F,18,F,H,DR
MSP - DFS,2019-0A1-005157,20190410,LAWRENCE,MV,M,18,F,H,DR
MSP - DFS,2019-0H3-002617,20190410,MANSFIELD,90Z,W,20,M,H,DR
MSP - DFS,2019-0H3-002617,20190410,MANSFIELD,90Z,W,20,M,H,DR
MSP - DFS,2019-0A1-005157,20190410,LAWRENCE,520,F,23,M,H,DR
MSP - DFS,2019-0A1-005157,20190410,LAWRENCE,520,F,23,M,H,DR
MSP - DFS,2019-0A1-005157,20190410,LAWRENCE,520,F,23,M,H,DR
MSP - DFS,2019-0A1-005157,20190410,LAWRENCE,MV,M,23,M,H,DR
MSP - DFS,2019-0A1-005157,20190410,LAWRENCE,MV,M,23,M,H,DR
MSP - DFS,2019-0A1-005157,20190410,LAWRENCE,MV,M,23,M,H,DR
MSP - DFS,2019-0B3-002183,20190410,SPRINGFIELD,90Z,W,27,M,H,MM
MSP - DFS,2019-0B3-002183,20190410,SPRINGFIELD,MV,M,27,M,H,MM
MSP - DFS,2019-0B3-002183,20190410,SPRINGFIELD,MV,M,27,M,H,MM
MSP - DFS,2019-0F1-015939,20190410,BOSTON,23C,M,30,F,B,U
MSP - DFS,2019-0F1-015939,20190410,BOSTON,90J,M,30,F,B,U
MSP - DFS,2019-0F1-015939,20190410,BOSTON,90Z,W,30,F,B,U
MSP - DFS,2019-0F1-015939,20190410,BOSTON,90Z,W,30,F,B,U
MSP - DFS,2019-0F1-015939,20190410,BOSTON,90Z,W,30,F,B,U
MSP - DFS,2019-0F1-015939,20190410,BOSTON,90Z,W,30,F,B,U
MSP - DFS,2019-0D5-000198,20190410,WEST TISBURY,13A,F,38,F,W,BRA
MSP - DFS,2019-0B6-003298,20190410,HOLYOKE,90Z,W,55,M,H,PR
MSP - DFS,2019-0D4-002180,20190411,RAYNHAM,35A,F,24,M,W,U
MSP - DFS,2019-0C1-001831,20190411,ORANGE,35A,F,24,F,W,GR
MSP - DFS,2019-0C1-001831,20190411,ORANGE,35A,F,24,F,W,GR
MSP - DFS,2019-0C1-001831,20190411,ORANGE,35A,F,24,F,W,GR
MSP - DFS,2019-0C1-001831,20190411,ORANGE,MV,M,24,F,W,GR
MSP - DFS,2019-0D4-002180,20190411,RAYNHAM,MV,M,24,M,W,U
MSP - DFS,2019-0D4-002180,20190411,RAYNHAM,MV,M,24,M,W,U
MSP - DFS,2019-0B6-003326,20190411,HOLYOKE,35A,F,29,M,H,PR
MSP - DFS,2019-0B6-003326,20190411,HOLYOKE,35A,F,29,M,H,PR
MSP - DFS,2019-0B6-003326,20190411,HOLYOKE,35A,F,29,M,H,PR
MSP - DFS,2019-0B6-003326,20190411,HOLYOKE,35A,F,29,M,H,PR
MSP - DFS,2019-0B6-003326,20190411,HOLYOKE,35A,F,29,M,H,PR
MSP - DFS,2019-0B6-003326,20190411,HOLYOKE,35A,F,29,M,H,PR
MSP - DFS,2019-0B6-003326,20190411,HOLYOKE,35A,F,29,M,H,PR
MSP - DFS,2019-0B6-003326,20190411,HOLYOKE,35A,F,29,M,H,PR
MSP - DFS,2019-0B6-003326,20190411,HOLYOKE,90Z,M,29,M,H,PR
MSP - DFS,2019-0B6-003326,20190411,HOLYOKE,90Z,M,29,M,H,PR
MSP - DFS,2019-0B6-003326,20190411,HOLYOKE,90Z,M,29,M,H,PR
MSP - DFS,2019-0B6-003326,20190411,HOLYOKE,90Z,M,29,M,H,PR
MSP - DFS,2019-0CX-003500,20190411,WESTBOROUGH,90D,M,34,M,O,THAI
MSP - DFS,2019-0CX-003500,20190411,WESTBOROUGH,MV,M,34,M,O,THAI
MSP - DFS,2019-0CX-003500,20190411,WESTBOROUGH,MV,M,34,M,O,THAI
MSP - DFS,2019-0CX-003478,20190411,SOUTHBOROUGH,MV,M,56,M,W,SX
MSP - DFS,2019-0A5-002541,20190411,LYNN,MV,M,57,M,H,DR
MSP - DFS,2019-0A5-002541,20190411,LYNN,MV,M,57,M,H,DR
MSP - DFS,2019-0A5-002541,20190411,LYNN,MV,M,57,M,H,DR
MSP - DFS,2019-0H9-003648,20190412,BOSTON,90Z,O,22,M,W,BRA
MSP - DFS,2019-0H9-003648,20190412,BOSTON,MV,M,22,M,W,BRA
MSP - DFS,2019-0H9-003648,20190412,BOSTON,MV,M,22,M,W,BRA
MSP - DFS,2019-0D3-002890,20190412,NEW BEDFORD,35A,F,23,F,W,U
MSP - DFS,2019-0D3-002890,20190412,NEW BEDFORD,35A,F,23,F,W,U
MSP - DFS,2019-0D3-002890,20190412,NEW BEDFORD,35A,F,23,F,W,U
MSP - DFS,2019-0D3-002890,20190412,NEW BEDFORD,MV,M,23,F,W,U
MSP - DFS,2019-0A6-003256,20190412,SAUGUS,MV,M,25,M,H,PR
MSP - DFS,2019-0A6-003256,20190412,SAUGUS,MV,M,25,M,H,PR
MSP - DFS,2019-0A6-003256,20190412,SAUGUS,MV,M,25,M,H,PR
MSP - DFS,2019-0A6-003256,20190412,SAUGUS,MV,M,25,M,H,PR
MSP - DFS,2019-0A6-003256,20190412,SAUGUS,MV,M,25,M,H,PR
MSP - DFS,2019-0A6-003256,20190412,SAUGUS,MV,M,25,M,H,PR
MSP - DFS,2019-0H9-003681,20190413,BOSTON,MV,M,34,M,U,BRA
MSP - DFS,2019-0A4-003297,20190413,EVERETT,35A,F,36,M,W,CB
MSP - DFS,2019-0A4-003297,20190413,EVERETT,MV,M,36,M,W,CB
MSP - DFS,2019-0A4-003299,20190413,EVERETT,90Z,W,44,M,H,PR
MSP - DFS,2019-0C4-001732,20190413,FITCHBURG,90Z,W,44,F,H,PR
MSP - DFS,2019-0H4-001715,20190414,BOSTON,90D,M,22,M,W,BRA
MSP - DFS,2019-0H4-001715,20190414,BOSTON,MV,M,22,M,W,BRA
MSP - DFS,2019-0H4-001715,20190414,BOSTON,MV,M,22,M,W,BRA
MSP - DFS,2019-0H4-001715,20190414,BOSTON,MV,M,22,M,W,BRA
MSP - DFS,2019-0D1-001774,20190414,HULL,90Z,W,24,M,O,CN
MSP - DFS,2019-0B1-001645,20190414,LENOX,90D,M,25,M,B,HT
MSP - DFS,2019-0B1-001645,20190414,LENOX,MV,M,25,M,B,HT
MSP - DFS,2019-0C4-001754,20190414,BOLTON,90Z,W,29,F,H,PR
MSP - DFS,2019-0C2-002866,20190414,MILFORD,90Z,W,37,M,H,PR
MSP - DFS,2019-0C2-002866,20190414,MILFORD,MV,M,37,M,H,PR
MSP - DFS,2019-0C2-002866,20190414,MILFORD,MV,M,37,M,H,PR
MSP - DFS,2019-0C2-002866,20190414,MILFORD,MV,M,37,M,H,PR
MSP - DFS,2019-0H6-002528,20190414,BOSTON,90Z,W,53,M,I,AMI
MSP - DFS,2019-0B3-002259,20190415,SPRINGFIELD,90Z,W,23,F,W,LE
MSP - DFS,2019-0C3-002580,20190416,WORCESTER,90G,M,30,M,B,JM
MSP - DFS,2019-0C3-002580,20190416,WORCESTER,MV,M,30,M,B,JM
MSP - DFS,2019-0A5-002659,20190416,REVERE,MV,M,37,M,H,HB
MSP - DFS,2019-0A5-002659,20190416,REVERE,MV,M,37,M,H,HB
MSP - DFS,2019-0A6-003348,20190416,LYNNFIELD,MV,M,44,M,H,PR
MSP - DFS,2019-0A6-003348,20190416,LYNNFIELD,MV,M,44,M,H,PR
MSP - DFS,2019-0A5-002684,20190417,LYNN,35A,F,20,M,H,DR
MSP - DFS,2019-0A5-002684,20190417,LYNN,MV,M,20,M,H,DR
MSP - DFS,2019-0A5-002684,20190417,LYNN,MV,M,20,M,H,DR
MSP - DFS,2019-0D3-003051,20190417,NEW BEDFORD,90,M,21,M,H,PR
MSP - DFS,2019-0D3-003051,20190417,NEW BEDFORD,13A-13C,M,21,M,H,PR
MSP - DFS,2019-0D3-003051,20190417,NEW BEDFORD,"23D,23H,270,26A",M,21,M,H,PR
MSP - DFS,2019-0C2-002950,20190417,SOUTHBOROUGH,90Z,W,21,M,H,U
MSP - DFS,2019-0D3-003051,20190417,NEW BEDFORD,90Z,W,21,M,H,PR
MSP - DFS,2019-0D3-003051,20190417,NEW BEDFORD,90Z,W,21,M,H,PR
MSP - DFS,2019-0D3-003051,20190417,NEW BEDFORD,90Z,M,21,M,H,PR
MSP - DFS,2019-0D3-003051,20190417,NEW BEDFORD,C90C,M,21,M,H,PR
MSP - DFS,2019-0C1-001942,20190417,ATHOL,520,F,23,M,H,DR
MSP - DFS,2019-0C1-001942,20190417,ATHOL,520,F,23,M,H,DR
MSP - DFS,2019-0C1-001942,20190417,ATHOL,"250,520",F,23,M,H,DR
MSP - DFS,2019-0A6-003409,20190417,PEABODY,C90C,M,23,M,J,EY
MSP - DFS,2019-0A6-003409,20190417,PEABODY,MV,M,23,M,J,EY
MSP - DFS,2019-0A6-003409,20190417,PEABODY,MV,M,23,M,J,EY
MSP - DFS,2019-0A6-003409,20190417,PEABODY,MV,M,23,M,J,EY
MSP - DFS,2019-0A6-003409,20190417,PEABODY,MV,M,23,M,J,EY
MSP - DFS,2019-0A6-003409,20190417,PEABODY,MV,M,23,M,J,EY
MSP - DFS,2019-0A6-003409,20190417,PEABODY,MV,M,23,M,J,EY
MSP - DFS,2019-0H6-002614,20190417,BOSTON,90Z,W,25,M,W,SX
MSP - DFS,2019-0A6-003408,20190417,LYNNFIELD,90D,M,37,M,O,CA
MSP - DFS,2019-0A6-003408,20190417,LYNNFIELD,90G,M,37,M,O,CA
MSP - DFS,2019-0A6-003408,20190417,LYNNFIELD,MV,M,37,M,O,CA
MSP - DFS,2019-0A6-003408,20190417,LYNNFIELD,MV,M,37,M,O,CA
MSP - DFS,2019-0D4-002281,20190417,TAUNTON,35A,F,46,M,W,PR
MSP - DFS,2019-0A1-005554,20190418,ANDOVER,90D,M,29,M,W,ITAL
MSP - DFS,2019-0A1-005554,20190418,ANDOVER,MV,M,29,M,W,ITAL
MSP - DFS,2019-0H2-002922,20190418,NEEDHAM,90D,M,30,M,W,P
MSP - DFS,2019-0A1-005556,20190418,LAWRENCE,90Z,W,38,M,H,DR
MSP - DFS,2019-0C2-002975,20190418,MARLBOROUGH,90Z,W,41,M,W,BRA
MSP - DFS,2019-0C4-001836,20190419,FITCHBURG,280,M,22,M,H,PR
MSP - DFS,2019-0C4-001836,20190419,FITCHBURG,520,F,22,M,H,PR
MSP - DFS,2019-0C4-001836,20190419,FITCHBURG,520,F,22,M,H,PR
MSP - DFS,2019-0C4-001836,20190419,FITCHBURG,520,F,22,M,H,PR
MSP - DFS,2019-0C4-001836,20190419,FITCHBURG,520,F,22,M,H,PR
MSP - DFS,2019-0C4-001836,20190419,FITCHBURG,13A,F,22,M,H,PR
MSP - DFS,2019-0C4-001836,20190419,FITCHBURG,13A,F,22,M,H,PR
MSP - DFS,2019-GES-001651,20190419,SPRINGFIELD,35A,F,22,M,H,PR
MSP - DFS,2019-0C4-001836,20190419,FITCHBURG,90Z,W,22,M,H,PR
MSP - DFS,2019-GES-001651,20190419,SPRINGFIELD,90Z,W,22,M,H,PR
MSP - DFS,2019-GES-001651,20190419,SPRINGFIELD,90Z,W,22,M,H,PR
MSP - DFS,2019-GES-001651,20190419,SPRINGFIELD,90Z,M,22,M,H,PR
MSP - DFS,2019-GES-001651,20190419,SPRINGFIELD,MV,M,22,M,H,PR
MSP - DFS,2019-0C4-001836,20190419,FITCHBURG,MV,M,22,M,H,PR
MSP - DFS,2019-0H4-001816,20190419,CAMBRIDGE,90Z,W,31,M,H,BRA
MSP - DFS,2019-0H4-001808,20190419,BOSTON,90Z,W,32,M,H,DR
MSP - DFS,2019-0H4-001808,20190419,BOSTON,90Z,W,32,M,H,DR
MSP - DFS,2019-0H4-001808,20190419,BOSTON,90Z,W,32,M,H,DR
MSP - DFS,2019-0A1-005594,20190419,LAWRENCE,90Z,W,33,M,H,PR
MSP - DFS,2019-0A1-005594,20190419,LAWRENCE,90Z,W,33,M,H,PR
MSP - DFS,2019-0D4-002315,20190419,MIDDLEBOROUGH,90D,M,40,M,H,MM
MSP - DFS,2019-0D4-002315,20190419,MIDDLEBOROUGH,90G,M,40,M,H,MM
MSP - DFS,2019-0D4-002315,20190419,MIDDLEBOROUGH,90Z,W,40,M,H,MM
MSP - DFS,2019-0D4-002315,20190419,MIDDLEBOROUGH,MV,M,40,M,H,MM
MSP - DFS,2019-0D4-002315,20190419,MIDDLEBOROUGH,MV,M,40,M,H,MM
MSP - DFS,2019-0D4-002315,20190419,MIDDLEBOROUGH,MV,M,40,M,H,MM
MSP - DFS,2019-0H2-002952,20190419,DEDHAM,90Z,W,42,M,H,MM
MSP - DFS,2019-0H2-002952,20190419,DEDHAM,90Z,W,42,M,H,MM
MSP - DFS,2019-0B3-002358,20190419,SPRINGFIELD,35A,F,52,M,H,PR
MSP - DFS,2019-0B3-002358,20190419,SPRINGFIELD,90Z,F,52,M,H,PR
MSP - DFS,2019-0B3-002358,20190419,SPRINGFIELD,90Z,M,52,M,H,PR
MSP - DFS,2019-0B3-002358,20190419,SPRINGFIELD,MV,M,52,M,H,PR
MSP - DFS,2019-0B3-002358,20190419,SPRINGFIELD,MV,M,52,M,H,PR
MSP - DFS,2019-0B3-002358,20190419,SPRINGFIELD,MV,M,52,M,H,PR
MSP - DFS,2019-0B3-002358,20190419,SPRINGFIELD,MV,M,52,M,H,PR
MSP - DFS,2019-0C4-001843,20190420,LEOMINSTER,90Z,W,21,M,H,PR
MSP - DFS,2019-0C4-001843,20190420,LEOMINSTER,90Z,W,21,M,H,PR
MSP - DFS,2019-0C4-001843,20190420,LEOMINSTER,90Z,W,21,M,H,PR
MSP - DFS,2019-0B3-002403,20190420,LONGMEADOW,13A-13C,M,27,M,H,PR
MSP - DFS,2019-0B3-002403,20190420,LONGMEADOW,"510,13C",F,27,M,H,PR
MSP - DFS,2019-0D6-000210,20190420,NANTUCKET,MV,M,30,F,H,DR
MSP - DFS,2019-0D6-000210,20190420,NANTUCKET,MV,M,30,F,H,DR
MSP - DFS,2019-0B3-002405,20190420,SPRINGFIELD,90D,M,30,F,I,CA
MSP - DFS,2019-0B3-002405,20190420,SPRINGFIELD,MV,M,30,F,I,CA
MSP - DFS,2019-0C3-002651,20190420,WARREN,90D,M,34,F,W,IRE
MSP - DFS,2019-0C3-002651,20190420,WARREN,MV,M,34,F,W,IRE
MSP - DFS,2019-0B3-002403,20190420,LONGMEADOW,13A-13C,M,36,M,H,PR
MSP - DFS,2019-0B3-002403,20190420,LONGMEADOW,35A,F,36,M,H,PR
MSP - DFS,2019-0B3-002403,20190420,LONGMEADOW,35A,F,36,M,H,PR
MSP - DFS,2019-0B3-002403,20190420,LONGMEADOW,"510,13C",F,36,M,H,PR
MSP - DFS,2019-0D2-002122,20190420,BARNSTABLE,90Z,W,46,M,W,IRE
MSP - DFS,2019-0D2-002122,20190420,BARNSTABLE,90Z,W,46,M,W,IRE
MSP - DFS,2019-0D2-002122,20190420,BARNSTABLE,MV,M,46,M,W,IRE
MSP - DFS,2019-0D2-002122,20190420,BARNSTABLE,MV,M,46,M,W,IRE
MSP - DFS,2019-0D2-002122,20190420,BARNSTABLE,MV,M,46,M,W,IRE
MSP - DFS,2019-0D2-002122,20190420,BARNSTABLE,MV,M,46,M,W,IRE
MSP - DFS,2019-0H6-002683,20190420,BOSTON,90,M,47,M,W,EN
MSP - DFS,2019-0H6-002683,20190420,BOSTON,90C,M,47,M,W,EN
MSP - DFS,2019-0H6-002683,20190420,BOSTON,C90C,M,47,M,W,EN
MSP - DFS,2019-0B3-002384,20190420,WEST SPRINGFIELD,90D,M,50,M,H,PR
MSP - DFS,2019-0B3-002384,20190420,WEST SPRINGFIELD,MV,M,50,M,H,PR
MSP - DFS,2019-0B3-002384,20190420,WEST SPRINGFIELD,MV,M,50,M,H,PR
MSP - DFS,2019-0A6-003514,20190421,LYNNFIELD,90Z,W,24,M,W,EN
MSP - DFS,2019-0A6-003514,20190421,LYNNFIELD,90Z,W,24,M,W,EN
MSP - DFS,2019-0A6-003514,20190421,LYNNFIELD,90Z,W,24,M,W,EN
MSP - DFS,2019-0A6-003514,20190421,LYNNFIELD,MV,M,24,M,W,EN
MSP - DFS,2019-0A1-005677,20190421,LAWRENCE,35A,F,29,M,H,DR
MSP - DFS,2019-0C2-003043,20190421,MILFORD,90D,M,29,M,H,BRA
MSP - DFS,2019-0A1-005677,20190421,LAWRENCE,MV,M,29,M,H,DR
MSP - DFS,2019-0C2-003043,20190421,MILFORD,MV,M,29,M,H,BRA
MSP - DFS,2019-0B3-002419,20190421,SPRINGFIELD,90Z,W,32,F,H,PR
MSP - DFS,2019-0F1-017963,20190421,BOSTON,13A,F,37,M,W,U
MSP - DFS,2019-0B2-002447,20190421,DEERFIELD,90D,F,42,M,W,SX
MSP - DFS,2019-0B2-002447,20190421,DEERFIELD,90D,M,42,M,W,SX
MSP - DFS,2019-0B2-002447,20190421,DEERFIELD,MV,M,42,M,W,SX
MSP - DFS,2019-0B2-002447,20190421,DEERFIELD,MV,M,42,M,W,SX
MSP - DFS,2019-0A5-002764,20190421,REVERE,90D,M,58,M,W,ITAL
MSP - DFS,2019-0A5-002764,20190421,REVERE,MV,M,58,M,W,ITAL
MSP - DFS,2019-0A5-002764,20190421,REVERE,MV,M,58,M,W,ITAL
MSP - DFS,2019-0H4-001861,20190422,BOSTON,90Z,W,31,M,B,DR
MSP - DFS,2019-0C5-001538,20190422,STURBRIDGE,90Z,W,45,M,H,PR
MSP - DFS,2019-0C2-003108,20190423,MILFORD,90Z,W,31,F,H,BRA
MSP - DFS,2019-0C2-003108,20190423,MILFORD,MV,M,31,F,H,BRA
MSP - DFS,2019-0C2-003108,20190423,MILFORD,MV,M,31,F,H,BRA
MSP - DFS,2019-0B3-002452,20190423,SPRINGFIELD,90Z,W,33,F,H,ITAL
MSP - DFS,2019-0B3-002452,20190423,SPRINGFIELD,90Z,W,33,F,H,ITAL
MSP - DFS,2019-0B3-002452,20190423,SPRINGFIELD,90Z,W,33,F,H,ITAL
MSP - DFS,2019-0D7-002310,20190423,WAREHAM,290,F,35,M,W,ITAL
MSP - DFS,2019-0D7-002309,20190423,WAREHAM,290,F,35,M,W,ITAL
MSP - DFS,2019-0D7-002310,20190423,WAREHAM,13A,F,35,M,W,ITAL
MSP - DFS,2019-0D7-002309,20190423,WAREHAM,13A or 13B,M,35,M,W,ITAL
MSP - DFS,2019-0D7-002310,20190423,WAREHAM,13A or 13B,M,35,M,W,ITAL
MSP - DFS,2019-0D7-002310,20190423,WAREHAM,13A-13C,M,35,M,W,ITAL
MSP - DFS,2019-0D7-002309,20190423,WAREHAM,13A-13C,M,35,M,W,ITAL
MSP - DFS,2019-0D7-002310,20190423,WAREHAM,35A,F,35,M,W,ITAL
MSP - DFS,2019-0D7-002309,20190423,WAREHAM,35A,F,35,M,W,ITAL
MSP - DFS,2019-0D7-002310,20190423,WAREHAM,90Z,O,35,M,W,ITAL
MSP - DFS,2019-0D7-002309,20190423,WAREHAM,90Z,O,35,M,W,ITAL
MSP - DFS,2019-0H7-002182,20190423,CANTON,90Z,W,47,M,W,IRE
MSP - DFS,2019-0A5-002829,20190423,MALDEN,90Z,W,48,U,H,BRA
MSP - DFS,2019-0A5-002829,20190423,MALDEN,MV,M,48,U,H,BRA
MSP - DFS,2019-0B3-002470,20190424,CHICOPEE,520,F,21,M,H,PR
MSP - DFS,2019-0B3-002470,20190424,CHICOPEE,520,F,21,M,H,PR
MSP - DFS,2019-0B3-002470,20190424,CHICOPEE,520,F,21,M,H,PR
MSP - DFS,2019-0B3-002470,20190424,CHICOPEE,520,F,21,M,H,PR
MSP - DFS,2019-0B3-002470,20190424,CHICOPEE,MV,M,21,M,H,PR
MSP - DFS,2019-0B3-002470,20190424,CHICOPEE,MV,M,21,M,H,PR
MSP - DFS,2019-0A2-002473,20190424,TOPSFIELD,90D,M,21,M,W,IRE
MSP - DFS,2019-0A2-002473,20190424,TOPSFIELD,MV,M,21,M,W,IRE
MSP - DFS,2019-0A2-002473,20190424,TOPSFIELD,MV,M,21,M,W,IRE
MSP - DFS,2019-0B3-002470,20190424,CHICOPEE,520,F,26,M,H,PR
MSP - DFS,2019-0B3-002470,20190424,CHICOPEE,520,F,26,M,H,PR
MSP - DFS,2019-0B3-002470,20190424,CHICOPEE,520,F,26,M,H,PR
MSP - DFS,2019-0B3-002470,20190424,CHICOPEE,520,F,26,M,H,PR
MSP - DFS,2019-GES-001727,20190424,SPRINGFIELD,13A,F,27,F,H,PR
MSP - DFS,2019-0A6-003607,20190424,SAUGUS,90Z,W,61,M,W,BRA
MSP - DFS,2019-0H4-001912,20190425,BOSTON,90Z,W,20,M,H,DR
MSP - DFS,2019-0B2-002545,20190425,BERNARDSTON,35A,F,21,M,H,PR
MSP - DFS,2019-0B2-002545,20190425,BERNARDSTON,35A,F,21,M,H,PR
MSP - DFS,2019-0B2-002545,20190425,BERNARDSTON,90Z,F,21,M,H,PR
MSP - DFS,2019-0B2-002545,20190425,BERNARDSTON,90Z,O,21,M,H,PR
MSP - DFS,2019-0B3-002517,20190425,SPRINGFIELD,MV,M,21,M,H,PR
MSP - DFS,2019-0B3-002517,20190425,SPRINGFIELD,MV,M,21,M,H,PR
MSP - DFS,2019-0A1-005853,20190425,LAWRENCE,35A,F,24,M,H,DR
MSP - DFS,2019-0A1-005893,20190425,LAWRENCE,90Z,W,25,U,W,BRA
MSP - DFS,2019-0A5-002878,20190425,REVERE,90Z,W,29,M,H,PR
MSP - DFS,2019-0A5-002878,20190425,REVERE,90Z,W,29,M,H,PR
MSP - DFS,2019-0H7-002219,20190425,CANTON,280,F,33,F,H,BRA
MSP - DFS,2019-0H7-002219,20190425,CANTON,MV,M,33,F,H,BRA
MSP - DFS,2019-0H7-002219,20190425,CANTON,MV,M,33,F,H,BRA
MSP - DFS,2019-0B5-001731,20190425,RUSSELL,90D,M,34,M,W,SX
MSP - DFS,2019-0B5-001731,20190425,RUSSELL,MV,M,34,M,W,SX
MSP - DFS,2019-0B5-001731,20190425,RUSSELL,MV,M,34,M,W,SX
MSP - DFS,2019-0A2-002487,20190425,HAVERHILL,35A,F,35,M,H,DR
MSP - DFS,2019-0A2-002487,20190425,HAVERHILL,MV,M,35,M,H,DR
MSP - DFS,2019-0D4-002413,20190425,TAUNTON,90Z,W,37,M,H,PR
MSP - DFS,2019-0D4-002413,20190425,TAUNTON,MV,M,37,M,H,PR
MSP - DFS,2019-0D4-002413,20190425,TAUNTON,MV,M,37,M,H,PR
MSP - DFS,2019-0F1-018689,20190425,BOSTON,90,M,42,M,B,HT
MSP - DFS,2019-0F1-018689,20190425,BOSTON,90J,M,42,M,B,HT
MSP - DFS,2019-0H5-002569,20190425,CAMBRIDGE,90Z,W,53,M,B,CC
MSP - DFS,2019-0H9-004204,20190426,BOSTON,90Z,W,23,M,H,DR
MSP - DFS,2019-0H9-004204,20190426,BOSTON,90Z,W,23,M,H,DR
MSP - DFS,2019-0A1-005933,20190426,HAVERHILL,35A,F,24,M,W,GR
MSP - DFS,2019-0A1-005933,20190426,HAVERHILL,MV,M,24,M,W,GR
MSP - DFS,2019-0A1-005933,20190426,HAVERHILL,MV,M,24,M,W,GR
MSP - DFS,2019-0A1-005933,20190426,HAVERHILL,MV,,24,M,W,GR
MSP - DFS,2019-0H7-002250,20190426,BROCKTON,100,F,27,M,H,PR
MSP - DFS,2019-0H7-002250,20190426,BROCKTON,13A,F,27,M,H,PR
MSP - DFS,2019-0H7-002250,20190426,BROCKTON,13A,F,27,M,H,PR
MSP - DFS,2019-0D7-002353,20190426,BOURNE,90Z,W,32,F,U,U
MSP - DFS,2019-0F1-018870,20190426,BOSTON,90Z,W,35,M,B,U
MSP - DFS,2019-0A6-003669,20190426,LYNNFIELD,13A-13C,M,39,M,O,THAI
MSP - DFS,2019-0A6-003669,20190426,LYNNFIELD,90Z,W,39,M,O,THAI
MSP - DFS,2019-0A6-003669,20190426,LYNNFIELD,90Z,W,39,M,O,THAI
MSP - DFS,2019-0A6-003669,20190426,LYNNFIELD,90Z,W,39,M,O,THAI
MSP - DFS,2019-0A6-003669,20190426,LYNNFIELD,90Z,W,39,M,O,THAI
MSP - DFS,2019-0A6-003669,20190426,LYNNFIELD,90Z,W,39,M,O,THAI
MSP - DFS,2019-0A6-003669,20190426,LYNNFIELD,90Z,W,39,M,O,THAI
MSP - DFS,2019-0A6-003669,20190426,LYNNFIELD,90Z,O,39,M,O,THAI
MSP - DFS,2019-0A6-003669,20190426,LYNNFIELD,MV,M,39,M,O,THAI
MSP - DFS,2019-0A6-003669,20190426,LYNNFIELD,MV,M,39,M,O,THAI
MSP - DFS,2019-0A6-003669,20190426,LYNNFIELD,MV,M,39,M,O,THAI
MSP - DFS,2019-0A6-003669,20190426,LYNNFIELD,MV,M,39,M,O,THAI
MSP - DFS,2019-0A6-003669,20190426,LYNNFIELD,MV,M,39,M,O,THAI
MSP - DFS,2019-0A6-003669,20190426,LYNNFIELD,MV,M,39,M,O,THAI
MSP - DFS,2019-0A6-003669,20190426,LYNNFIELD,MV,M,39,M,O,THAI
MSP - DFS,2019-0F1-018877,20190426,BOSTON,90J,M,42,M,B,U
MSP - DFS,2019-0C4-001972,20190426,FITCHBURG,MV,M,51,M,H,PR
MSP - DFS,2019-0F1-018881,20190426,BOSTON,90J,M,60,F,W,U
MSP - DFS,2019-0H6-002850,20190427,BOSTON,35A,F,20,M,H,MM
MSP - DFS,2019-0C2-003205,20190427,HOPKINTON,90D,M,20,M,H,CB
MSP - DFS,2019-0C2-003205,20190427,HOPKINTON,90G,M,20,M,H,CB
MSP - DFS,2019-0C2-003205,20190427,HOPKINTON,MV,M,20,M,H,CB
MSP - DFS,2019-0D4-002465,20190427,BROCKTON,520,F,24,M,B,U
MSP - DFS,2019-0D4-002465,20190427,BROCKTON,520,F,24,M,B,U
MSP - DFS,2019-0D4-002465,20190427,BROCKTON,520,F,24,M,B,U
MSP - DFS,2019-0D4-002465,20190427,BROCKTON,520,F,24,M,B,U
MSP - DFS,2019-0D4-002465,20190427,BROCKTON,520,F,24,M,B,U
MSP - DFS,2019-0D4-002465,20190427,BROCKTON,520,F,24,M,B,U
MSP - DFS,2019-0D4-002465,20190427,BROCKTON,"250,520",F,24,M,B,U
MSP - DFS,2019-0D4-002465,20190427,BROCKTON,"280,26A",M,24,M,B,U
MSP - DFS,2019-0D4-002465,20190427,BROCKTON,MV,M,24,M,B,U
MSP - DFS,2019-0D4-002465,20190427,BROCKTON,MV,M,24,M,B,U
MSP - DFS,2019-0D4-002465,20190427,BROCKTON,MV,M,24,M,B,U
MSP - DFS,2019-0D4-002465,20190427,BROCKTON,MV,M,24,M,B,U
MSP - DFS,2019-0D4-002465,20190427,BROCKTON,MV,M,24,M,B,U
MSP - DFS,2019-0H8-002756,20190427,WAYLAND,90Z,W,24,M,W,BRA
MSP - DFS,2019-0H8-002756,20190427,WAYLAND,MV,M,24,M,W,BRA
MSP - DFS,2019-0H8-002756,20190427,WAYLAND,MV,M,24,M,W,BRA
MSP - DFS,2019-0H8-002756,20190427,WAYLAND,MV,M,24,M,W,BRA
MSP - DFS,2019-0C5-001616,20190427,STURBRIDGE,90Z,W,33,U,H,MM
MSP - DFS,2019-0C5-001616,20190427,STURBRIDGE,MV,M,33,U,H,MM
MSP - DFS,2019-0B2-002576,20190427,DEERFIELD,90Z,W,34,M,H,PR
MSP - DFS,2019-0B2-002576,20190427,DEERFIELD,MV,M,34,M,H,PR
MSP - DFS,2019-0B2-002576,20190427,DEERFIELD,MV,M,34,M,H,PR
MSP - DFS,2019-0B2-002576,20190427,DEERFIELD,MV,M,34,M,H,PR
MSP - DFS,2019-0H3-002967,20190427,ATTLEBORO,90Z,W,35,M,W,SX
MSP - DFS,2019-0H9-004249,20190427,BOSTON,MV,M,35,M,W,BRA
MSP - DFS,2019-0H9-004249,20190427,BOSTON,MV,M,35,M,W,BRA
MSP - DFS,2019-0CX-004174,20190428,UPTON,90D,M,24,F,B,ITAL
MSP - DFS,2019-0CX-004174,20190428,UPTON,MV,M,24,F,B,ITAL
MSP - DFS,2019-0CX-004174,20190428,UPTON,MV,M,24,F,B,ITAL
MSP - DFS,2019-0D2-002229,20190428,HARWICH,520,F,25,M,W,IRE
MSP - DFS,2019-0D2-002229,20190428,HARWICH,90D,M,25,M,W,IRE
MSP - DFS,2019-0D2-002229,20190428,HARWICH,MV,M,25,M,W,IRE
MSP - DFS,2019-0A1-006020,20190428,LAWRENCE,90Z,W,27,M,H,DR
MSP - DFS,2019-0A1-006020,20190428,LAWRENCE,90Z,W,27,M,H,DR
MSP - DFS,2019-0A1-006020,20190428,LAWRENCE,90Z,W,27,M,H,DR
MSP - DFS,2019-0A1-006020,20190428,LAWRENCE,90Z,W,27,M,H,DR
MSP - DFS,2019-0C5-001620,20190428,STURBRIDGE,MV,M,36,M,B,HT
MSP - DFS,2019-0C5-001620,20190428,STURBRIDGE,MV,M,36,M,B,HT
MSP - DFS,2019-0C5-001620,20190428,STURBRIDGE,MV,M,36,M,B,HT
MSP - DFS,2019-0C4-002042,20190430,FITCHBURG,MV,M,30,M,H,PR
MSP - DFS,2019-0C4-002042,20190430,FITCHBURG,MV,M,30,M,H,PR
MSP - DFS,2019-0C4-002042,20190430,FITCHBURG,MV,M,30,M,H,PR
MSP - DFS,2019-0C2-003285,20190430,WESTBOROUGH,MV,M,31,M,W,SX
MSP - DFS,2019-0C2-003285,20190430,WESTBOROUGH,MV,M,31,M,W,SX
MSP - DFS,2019-0H6-002889,20190430,BOSTON,90Z,W,32,M,B,JM
MSP - DFS,2019-0D3-003354,20190430,NEW BEDFORD,35A,F,35,M,W,IRE
MSP - DFS,2019-0D3-003354,20190430,NEW BEDFORD,35A,F,35,M,W,IRE
MSP - DFS,2019-0D3-003354,20190430,NEW BEDFORD,35A,F,35,M,W,IRE
MSP - DFS,2019-0D3-003354,20190430,NEW BEDFORD,90Z,W,35,M,W,IRE
MSP - DFS,2019-0CX-004297,20190430,CHARLTON,90Z,W,37,M,H,BRA
MSP - DFS,2019-0CX-004297,20190430,CHARLTON,MV,M,37,M,H,BRA
MSP - DFS,2019-0H6-002901,20190430,BOSTON,90D,M,44,M,O,CN
MSP - DFS,2019-0H6-002901,20190430,BOSTON,MV,M,44,M,O,CN
MSP - DFS,2019-0H6-002901,20190430,BOSTON,MV,M,44,M,O,CN
MSP - DFS,2019-0D4-002510,20190430,EASTON,520,F,44,M,H,PR
MSP - DFS,2019-0D4-002510,20190430,EASTON,520,F,44,M,H,PR
MSP - DFS,2019-0D4-002510,20190430,EASTON,520,F,44,M,H,PR
MSP - DFS,2019-0D4-002510,20190430,EASTON,35A,F,44,M,H,PR
MSP - DFS,2019-0H4-002002,20190430,BOSTON,90Z,W,45,M,H,PR
MSP - DFS,2019-0H6-002892,20190430,QUINCY,35A,F,48,M,O,CN
MSP - DFS,2019-0D3-003343,20190430,NEW BEDFORD,90Z,W,49,M,H,DR
MSP - DFS,2019-0H9-004329,20190430,BOSTON,90Z,W,49,M,W,IRE
MSP - DFS,2019-0D3-003350,20190430,NEW BEDFORD,90Z,W,51,M,H,PR
MSP - DFS,2019-0B3-002606,20190430,SPRINGFIELD,90D,M,51,M,W,SX
MSP - DFS,2019-0B3-002606,20190430,SPRINGFIELD,MV,M,51,M,W,SX
MSP - DFS,2019-0C2-003290,20190430,BELLINGHAM,90Z,W,66,M,H,PR
MSP - DFS,2019-0D4-002537,20190501,TAUNTON,90D,M,30,M,W,U
MSP - DFS,2019-0D4-002537,20190501,TAUNTON,90D,M,30,M,W,U
MSP - DFS,2019-0D4-002537,20190501,TAUNTON,MV,M,30,M,W,U
MSP - DFS,2019-0D4-002537,20190501,TAUNTON,MV,M,30,M,W,U
MSP - DFS,2019-0D4-002537,20190501,TAUNTON,MV,M,30,M,W,U
MSP - DFS,2019-0D4-002537,20190501,TAUNTON,MV,M,30,M,W,U
MSP - DFS,2019-0D4-002537,20190501,TAUNTON,MV,M,30,M,W,U
MSP - DFS,2019-0D4-002537,20190501,TAUNTON,MV,M,30,M,W,U
MSP - DFS,2019-0D4-002537,20190501,TAUNTON,MV,M,30,M,W,U
MSP - DFS,2019-0F1-019931,20190501,WORCESTER,240,M,32,M,W,IRE
MSP - DFS,2019-0F1-019931,20190501,WORCESTER,290,F,32,M,W,IRE
MSP - DFS,2019-0F1-019931,20190501,WORCESTER,"220,290",M,32,M,W,IRE
MSP - DFS,2019-0F1-019931,20190501,WORCESTER,90J,M,32,M,W,IRE
MSP - DFS,2019-0H9-004399,20190501,BOSTON,90D,M,46,M,H,BRA
MSP - DFS,2019-0H9-004399,20190501,BOSTON,90D,M,46,M,H,BRA
MSP - DFS,2019-0H9-004399,20190501,BOSTON,MV,M,46,M,H,BRA
MSP - DFS,2019-0H9-004399,20190501,BOSTON,MV,M,46,M,H,BRA
MSP - DFS,2019-0H9-004399,20190501,BOSTON,MV,M,46,M,H,BRA
MSP - DFS,2019-0H9-004399,20190501,BOSTON,MV,M,46,M,H,BRA
MSP - DFS,2019-0H9-004399,20190501,BOSTON,MV,M,46,M,H,BRA
MSP - DFS,2019-0H9-004399,20190501,BOSTON,MV,M,46,M,H,BRA
MSP - DFS,2019-0H9-004399,20190501,BOSTON,MV,M,46,M,H,BRA
MSP - DFS,2019-0H9-004399,20190501,BOSTON,MV,M,46,M,H,BRA
MSP - DFS,2019-0H9-004399,20190501,BOSTON,MV,M,46,M,H,BRA
MSP - DFS,2019-0H9-004399,20190501,BOSTON,MV,M,46,M,H,BRA
MSP - DFS,2019-0H9-004434,20190502,BOSTON,MV,M,21,M,H,DR
MSP - DFS,2019-0H9-004434,20190502,BOSTON,MV,M,21,M,H,DR
MSP - DFS,2019-0H9-004434,20190502,BOSTON,MV,M,21,M,H,DR
MSP - DFS,2019-0H9-004434,20190502,BOSTON,MV,M,21,M,H,DR
MSP - DFS,2019-0H9-004434,20190502,BOSTON,MV,M,21,M,H,DR
MSP - DFS,2019-0H9-004434,20190502,BOSTON,MV,M,21,M,H,DR
MSP - DFS,2019-0D6-000233,20190502,NANTUCKET,90D,M,27,M,H,MM
MSP - DFS,2019-0D6-000233,20190502,NANTUCKET,MV,M,27,M,H,MM
MSP - DFS,2019-0D6-000233,20190502,NANTUCKET,MV,M,27,M,H,MM
MSP - DFS,2019-0D3-003440,20190502,NEW BEDFORD,90Z,W,31,M,W,IRE
MSP - DFS,2019-0H6-002927,20190502,BOSTON,90D,M,35,M,H,DR
MSP - DFS,2019-0H6-002927,20190502,BOSTON,MV,M,35,M,H,DR
MSP - DFS,2019-0A4-003967,20190502,SOMERVILLE,90Z,W,37,M,B,JM
MSP - DFS,2019-0A4-003967,20190502,SOMERVILLE,MV,M,37,M,B,JM
MSP - DFS,2019-0A4-003967,20190502,SOMERVILLE,MV,M,37,M,B,JM
MSP - DFS,2019-0D3-003441,20190502,NEW BEDFORD,90Z,W,38,M,W,ITAL
MSP - DFS,2019-0C6-002983,20190502,WEST BOYLSTON,90D,M,40,M,H,PR
MSP - DFS,2019-0C6-002983,20190502,WEST BOYLSTON,90D,M,40,M,H,PR
MSP - DFS,2019-0C6-002983,20190502,WEST BOYLSTON,MV,M,40,M,H,PR
MSP - DFS,2019-0C6-002983,20190502,WEST BOYLSTON,MV,M,40,M,H,PR
MSP - DFS,2019-0H6-002959,20190503,BOSTON,35A,F,26,M,H,DR
MSP - DFS,2019-0H6-002959,20190503,BOSTON,90Z,W,26,M,H,DR
MSP - DFS,2019-0A1-006262,20190503,LAWRENCE,MV,M,27,M,H,PR
MSP - DFS,2019-0A1-006262,20190503,LAWRENCE,MV,M,27,M,H,PR
MSP - DFS,2019-0H6-002959,20190503,BOSTON,35A,F,28,M,H,DR
MSP - DFS,2019-0H6-002959,20190503,BOSTON,90Z,W,28,M,H,DR
MSP - DFS,2019-0H6-002959,20190503,BOSTON,90Z,W,28,M,H,DR
MSP - DFS,2019-0H6-002959,20190503,BOSTON,90Z,W,28,M,H,DR
MSP - DFS,2019-0A1-006254,20190503,LAWRENCE,250,M,29,M,H,DR
MSP - DFS,2019-0A1-006254,20190503,LAWRENCE,26A,M,29,M,H,DR
MSP - DFS,2019-0A1-006254,20190503,LAWRENCE,"280,26A",M,29,M,H,DR
MSP - DFS,2019-0A1-006254,20190503,LAWRENCE,MV,M,29,M,H,DR
MSP - DFS,2019-0A1-006254,20190503,LAWRENCE,MV,M,29,M,H,DR
MSP - DFS,2019-0A1-006270,20190503,LAWRENCE,MV,M,30,F,H,DR
MSP - DFS,2019-0A1-006270,20190503,LAWRENCE,MV,M,30,F,H,DR
MSP - DFS,2019-0A1-006270,20190503,LAWRENCE,MV,M,30,F,H,DR
MSP - DFS,2019-0A1-006247,20190503,LAWRENCE,MV,M,31,M,W,PR
MSP - DFS,2019-0A1-006247,20190503,LAWRENCE,MV,M,31,M,W,PR
MSP - DFS,2019-0A1-006276,20190503,LAWRENCE,MV,M,33,U,H,DR
MSP - DFS,2019-0A1-006276,20190503,LAWRENCE,MV,M,33,U,H,DR
MSP - DFS,2019-0A1-006290,20190503,LAWRENCE,90Z,W,34,M,H,DR
MSP - DFS,2019-0A1-006271,20190503,ANDOVER,250,M,37,M,H,DR
MSP - DFS,2019-0A1-006271,20190503,ANDOVER,26A,M,37,M,H,DR
MSP - DFS,2019-0A1-006271,20190503,ANDOVER,26C,M,37,M,H,DR
MSP - DFS,2019-0A1-006271,20190503,ANDOVER,35A,F,37,M,H,DR
MSP - DFS,2019-0A1-006271,20190503,ANDOVER,MV,M,37,M,H,DR
MSP - DFS,2019-0A1-006271,20190503,ANDOVER,MV,M,37,M,H,DR
MSP - DFS,2019-0A1-006271,20190503,ANDOVER,MV,M,37,M,H,DR
MSP - DFS,2019-0A1-006271,20190503,ANDOVER,MV,M,37,M,H,DR
MSP - DFS,2019-0H6-002952,20190503,QUINCY,90Z,W,40,M,H,DR
MSP - DFS,2019-0H6-002959,20190503,BOSTON,35A,F,48,M,H,DR
MSP - DFS,2019-0H6-002959,20190503,BOSTON,90Z,W,48,M,H,DR
MSP - DFS,2019-0A6-003908,20190503,PEABODY,26A,M,67,M,W,IRE
MSP - DFS,2019-0A6-003908,20190503,PEABODY,90D,F,67,M,W,IRE
MSP - DFS,2019-0A6-003908,20190503,PEABODY,90D,M,67,M,W,IRE
MSP - DFS,2019-0A6-003908,20190503,PEABODY,MV,M,67,M,W,IRE
MSP - DFS,2019-0A6-003908,20190503,PEABODY,MV,M,67,M,W,IRE
MSP - DFS,2019-0A6-003908,20190503,PEABODY,MV,M,67,M,W,IRE
MSP - DFS,2019-0A6-003908,20190503,PEABODY,MV,M,67,M,W,IRE
MSP - DFS,2019-0A6-003908,20190503,PEABODY,MV,O,67,M,W,IRE
MSP - DFS,2019-0A1-006298,20190504,METHUEN,90D,M,28,M,H,DR
MSP - DFS,2019-0A1-006298,20190504,METHUEN,MV,M,28,M,H,DR
MSP - DFS,2019-0A1-006318,20190504,LOWELL,MV,M,31,F,H,DR
MSP - DFS,2019-0A1-006318,20190504,LOWELL,MV,M,31,F,H,DR
MSP - DFS,2019-0A1-006318,20190504,LOWELL,MV,M,31,F,H,DR
MSP - DFS,2019-0A5-003075,20190504,REVERE,90D,M,32,M,H,HT
MSP - DFS,2019-0A5-003075,20190504,REVERE,90G,M,32,M,H,HT
MSP - DFS,2019-0A5-003075,20190504,REVERE,MV,M,32,M,H,HT
MSP - DFS,2019-0F1-020512,20190504,BOSTON,90Z,W,33,M,H,CC
MSP - DFS,2019-0D3-003511,20190504,NEW BEDFORD,90D,M,37,M,H,PR
MSP - DFS,2019-0D3-003511,20190504,NEW BEDFORD,90D,M,37,M,H,PR
MSP - DFS,2019-0D3-003511,20190504,NEW BEDFORD,MV,M,37,M,H,PR
MSP - DFS,2019-0D3-003511,20190504,NEW BEDFORD,MV,M,37,M,H,PR
MSP - DFS,2019-0D3-003511,20190504,NEW BEDFORD,MV,M,37,M,H,PR
MSP - DFS,2019-0A6-003925,20190504,SAUGUS,90Z,W,37,M,W,U
MSP - DFS,2019-0A6-003925,20190504,SAUGUS,90Z,W,37,M,W,U
MSP - DFS,2019-0A6-003925,20190504,SAUGUS,90Z,W,37,M,W,U
MSP - DFS,2019-0A6-003925,20190504,SAUGUS,90Z,W,37,M,W,U
MSP - DFS,2019-0A5-003087,20190504,REVERE,90D,M,46,M,O,VM
MSP - DFS,2019-0A5-003087,20190504,REVERE,MV,M,46,M,O,VM
MSP - DFS,2019-0A5-003087,20190504,REVERE,MV,M,46,M,O,VM
MSP - DFS,2019-0D3-003531,20190505,NEW BEDFORD,35A,F,32,M,H,PR
MSP - DFS,2019-0D3-003531,20190505,NEW BEDFORD,35A,F,32,M,H,PR
MSP - DFS,2019-0D3-003531,20190505,NEW BEDFORD,MV,M,32,M,H,PR
MSP - DFS,2019-0A4-004034,20190505,EVERETT,90D,M,35,M,H,BRA
MSP - DFS,2019-0A4-004034,20190505,EVERETT,90Z,W,35,M,H,BRA
MSP - DFS,2019-0A4-004034,20190505,EVERETT,90Z,W,35,M,H,BRA
MSP - DFS,2019-0A4-004034,20190505,EVERETT,MV,M,35,M,H,BRA
MSP - DFS,2019-0A4-004034,20190505,EVERETT,MV,M,35,M,H,BRA
MSP - DFS,2019-0H5-002703,20190505,WATERTOWN,MV,M,42,M,W,BRA
MSP - DFS,2019-0H5-002703,20190505,WATERTOWN,MV,M,42,M,W,BRA
MSP - DFS,2019-0D3-003520,20190505,DARTMOUTH,90D,M,46,M,H,U
MSP - DFS,2019-0D3-003520,20190505,DARTMOUTH,MV,M,46,M,H,U
MSP - DFS,2019-0D3-003520,20190505,DARTMOUTH,MV,M,46,M,H,U
MSP - DFS,2019-0D3-003520,20190505,DARTMOUTH,MV,M,46,M,H,U
MSP - DFS,2019-0H3-003169,20190505,ATTLEBORO,90D,M,51,M,W,CAN
MSP - DFS,2019-0H3-003169,20190505,ATTLEBORO,MV,M,51,M,W,CAN
MSP - DFS,2019-0A6-003950,20190505,PEABODY,90D,M,52,F,H,CB
MSP - DFS,2019-0A6-003950,20190505,PEABODY,MV,M,52,F,H,CB
MSP - DFS,2019-0A6-003950,20190505,PEABODY,MV,M,52,F,H,CB
MSP - DFS,2019-0A5-003136,20190506,REVERE,90Z,W,24,M,H,MM
MSP - DFS,2019-0H3-003178,20190506,FOXBOROUGH,90Z,W,25,U,H,DR
MSP - DFS,2019-0H3-003178,20190506,FOXBOROUGH,MV,M,25,U,H,DR
MSP - DFS,2019-0H3-003178,20190506,FOXBOROUGH,MV,O,25,U,H,DR
MSP - DFS,2019-0H2-003428,20190506,NEEDHAM,35A,F,30,M,W,U
MSP - DFS,2019-0H2-003428,20190506,NEEDHAM,MV,M,30,M,W,U
MSP - DFS,2019-0H2-003428,20190506,NEEDHAM,MV,M,30,M,W,U
MSP - DFS,2019-0C1-002245,20190506,WESTMINSTER,90D,M,33,M,W,P
MSP - DFS,2019-0C1-002245,20190506,WESTMINSTER,90G,M,33,M,W,P
MSP - DFS,2019-0C1-002245,20190506,WESTMINSTER,MV,O,33,M,W,P
MSP - DFS,2019-0C1-002245,20190506,WESTMINSTER,MV,,33,M,W,P
MSP - DFS,2019-0D3-003552,20190506,ROCHESTER,90Z,W,34,M,H,PR
MSP - DFS,2019-0A5-003119,20190506,CHELSEA,90D,M,52,M,H,CB
MSP - DFS,2019-0A5-003119,20190506,CHELSEA,MV,M,52,M,H,CB
MSP - DFS,2019-0A5-003119,20190506,CHELSEA,MV,M,52,M,H,CB
MSP - DFS,2019-0A5-003119,20190506,CHELSEA,MV,M,52,M,H,CB
MSP - DFS,2019-0A5-003119,20190506,CHELSEA,MV,M,52,M,H,CB
MSP - DFS,2019-0C4-002152,20190507,LANCASTER,90Z,W,24,M,H,PR
MSP - DFS,2019-0F1-020912,20190507,BOSTON,90Z,O,29,M,H,DR
MSP - DFS,2019-0H3-003200,20190507,NORWOOD,MV,M,39,M,H,PR
MSP - DFS,2019-0H3-003200,20190507,NORWOOD,MV,M,39,M,H,PR
MSP - DFS,2019-0H3-003200,20190507,NORWOOD,MV,M,39,M,H,PR
MSP - DFS,2019-0H4-002128,20190507,BOSTON,MV,M,47,M,I,VM
MSP - DFS,2019-0H4-002128,20190507,BOSTON,MV,M,47,M,I,VM
MSP - DFS,2019-0B8-002244,20190508,BLANDFORD,"280,26A",M,25,M,H,PR
MSP - DFS,2019-0B8-002244,20190508,BLANDFORD,90Z,W,25,F,H,PR
MSP - DFS,2019-0B8-002244,20190508,BLANDFORD,MV,M,25,M,H,PR
MSP - DFS,2019-0B8-002244,20190508,BLANDFORD,MV,M,25,M,H,PR
MSP - DFS,2019-0B8-002244,20190508,BLANDFORD,MV,M,25,M,H,PR
MSP - DFS,2019-0B8-002244,20190508,BLANDFORD,MV,M,25,M,H,PR
MSP - DFS,2019-0CX-004649,20190509,SOUTHBOROUGH,90Z,W,21,M,H,PR
MSP - DFS,2019-0A5-003183,20190509,REVERE,90,M,23,M,B,HT
MSP - DFS,2019-0A5-003183,20190509,REVERE,13A or 13B,M,23,M,B,HT
MSP - DFS,2019-0A5-003183,20190509,REVERE,13A-13C,M,23,M,B,HT
MSP - DFS,2019-0A5-003183,20190509,REVERE,"13C,90Z",M,23,M,B,HT
MSP - DFS,2019-0A5-003183,20190509,REVERE,"13C,90Z",M,23,M,B,HT
MSP - DFS,2019-0A5-003183,20190509,REVERE,"13C,90Z",M,23,M,B,HT
MSP - DFS,2019-0A5-003183,20190509,REVERE,90D,M,23,M,B,HT
MSP - DFS,2019-0A5-003183,20190509,REVERE,90G,M,23,M,B,HT
MSP - DFS,2019-0A5-003183,20190509,REVERE,MV,M,23,M,B,HT
MSP - DFS,2019-0A5-003183,20190509,REVERE,MV,M,23,M,B,HT
MSP - DFS,2019-0A5-003183,20190509,REVERE,MV,M,23,M,B,HT
MSP - DFS,2019-0H2-003492,20190509,FRAMINGHAM,90D,M,25,M,H,PR
MSP - DFS,2019-0B3-002798,20190509,CHICOPEE,MV,M,25,M,H,PR
MSP - DFS,2019-0B3-002798,20190509,CHICOPEE,MV,M,25,M,H,PR
MSP - DFS,2019-0B3-002798,20190509,CHICOPEE,MV,M,25,M,H,PR
MSP - DFS,2019-0H2-003492,20190509,FRAMINGHAM,MV,M,25,M,H,PR
MSP - DFS,2019-0B3-002798,20190509,CHICOPEE,MV,M,25,M,H,PR
MSP - DFS,2019-0B3-002798,20190509,CHICOPEE,MV,M,25,M,H,PR
MSP - DFS,2019-0H2-003492,20190509,FRAMINGHAM,MV,O,25,M,H,PR
MSP - DFS,2019-0H9-004659,20190509,BOSTON,240,M,25,M,U,EY
MSP - DFS,2019-0H9-004659,20190509,BOSTON,280,F,25,M,U,EY
MSP - DFS,2019-0A5-003196,20190509,REVERE,MV,M,34,U,H,CR
MSP - DFS,2019-0A5-003196,20190509,REVERE,MV,O,34,U,H,CR
MSP - DFS,2019-0D3-003648,20190509,WESTPORT,90Z,W,38,M,W,U
MSP - DFS,2019-0H8-003108,20190510,NATICK,520,F,23,M,B,JM
MSP - DFS,2019-0H8-003108,20190510,NATICK,520,F,23,M,B,JM
MSP - DFS,2019-0H8-003108,20190510,NATICK,520,F,23,M,B,JM
MSP - DFS,2019-0H8-003108,20190510,NATICK,MV,M,23,M,B,JM
MSP - DFS,2019-0H9-004696,20190510,BOSTON,90D,M,24,M,O,CN
MSP - DFS,2019-0H9-004696,20190510,BOSTON,MV,M,24,M,O,CN
MSP - DFS,2019-0H9-004696,20190510,BOSTON,MV,M,24,M,O,CN
MSP - DFS,2019-0H9-004696,20190510,BOSTON,MV,M,24,M,O,CN
MSP - DFS,2019-0H9-004696,20190510,BOSTON,MV,M,24,M,O,CN
MSP - DFS,2019-0H9-004696,20190510,BOSTON,MV,M,24,M,O,CN
MSP - DFS,2019-0D4-002707,20190510,TAUNTON,90G,M,25,M,B,HT
MSP - DFS,2019-0D4-002707,20190510,TAUNTON,90Z,W,25,M,B,HT
MSP - DFS,2019-0D4-002707,20190510,TAUNTON,MV,M,25,M,B,HT
MSP - DFS,2019-0D4-002707,20190510,TAUNTON,MV,M,25,M,B,HT
MSP - DFS,2019-0D4-002707,20190510,TAUNTON,MV,M,25,M,B,HT
MSP - DFS,2019-0A1-006623,20190510,LAWRENCE,"13C,90Z",M,25,M,H,DR
MSP - DFS,2019-0A1-006623,20190510,LAWRENCE,35A,F,25,M,H,DR
MSP - DFS,2019-0A1-006623,20190510,LAWRENCE,MV,M,25,M,H,DR
MSP - DFS,2019-0H6-003155,20190510,QUINCY,90D,M,31,M,W,IRE
MSP - DFS,2019-0H6-003155,20190510,QUINCY,MV,M,31,M,W,IRE
MSP - DFS,2019-0H6-003155,20190510,QUINCY,MV,M,31,M,W,IRE
MSP - DFS,2019-0C5-001794,20190510,OXFORD,MV,M,32,M,H,PR
MSP - DFS,2019-0C5-001794,20190510,OXFORD,MV,M,32,M,H,PR
MSP - DFS,2019-0CX-004689,20190510,STURBRIDGE,90Z,W,34,M,H,PR
MSP - DFS,2019-0CX-004689,20190510,STURBRIDGE,90Z,W,34,M,H,PR
MSP - DFS,2019-0A6-004076,20190510,SAUGUS,MV,M,40,M,B,HT
MSP - DFS,2019-0A6-004076,20190510,SAUGUS,MV,M,40,M,B,HT
MSP - DFS,2019-0A6-004076,20190510,SAUGUS,MV,M,40,M,B,HT
MSP - DFS,2019-0A6-004076,20190510,SAUGUS,MV,M,40,M,B,HT
MSP - DFS,2019-0F1-021444,20190510,BOSTON,90Z,W,42,M,B,HT
MSP - DFS,2019-0D6-000243,20190510,NANTUCKET,MV,M,44,M,W,BRA
MSP - DFS,2019-0D6-000243,20190510,NANTUCKET,MV,M,44,M,W,BRA
MSP - DFS,2019-0A1-006595,20190510,LAWRENCE,MV,M,47,M,H,DR
MSP - DFS,2019-0A1-006595,20190510,LAWRENCE,MV,M,47,M,H,DR
MSP - DFS,2019-0A1-006595,20190510,LAWRENCE,MV,M,47,M,H,DR
MSP - DFS,2019-0A1-006599,20190510,LAWRENCE,250,M,51,M,H,DR
MSP - DFS,2019-0A1-006599,20190510,LAWRENCE,26A,M,51,M,H,DR
MSP - DFS,2019-0A1-006599,20190510,LAWRENCE,MV,M,51,M,H,DR
MSP - DFS,2019-0A1-006599,20190510,LAWRENCE,MV,M,51,M,H,DR
MSP - DFS,2019-0A1-006619,20190510,LAWRENCE,MV,M,56,M,H,DR
MSP - DFS,2019-0A1-006619,20190510,LAWRENCE,MV,M,56,M,H,DR
MSP - DFS,2019-0C4-002219,20190510,LEOMINSTER,90Z,W,59,M,H,PR
MSP - DFS,2019-0C6-003189,20190511,WORCESTER,90Z,W,23,F,H,PR
MSP - DFS,2019-0C6-003189,20190511,WORCESTER,MV,M,23,F,H,PR
MSP - DFS,2019-0A1-006644,20190511,WILMINGTON,90D,M,24,M,H,DR
MSP - DFS,2019-0H6-003162,20190511,RANDOLPH,90D,M,24,M,W,LE
MSP - DFS,2019-0H6-003162,20190511,RANDOLPH,MV,M,24,M,W,LE
MSP - DFS,2019-0H3-003321,20190511,NORTH ATTLEBOROUGH,90Z,W,27,F,H,PR
MSP - DFS,2019-0H3-003321,20190511,NORTH ATTLEBOROUGH,MV,M,27,F,H,PR
MSP - DFS,2019-0H3-003321,20190511,NORTH ATTLEBOROUGH,MV,M,27,F,H,PR
MSP - DFS,2019-0C5-001816,20190511,STURBRIDGE,90Z,W,28,U,H,DR
MSP - DFS,2019-0C5-001816,20190511,STURBRIDGE,MV,M,28,U,H,DR
MSP - DFS,2019-0H4-002207,20190511,CAMBRIDGE,90Z,W,30,F,H,HB
MSP - DFS,2019-0B6-004146,20190511,HOLYOKE,90Z,W,31,M,H,PR
MSP - DFS,2019-0A1-006645,20190511,ANDOVER,90D,M,36,F,W,IRE
MSP - DFS,2019-0A1-006645,20190511,ANDOVER,MV,M,36,F,W,IRE
MSP - DFS,2019-0A1-006645,20190511,ANDOVER,MV,M,36,F,W,IRE
MSP - DFS,2019-0H6-003184,20190511,BOSTON,90D,M,40,M,B,NG
MSP - DFS,2019-0H6-003184,20190511,BOSTON,MV,M,40,M,B,NG
MSP - DFS,2019-0H6-003184,20190511,BOSTON,MV,M,40,M,B,NG
MSP - DFS,2019-0H6-003184,20190511,BOSTON,MV,M,40,M,B,NG
MSP - DFS,2019-0H6-003184,20190511,BOSTON,MV,M,40,M,B,NG
MSP - DFS,2019-0H6-003184,20190511,BOSTON,MV,M,40,M,B,NG
MSP - DFS,2019-0F1-021819,20190511,BOSTON,90Z,M,44,M,O,VM
MSP - DFS,2019-0C4-002251,20190512,LEOMINSTER,90D,M,23,M,H,PR
MSP - DFS,2019-0C6-003193,20190512,WORCESTER,90Z,W,23,M,H,PR
MSP - DFS,2019-0C6-003193,20190512,WORCESTER,90Z,M,23,M,H,PR
MSP - DFS,2019-0C4-002251,20190512,LEOMINSTER,MV,M,23,M,H,PR
MSP - DFS,2019-0C4-002251,20190512,LEOMINSTER,MV,M,23,M,H,PR
MSP - DFS,2019-0C4-002251,20190512,LEOMINSTER,MV,M,23,M,H,PR
MSP - DFS,2019-0C4-002251,20190512,LEOMINSTER,MV,M,23,M,H,PR
MSP - DFS,2019-0C4-002251,20190512,LEOMINSTER,MV,M,23,M,H,PR
MSP - DFS,2019-0F1-021846,20190512,BOSTON,520,F,29,M,W,U
MSP - DFS,2019-0F1-021846,20190512,BOSTON,520,F,29,M,W,U
MSP - DFS,2019-0F1-021846,20190512,BOSTON,520,F,29,M,W,U
MSP - DFS,2019-0F1-021846,20190512,BOSTON,520,F,29,M,W,U
MSP - DFS,2019-0F1-021846,20190512,BOSTON,13A,F,29,M,W,U
MSP - DFS,2019-0F1-021846,20190512,BOSTON,13A,F,29,M,W,U
MSP - DFS,2019-0F1-021846,20190512,BOSTON,"520,35A",F,29,M,W,U
MSP - DFS,2019-0CX-004801,20190512,WESTBOROUGH,90C,M,41,M,W,FR
MSP - DFS,2019-0CX-004801,20190512,WESTBOROUGH,C90C,M,41,M,W,FR
MSP - DFS,2019-0F1-021984,20190512,BOSTON,23C,M,49,F,J,TURK
MSP - DFS,2019-0C1-002375,20190513,GARDNER,35A,F,22,M,H,PR
MSP - DFS,2019-0C1-002375,20190513,GARDNER,MV,M,22,M,H,PR
MSP - DFS,2019-0C1-002375,20190513,GARDNER,MV,M,22,M,H,PR
MSP - DFS,2019-0H6-003214,20190513,BOSTON,35A,F,26,M,H,DR
MSP - DFS,2019-0C4-002262,20190513,FITCHBURG,90Z,W,30,M,H,MM
MSP - DFS,2019-0H6-003218,20190513,BOSTON,90Z,F,59,M,H,DR
MSP - DFS,2019-0B3-002913,20190514,SPRINGFIELD,520,F,32,M,H,PR
MSP - DFS,2019-0B3-002913,20190514,SPRINGFIELD,13A or 13B,M,32,M,H,PR
MSP - DFS,2019-0B3-002913,20190514,SPRINGFIELD,13A or 13B,M,32,M,H,PR
MSP - DFS,2019-0B3-002913,20190514,SPRINGFIELD,13A-13C,M,32,M,H,PR
MSP - DFS,2019-0B3-002913,20190514,SPRINGFIELD,90Z,W,32,M,H,PR
MSP - DFS,2019-0H2-003633,20190514,WESTWOOD,35A,F,33,M,H,DR
MSP - DFS,2019-0H2-003633,20190514,WESTWOOD,MV,M,33,M,H,DR
MSP - DFS,2019-0H2-003633,20190514,WESTWOOD,MV,M,33,M,H,DR
MSP - DFS,2019-0A5-003313,20190514,REVERE,90,M,36,M,B,HT
MSP - DFS,2019-0A5-003313,20190514,REVERE,13A or 13B,M,36,M,B,HT
MSP - DFS,2019-0A5-003313,20190514,REVERE,13A or 13B,M,36,M,B,HT
MSP - DFS,2019-0A5-003313,20190514,REVERE,13B-13C,F,36,M,B,HT
MSP - DFS,2019-0A5-003313,20190514,REVERE,"13C,90Z",M,36,M,B,HT
MSP - DFS,2019-0A5-003313,20190514,REVERE,35A,M,36,M,B,HT
MSP - DFS,2019-0A5-003313,20190514,REVERE,"510,13C",F,36,M,B,HT
MSP - DFS,2019-0B3-002897,20190514,SPRINGFIELD,90Z,W,37,M,H,PR
MSP - DFS,2019-0B3-002897,20190514,SPRINGFIELD,MV,M,37,M,H,PR
MSP - DFS,2019-0B3-002897,20190514,SPRINGFIELD,MV,M,37,M,H,PR
MSP - DFS,2019-0D4-002773,20190514,MIDDLEBOROUGH,MV,M,40,M,H,BRA
MSP - DFS,2019-0D1-002309,20190514,PEMBROKE,MV,M,48,U,W,BRA
MSP - DFS,2019-0D1-002309,20190514,PEMBROKE,MV,M,48,U,W,BRA
MSP - DFS,2019-0C4-002293,20190514,FITCHBURG,MV,M,49,M,H,PR
MSP - DFS,2019-0C4-002293,20190514,FITCHBURG,MV,M,49,M,H,PR
MSP - DFS,2019-0A1-006867,20190515,LAWRENCE,250,M,26,M,H,DR
MSP - DFS,2019-0A1-006867,20190515,LAWRENCE,"13C,90Z",M,26,M,H,DR
MSP - DFS,2019-0A1-006867,20190515,LAWRENCE,26A,M,26,M,H,DR
MSP - DFS,2019-0A1-006867,20190515,LAWRENCE,26A,M,26,M,H,DR
MSP - DFS,2019-0A1-006867,20190515,LAWRENCE,"280,26A",M,26,M,H,DR
MSP - DFS,2019-0A1-006867,20190515,LAWRENCE,90Z,O,26,M,H,DR
MSP - DFS,2019-0A1-006867,20190515,LAWRENCE,90Z,O,26,M,H,DR
MSP - DFS,2019-0A1-006867,20190515,LAWRENCE,90Z,O,26,M,H,DR
MSP - DFS,2019-0A1-006867,20190515,LAWRENCE,MV,M,26,M,H,DR
MSP - DFS,2019-0A6-004215,20190515,PEABODY,90Z,W,27,M,H,BRA
MSP - DFS,2019-0A6-004215,20190515,PEABODY,MV,M,27,M,H,BRA
MSP - DFS,2019-0A6-004215,20190515,PEABODY,MV,M,27,M,H,BRA
MSP - DFS,2019-0A6-004215,20190515,PEABODY,MV,M,27,M,H,BRA
MSP - DFS,2019-0C9-001940,20190515,AYER,90Z,W,36,F,W,FR
MSP - DFS,2019-0A5-003340,20190515,LYNN,90Z,W,41,M,W,IRE
MSP - DFS,2019-0A5-003340,20190515,LYNN,MV,M,41,M,W,IRE
MSP - DFS,2019-0A5-003340,20190515,LYNN,MV,M,41,M,W,IRE
MSP - DFS,2019-0A5-003340,20190515,LYNN,MV,M,41,M,W,IRE
MSP - DFS,2019-0A5-003340,20190515,LYNN,MV,M,41,M,W,IRE
MSP - DFS,2019-0A4-004376,20190515,MEDFORD,90Z,W,52,M,W,BRA
MSP - DFS,2019-0A4-004376,20190515,MEDFORD,MV,M,52,M,W,BRA
MSP - DFS,2019-0A4-004376,20190515,MEDFORD,MV,M,52,M,W,BRA
MSP - DFS,2019-0A4-004376,20190515,MEDFORD,MV,,52,M,W,BRA
MSP - DFS,2019-0A3-004579,20190516,BURLINGTON,90Z,W,34,M,W,BRA
MSP - DFS,2019-0H7-002632,20190517,CANTON,90Z,W,30,M,B,HT
MSP - DFS,2019-0C4-002348,20190517,LEOMINSTER,90Z,W,32,F,O,LAOS
MSP - DFS,2019-0C4-002361,20190517,LEOMINSTER,90Z,W,33,M,W,IRE
MSP - DFS,2019-0C4-002361,20190517,LEOMINSTER,MV,M,33,M,W,IRE
MSP - DFS,2019-0H3-003449,20190517,EASTON,90,M,34,M,B,HT
MSP - DFS,2019-0H3-003449,20190517,EASTON,13A,F,34,M,B,HT
MSP - DFS,2019-0H3-003449,20190517,EASTON,13A or 13B,M,34,M,B,HT
MSP - DFS,2019-0H3-003449,20190517,EASTON,13A-13C,M,34,M,B,HT
MSP - DFS,2019-0H3-003449,20190517,EASTON,MV,M,34,M,B,HT
MSP - DFS,2019-0H3-003449,20190517,EASTON,MV,M,34,M,B,HT
MSP - DFS,2019-0H3-003449,20190517,EASTON,MV,M,34,M,B,HT
MSP - DFS,2019-0D3-003869,20190517,DARTMOUTH,90D,M,37,M,H,BRA
MSP - DFS,2019-0D5-000243,20190517,OAK BLUFFS,MV,M,39,M,W,BRA
MSP - DFS,2019-0D5-000243,20190517,OAK BLUFFS,MV,M,39,M,W,BRA
MSP - DFS,2019-0D1-002379,20190518,KINGSTON,90D,M,25,M,W,U
MSP - DFS,2019-0D1-002379,20190518,KINGSTON,MV,M,25,M,W,U
MSP - DFS,2019-0D1-002379,20190518,KINGSTON,MV,M,25,M,W,U
MSP - DFS,2019-0B6-004394,20190518,HOLYOKE,90D,M,26,M,J,U
MSP - DFS,2019-0B6-004394,20190518,HOLYOKE,MV,M,26,M,J,U
MSP - DFS,2019-0B6-004394,20190518,HOLYOKE,MV,M,26,M,J,U
MSP - DFS,2019-0C5-001905,20190518,STURBRIDGE,90Z,W,37,U,H,DR
MSP - DFS,2019-0A1-006979,20190518,ANDOVER,90D,M,38,M,W,EN
MSP - DFS,2019-0A1-006979,20190518,ANDOVER,90Z,W,38,M,W,EN
MSP - DFS,2019-0A1-006979,20190518,ANDOVER,MV,M,38,M,W,EN
MSP - DFS,2019-0A6-004331,20190518,PEABODY,MV,M,38,M,W,ITAL
MSP - DFS,2019-0A6-004331,20190518,PEABODY,MV,M,38,M,W,ITAL
MSP - DFS,2019-0A1-006979,20190518,ANDOVER,MV,M,38,M,W,EN
MSP - DFS,2019-0A1-006979,20190518,ANDOVER,MV,M,38,M,W,EN
MSP - DFS,2019-0B3-002980,20190518,CHICOPEE,90Z,W,40,M,H,PR
MSP - DFS,2019-0B3-002980,20190518,CHICOPEE,90Z,W,40,M,H,PR
MSP - DFS,2019-0B3-002980,20190518,CHICOPEE,90Z,W,40,M,H,PR
MSP - DFS,2019-0B3-002980,20190518,CHICOPEE,MV,M,40,M,H,PR
MSP - DFS,2019-0B3-002980,20190518,CHICOPEE,MV,O,40,M,H,PR
MSP - DFS,2019-0C6-003315,20190518,WORCESTER,90D,M,44,M,H,DR
MSP - DFS,2019-0C6-003315,20190518,WORCESTER,MV,M,44,M,H,DR
MSP - DFS,2019-0C6-003315,20190518,WORCESTER,MV,M,44,M,H,DR
MSP - DFS,2019-0H2-003731,20190518,WALTHAM,90Z,W,50,M,H,BRA
MSP - DFS,2019-0C1-002468,20190518,WESTMINSTER,90Z,W,58,M,J,BRA
MSP - DFS,2019-0C1-002468,20190518,WESTMINSTER,MV,M,58,M,J,BRA
MSP - DFS,2019-0A4-004506,20190519,EVERETT,90Z,W,19,M,W,BRA
MSP - DFS,2019-0A4-004506,20190519,EVERETT,MV,M,19,M,W,BRA
MSP - DFS,2019-0A4-004506,20190519,EVERETT,MV,M,19,M,W,BRA
MSP - DFS,2019-0C2-003784,20190519,WESTBOROUGH,MV,M,23,M,H,BRA
MSP - DFS,2019-0C2-003784,20190519,WESTBOROUGH,MV,M,23,M,H,BRA
MSP - DFS,2019-0C2-003784,20190519,WESTBOROUGH,MV,M,23,M,H,BRA
MSP - DFS,2019-0CX-005067,20190519,WESTBOROUGH,90Z,W,25,M,W,G
MSP - DFS,2019-0H4-002360,20190519,CAMBRIDGE,90C,,28,M,W,U
MSP - DFS,2019-0H4-002360,20190519,CAMBRIDGE,90C,M,28,M,W,U
MSP - DFS,2019-0H4-002360,20190519,CAMBRIDGE,90Z,F,28,M,W,U
MSP - DFS,2019-0H9-005033,20190519,BOSTON,90D,M,40,M,W,U
MSP - DFS,2019-0H9-005033,20190519,BOSTON,MV,M,40,M,W,U
MSP - DFS,2019-0C4-002388,20190519,BOLTON,90Z,W,41,M,W,BRA
MSP - DFS,2019-0C4-002388,20190519,BOLTON,MV,M,41,M,W,BRA
MSP - DFS,2019-0D7-002923,20190519,PLYMOUTH,MV,M,51,M,W,IRE
MSP - DFS,2019-0D7-002923,20190519,PLYMOUTH,MV,M,51,M,W,IRE
MSP - DFS,2019-0D7-002923,20190519,PLYMOUTH,MV,M,51,M,W,IRE
MSP - DFS,2019-0D7-002923,20190519,PLYMOUTH,MV,M,51,M,W,IRE
MSP - DFS,2019-0C5-001943,20190520,STURBRIDGE,35A,F,27,M,O,CN
MSP - DFS,2019-0C5-001943,20190520,STURBRIDGE,MV,M,27,M,O,CN
MSP - DFS,2019-0H6-003375,20190520,BOSTON,MV,M,29,M,H,DR
MSP - DFS,2019-0H6-003375,20190520,BOSTON,MV,M,29,M,H,DR
MSP - DFS,2019-0H6-003375,20190520,BOSTON,MV,M,29,M,H,DR
MSP - DFS,2019-0D4-002907,20190520,BRIDGEWATER,90D,M,31,M,B,HT
MSP - DFS,2019-0D4-002907,20190520,BRIDGEWATER,MV,M,31,M,B,HT
MSP - DFS,2019-0D4-002907,20190520,BRIDGEWATER,MV,M,31,M,B,HT
MSP - DFS,2019-0B3-003026,20190520,SPRINGFIELD,90Z,W,46,M,H,PR
MSP - DFS,2019-0B3-003026,20190520,SPRINGFIELD,90Z,W,46,M,H,PR
MSP - DFS,2019-0B3-003026,20190520,SPRINGFIELD,MV,M,46,M,H,PR
MSP - DFS,2019-0B3-003026,20190520,SPRINGFIELD,MV,M,46,M,H,PR
MSP - DFS,2019-0H4-002374,20190520,BOSTON,90Z,W,50,M,H,DR
MSP - DFS,2019-0A1-007099,20190520,LAWRENCE,90Z,W,60,M,H,PR
MSP - DFS,2019-0A1-007099,20190520,LAWRENCE,90Z,W,60,M,H,PR
MSP - DFS,2019-0A1-007099,20190520,LAWRENCE,MV,M,60,M,H,PR
MSP - DFS,2019-0C4-002437,20190521,HARVARD,280,F,27,F,W,PR
MSP - DFS,2019-0C4-002437,20190521,HARVARD,280,F,27,F,W,PR
MSP - DFS,2019-0C4-002437,20190521,HARVARD,26A,M,27,F,W,PR
MSP - DFS,2019-0C4-002437,20190521,HARVARD,26A,M,27,F,W,PR
MSP - DFS,2019-0C4-002437,20190521,HARVARD,90Z,W,27,F,W,PR
MSP - DFS,2019-0C4-002437,20190521,HARVARD,90Z,W,27,F,W,PR
MSP - DFS,2019-0F1-023657,20190521,BOSTON,90J,M,57,M,B,NG
MSP - DFS,2019-0F1-023657,20190521,BOSTON,90Z,O,57,M,B,NG
MSP - DFS,2019-0H5-002953,20190522,WATERTOWN,90J,M,24,M,W,FR
MSP - DFS,2019-0A5-003533,20190522,CHELSEA,90Z,M,27,M,H,PR
MSP - DFS,2019-0C5-001959,20190522,STURBRIDGE,35A,F,33,M,H,DR
MSP - DFS,2019-0C5-001959,20190522,STURBRIDGE,35A,F,33,M,H,DR
MSP - DFS,2019-0C5-001959,20190522,STURBRIDGE,MV,M,33,M,H,DR
MSP - DFS,2019-0C2-003856,20190522,SUTTON,90D,M,33,M,W,U
MSP - DFS,2019-0C2-003856,20190522,SUTTON,MV,M,33,M,W,U
MSP - DFS,2019-0C2-003856,20190522,SUTTON,MV,M,33,M,W,U
MSP - DFS,2019-0C6-003400,20190522,WORCESTER,90Z,W,34,M,H,PR
MSP - DFS,2019-0C6-003400,20190522,WORCESTER,MV,M,34,M,H,PR
MSP - DFS,2019-0D3-003994,20190522,DARTMOUTH,90Z,W,39,M,H,PR
MSP - DFS,2019-0F1-023996,20190522,BOSTON,90Z,W,42,M,W,EN
MSP - DFS,2019-0F1-023996,20190522,BOSTON,90Z,W,42,M,W,EN
MSP - DFS,2019-0C4-002442,20190522,FITCHBURG,90Z,W,43,M,W,PR
MSP - DFS,2019-0D4-002960,20190522,MIDDLEBOROUGH,35A,F,45,M,W,ITAL
MSP - DFS,2019-0D4-002960,20190522,MIDDLEBOROUGH,35A,F,45,M,W,ITAL
MSP - DFS,2019-0D4-002960,20190522,MIDDLEBOROUGH,90D,M,45,M,W,ITAL
MSP - DFS,2019-0D4-002960,20190522,MIDDLEBOROUGH,MV,M,45,M,W,ITAL
MSP - DFS,2019-0D4-002960,20190522,MIDDLEBOROUGH,MV,M,45,M,W,ITAL
MSP - DFS,2019-0D4-002960,20190522,MIDDLEBOROUGH,MV,M,45,M,W,ITAL
MSP - DFS,2019-0B3-003083,20190523,CHICOPEE,90D,M,19,M,H,PR
MSP - DFS,2019-0B3-003083,20190523,CHICOPEE,90G,M,19,M,H,PR
MSP - DFS,2019-0B3-003083,20190523,CHICOPEE,MV,M,19,M,H,PR
MSP - DFS,2019-0H9-005213,20190523,BOSTON,MV,M,21,M,H,BRA
MSP - DFS,2019-0H9-005213,20190523,BOSTON,MV,M,21,M,H,BRA
MSP - DFS,2019-0H9-005213,20190523,BOSTON,MV,M,21,M,H,BRA
MSP - DFS,2019-0H9-005213,20190523,BOSTON,MV,M,21,M,H,BRA
MSP - DFS,2019-0B6-004581,20190523,HOLYOKE,MV,M,23,M,H,PR
MSP - DFS,2019-0B6-004581,20190523,HOLYOKE,MV,M,23,M,H,PR
MSP - DFS,2019-0B6-004581,20190523,HOLYOKE,MV,M,23,M,H,PR
MSP - DFS,2019-0A2-003129,20190523,ROWLEY,90D,M,24,M,W,IRE
MSP - DFS,2019-0A2-003129,20190523,ROWLEY,MV,M,24,M,W,IRE
MSP - DFS,2019-0A2-003129,20190523,ROWLEY,MV,M,24,M,W,IRE
MSP - DFS,2019-0A6-004490,20190523,WOBURN,90,M,32,F,U,U
MSP - DFS,2019-0A6-004490,20190523,WOBURN,13A-13C,M,32,F,U,U
MSP - DFS,2019-0A6-004490,20190523,WOBURN,90D,M,32,F,U,U
MSP - DFS,2019-0A6-004490,20190523,WOBURN,90G,M,32,F,U,U
MSP - DFS,2019-0A6-004490,20190523,WOBURN,MV,M,32,F,U,U
MSP - DFS,2019-0A6-004490,20190523,WOBURN,MV,M,32,F,U,U
MSP - DFS,2019-0A6-004490,20190523,WOBURN,MV,O,32,F,U,U
MSP - DFS,2019-0B3-003108,20190523,CHICOPEE,35A,F,33,M,H,PR
MSP - DFS,2019-0B3-003108,20190523,CHICOPEE,90Z,W,33,M,H,PR
MSP - DFS,2019-0H7-002749,20190523,RANDOLPH,35A,F,37,M,B,NG
MSP - DFS,2019-0H7-002749,20190523,RANDOLPH,MV,M,37,M,B,NG
MSP - DFS,2019-0H7-002749,20190523,RANDOLPH,MV,M,37,M,B,NG
MSP - DFS,2019-0H7-002749,20190523,RANDOLPH,MV,M,37,M,B,NG
MSP - DFS,2019-0H7-002749,20190523,RANDOLPH,MV,M,37,M,B,NG
MSP - DFS,2019-0A3-004884,20190524,BEDFORD,90Z,W,26,M,H,DR
MSP - DFS,2019-0B2-003024,20190524,GREENFIELD,90Z,W,32,M,H,DR
MSP - DFS,2019-0B2-003024,20190524,GREENFIELD,MV,M,32,M,H,DR
MSP - DFS,2019-0B2-003024,20190524,GREENFIELD,MV,M,32,M,H,DR
MSP - DFS,2019-0D4-002984,20190524,WEST BRIDGEWATER,90D,M,33,M,H,MM
MSP - DFS,2019-0CX-005281,20190524,GRAFTON,MV,M,33,M,H,PR
MSP - DFS,2019-0CX-005281,20190524,GRAFTON,MV,M,33,M,H,PR
MSP - DFS,2019-0D4-002984,20190524,WEST BRIDGEWATER,MV,M,33,M,H,MM
MSP - DFS,2019-0CX-005281,20190524,GRAFTON,MV,M,33,M,H,PR
MSP - DFS,2019-0CX-005281,20190524,GRAFTON,MV,M,33,M,H,PR
MSP - DFS,2019-0CX-005281,20190524,GRAFTON,MV,M,33,M,H,PR
MSP - DFS,2019-0CX-005281,20190524,GRAFTON,MV,M,33,M,H,PR
MSP - DFS,2019-0CX-005281,20190524,GRAFTON,MV,M,33,M,H,PR
MSP - DFS,2019-0CX-005281,20190524,GRAFTON,MV,M,33,M,H,PR
MSP - DFS,2019-0CX-005281,20190524,GRAFTON,MV,M,33,M,H,PR
MSP - DFS,2019-0CX-005281,20190524,GRAFTON,MV,M,33,M,H,PR
MSP - DFS,2019-0D4-002984,20190524,WEST BRIDGEWATER,MV,M,33,M,H,MM
MSP - DFS,2019-0CX-005281,20190524,GRAFTON,MV,M,33,M,H,PR
MSP - DFS,2019-0CX-005281,20190524,GRAFTON,MV,M,33,M,H,PR
MSP - DFS,2019-0CX-005295,20190524,WESTBOROUGH,90Z,W,35,M,B,PR
MSP - DFS,2019-0CX-005295,20190524,WESTBOROUGH,90Z,W,35,M,B,PR
MSP - DFS,2019-0CX-005295,20190524,WESTBOROUGH,MV,M,35,M,B,PR
MSP - DFS,2019-0CX-005295,20190524,WESTBOROUGH,MV,M,35,M,B,PR
MSP - DFS,2019-0CX-005295,20190524,WESTBOROUGH,MV,M,35,M,B,PR
MSP - DFS,2019-0D1-002504,20190524,PEMBROKE,"26A,270,23D,23H",F,40,M,W,SX
MSP - DFS,2019-0D4-002995,20190524,WEST BRIDGEWATER,90Z,W,51,M,B,HT
MSP - DFS,2019-0B3-003143,20190525,CHICOPEE,520,F,25,M,H,PR
MSP - DFS,2019-0B3-003143,20190525,CHICOPEE,520,F,25,M,H,PR
MSP - DFS,2019-0B3-003143,20190525,CHICOPEE,520,F,25,M,H,PR
MSP - DFS,2019-0B3-003143,20190525,CHICOPEE,MV,M,25,M,H,PR
MSP - DFS,2019-0B3-003143,20190525,CHICOPEE,MV,M,25,M,H,PR
MSP - DFS,2019-0H9-005263,20190525,BOSTON,35A,F,31,M,W,FR
MSP - DFS,2019-0H9-005263,20190525,BOSTON,MV,M,31,M,W,FR
MSP - DFS,2019-0H9-005263,20190525,BOSTON,MV,M,31,M,W,FR
MSP - DFS,2019-0H9-005263,20190525,BOSTON,MV,M,31,M,W,FR
MSP - DFS,2019-0H9-005263,20190525,BOSTON,MV,M,31,M,W,FR
MSP - DFS,2019-0A1-007371,20190525,LAWRENCE,MV,M,32,M,H,PR
MSP - DFS,2019-0A1-007371,20190525,LAWRENCE,MV,M,32,M,H,PR
MSP - DFS,2019-0A1-007371,20190525,LAWRENCE,MV,M,32,M,H,PR
MSP - DFS,2019-0A1-007371,20190525,LAWRENCE,MV,M,32,M,H,PR
MSP - DFS,2019-0A1-007328,20190525,LOWELL,90D,M,35,F,O,THAI
MSP - DFS,2019-0A5-003616,20190525,REVERE,90Z,W,36,F,I,AMI
MSP - DFS,2019-0A5-003616,20190525,REVERE,90Z,W,36,F,I,AMI
MSP - DFS,2019-0A1-007319,20190525,LOWELL,90D,M,44,M,H,PR
MSP - DFS,2019-0B3-003162,20190525,SPRINGFIELD,90D,M,49,M,H,MM
MSP - DFS,2019-0B3-003162,20190525,SPRINGFIELD,MV,M,49,M,H,MM
MSP - DFS,2019-0B3-003162,20190525,SPRINGFIELD,MV,M,49,M,H,MM
MSP - DFS,2019-0A6-004532,20190525,PEABODY,90D,M,52,M,H,HT
MSP - DFS,2019-0A6-004532,20190525,PEABODY,MV,M,52,M,H,HT
MSP - DFS,2019-0A1-007315,20190525,LOWELL,90D,M,53,M,H,PR
MSP - DFS,2019-0B3-003165,20190525,WEST SPRINGFIELD,90Z,W,53,M,H,PR
MSP - DFS,2019-0B3-003165,20190525,WEST SPRINGFIELD,MV,M,53,M,H,PR
MSP - DFS,2019-0B3-003165,20190525,WEST SPRINGFIELD,MV,M,53,M,H,PR
MSP - DFS,2019-0C2-003925,20190526,MARLBOROUGH,90D,M,24,M,B,DR
MSP - DFS,2019-0C2-003925,20190526,MARLBOROUGH,MV,M,24,M,B,DR
MSP - DFS,2019-0C2-003925,20190526,MARLBOROUGH,MV,M,24,M,B,DR
MSP - DFS,2019-0C4-002537,20190526,LITTLETON,90D,M,27,F,H,BRA
MSP - DFS,2019-0C4-002537,20190526,LITTLETON,MV,M,27,F,H,BRA
MSP - DFS,2019-0C4-002537,20190526,LITTLETON,MV,M,27,F,H,BRA
MSP - DFS,2019-0H4-002479,20190526,CAMBRIDGE,90Z,W,33,M,W,U
MSP - DFS,2019-0A5-003659,20190526,REVERE,90Z,W,37,M,H,DR
MSP - DFS,2019-0A5-003659,20190526,REVERE,MV,M,37,M,H,DR
MSP - DFS,2019-0A5-003659,20190526,REVERE,MV,M,37,M,H,DR
MSP - DFS,2019-0A5-003643,20190526,LYNN,13A,F,39,M,H,HB
MSP - DFS,2019-0D4-003046,20190526,BROCKTON,90D,M,49,U,H,BRA
MSP - DFS,2019-0D4-003046,20190526,BROCKTON,MV,M,49,U,H,BRA
MSP - DFS,2019-0D4-003046,20190526,BROCKTON,MV,M,49,U,H,BRA
MSP - DFS,2019-0A1-007380,20190526,ANDOVER,90D,M,54,M,W,BRA
MSP - DFS,2019-0A1-007380,20190526,ANDOVER,MV,M,54,M,W,BRA
MSP - DFS,2019-0C6-003506,20190526,NORTHBOROUGH,520,F,56,M,H,PR
MSP - DFS,2019-0C6-003506,20190526,NORTHBOROUGH,520,F,56,M,H,PR
MSP - DFS,2019-0C6-003506,20190526,NORTHBOROUGH,26A,M,56,M,H,PR
MSP - DFS,2019-0C6-003506,20190526,NORTHBOROUGH,90Z,M,56,M,H,PR
MSP - DFS,2019-0C6-003506,20190526,NORTHBOROUGH,90Z,M,56,M,H,PR
MSP - DFS,2019-0C6-003506,20190526,NORTHBOROUGH,MV,M,56,M,H,PR
MSP - DFS,2019-0C6-003506,20190526,NORTHBOROUGH,MV,M,56,M,H,PR
MSP - DFS,2019-0C6-003506,20190526,NORTHBOROUGH,MV,M,56,M,H,PR
MSP - DFS,2019-0C6-003506,20190526,NORTHBOROUGH,MV,M,56,M,H,PR
MSP - DFS,2019-0A6-004584,20190527,LYNNFIELD,13A,F,40,F,H,DR
MSP - DFS,2019-0A6-004584,20190527,LYNNFIELD,13A or 13B,M,40,F,H,DR
MSP - DFS,2019-0A6-004584,20190527,LYNNFIELD,90D,M,40,F,H,DR
MSP - DFS,2019-0H2-003963,20190527,DEDHAM,90D,M,40,M,H,BRA
MSP - DFS,2019-0H2-003963,20190527,DEDHAM,90Z,W,40,M,H,BRA
MSP - DFS,2019-0H2-003963,20190527,DEDHAM,90Z,W,40,M,H,BRA
MSP - DFS,2019-0H2-003963,20190527,DEDHAM,90Z,W,40,M,H,BRA
MSP - DFS,2019-0H2-003963,20190527,DEDHAM,90Z,W,40,M,H,BRA
MSP - DFS,2019-0A6-004584,20190527,LYNNFIELD,MV,M,40,F,H,DR
MSP - DFS,2019-0A6-004584,20190527,LYNNFIELD,MV,M,40,F,H,DR
MSP - DFS,2019-0H2-003963,20190527,DEDHAM,MV,M,40,M,H,BRA
MSP - DFS,2019-0H2-003963,20190527,DEDHAM,MV,M,40,M,H,BRA
MSP - DFS,2019-0A6-004584,20190527,LYNNFIELD,MV,M,40,F,H,DR
MSP - DFS,2019-0H2-003963,20190527,DEDHAM,MV,M,40,M,H,BRA
MSP - DFS,2019-0A3-004951,20190527,BILLERICA,90D,M,51,M,O,CA
MSP - DFS,2019-0A3-004951,20190527,BILLERICA,90D,M,51,M,O,CA
MSP - DFS,2019-0A3-004951,20190527,BILLERICA,MV,M,51,M,O,CA
MSP - DFS,2019-0A3-004951,20190527,BILLERICA,MV,M,51,M,O,CA
MSP - DFS,2019-0C4-002569,20190528,HARVARD,90Z,W,51,U,H,BRA
MSP - DFS,2019-0A3-005005,20190528,BILLERICA,90Z,W,56,M,B,DR
MSP - DFS,2019-0H5-003083,20190529,CAMBRIDGE,90Z,W,20,M,B,JM
MSP - DFS,2019-0H5-003083,20190529,CAMBRIDGE,90Z,W,20,M,B,JM
MSP - DFS,2019-0H9-005405,20190529,BOSTON,90Z,W,24,M,H,DR
MSP - DFS,2019-0B8-002677,20190529,WILBRAHAM,90Z,W,37,F,H,PR
MSP - DFS,2019-0C4-002590,20190530,FITCHBURG,90Z,W,23,F,H,PR
MSP - DFS,2019-0C4-002590,20190530,FITCHBURG,90Z,W,23,F,H,PR
MSP - DFS,2019-0A5-003817,20190530,BOSTON,90Z,W,27,U,H,BRA
MSP - DFS,2019-0H3-003800,20190530,NORTH ATTLEBOROUGH,35A,F,33,M,W,IRE
MSP - DFS,2019-0H3-003800,20190530,NORTH ATTLEBOROUGH,35A,F,33,M,W,IRE
MSP - DFS,2019-0D5-000273,20190530,EDGARTOWN,MV,M,43,M,W,BRA
MSP - DFS,2019-0C4-002597,20190530,BOXBOROUGH,90,M,46,M,H,BRA
MSP - DFS,2019-0C4-002597,20190530,BOXBOROUGH,MV,M,46,M,H,BRA
MSP - DFS,2019-0H5-003100,20190530,WALTHAM,90Z,W,53,M,H,PR
MSP - DFS,2019-0A1-007569,20190530,ANDOVER,90Z,W,55,M,H,BRA
MSP - DFS,2019-0H9-005497,20190531,BOSTON,MV,M,19,M,H,HB
MSP - DFS,2019-0H9-005497,20190531,BOSTON,MV,M,19,M,H,HB
MSP - DFS,2019-0F1-025670,20190531,BOSTON,90Z,M,23,M,H,DR
MSP - DFS,2019-0H6-003687,20190531,QUINCY,MV,M,31,M,H,CB
MSP - DFS,2019-0H6-003687,20190531,QUINCY,MV,M,31,M,H,CB
MSP - DFS,2019-0H8-003652,20190531,WESTON,90Z,W,32,U,H,BRA
MSP - DFS,2019-0H8-003652,20190531,WESTON,MV,M,32,U,H,BRA
MSP - DFS,2019-0H8-003652,20190531,WESTON,MV,M,32,U,H,BRA
MSP - DFS,2019-0C2-004093,20190531,WORCESTER,MV,M,33,M,W,PR
MSP - DFS,2019-0C2-004093,20190531,WORCESTER,MV,M,33,M,W,PR
MSP - DFS,2019-0C2-004093,20190531,WORCESTER,MV,M,33,M,W,PR
MSP - DFS,2019-0C2-004093,20190531,WORCESTER,MV,M,33,M,W,PR
MSP - DFS,2019-0H6-003710,20190531,BOSTON,90Z,W,51,M,O,VM
MSP - DFS,2019-0H9-005490,20190531,BOSTON,90D,M,52,F,H,BRA
MSP - DFS,2019-0H9-005490,20190531,BOSTON,90D,M,52,F,H,BRA
MSP - DFS,2019-0H9-005490,20190531,BOSTON,90D,M,52,F,H,BRA
MSP - DFS,2019-0H9-005490,20190531,BOSTON,90Z,O,52,F,H,BRA
MSP - DFS,2019-0H9-005490,20190531,BOSTON,MV,M,52,F,H,BRA
MSP - DFS,2019-0H9-005490,20190531,BOSTON,MV,M,52,F,H,BRA
MSP - DFS,2019-0D1-002687,20190601,HULL,35A,F,22,M,H,DR
MSP - DFS,2019-0D1-002687,20190601,HULL,MV,M,22,M,H,DR
MSP - DFS,2019-0D1-002687,20190601,HULL,MV,M,22,M,H,DR
MSP - DFS,2019-0C4-002633,20190601,FITCHBURG,90D,M,26,M,W,U
MSP - DFS,2019-0C4-002633,20190601,FITCHBURG,MV,M,26,M,W,U
MSP - DFS,2019-0A1-007673,20190601,METHUEN,90Z,W,29,M,H,DR
MSP - DFS,2019-0H9-005501,20190601,BOSTON,MV,M,30,M,B,HT
MSP - DFS,2019-0H9-005501,20190601,BOSTON,MV,M,30,M,B,HT
MSP - DFS,2019-0H9-005501,20190601,BOSTON,MV,M,30,M,B,HT
MSP - DFS,2019-0D3-004257,20190601,FALL RIVER,MV,M,36,M,I,AMI
MSP - DFS,2019-0D3-004257,20190601,FALL RIVER,MV,M,36,M,I,AMI
MSP - DFS,2019-0D3-004257,20190601,FALL RIVER,MV,M,36,M,I,AMI
MSP - DFS,2019-0H6-003731,20190601,BOSTON,90Z,W,49,M,B,JM
MSP - DFS,2019-0H9-005536,20190602,BOSTON,90D,M,25,M,W,EN
MSP - DFS,2019-0H9-005536,20190602,BOSTON,MV,M,25,M,W,EN
MSP - DFS,2019-0H9-005536,20190602,BOSTON,MV,M,25,M,W,EN
MSP - DFS,2019-0D7-003270,20190602,BOURNE,90D,M,27,F,H,PR
MSP - DFS,2019-0D7-003270,20190602,BOURNE,MV,M,27,F,H,PR
MSP - DFS,2019-0D7-003270,20190602,BOURNE,MV,M,27,F,H,PR
MSP - DFS,2019-0D7-003270,20190602,BOURNE,MV,M,27,F,H,PR
MSP - DFS,2019-0C4-002645,20190602,LEOMINSTER,90D,M,33,M,H,DR
MSP - DFS,2019-0C4-002645,20190602,LEOMINSTER,MV,M,33,M,H,DR
MSP - DFS,2019-0CX-005678,20190602,AUBURN,MV,M,36,M,H,HB
MSP - DFS,2019-0A1-007719,20190603,ANDOVER,35A,M,24,M,H,DR
MSP - DFS,2019-0A1-007719,20190603,ANDOVER,90Z,W,24,M,H,DR
MSP - DFS,2019-0A1-007719,20190603,ANDOVER,90Z,W,24,M,H,DR
MSP - DFS,2019-0B3-003342,20190603,LONGMEADOW,90Z,W,24,U,H,MM
MSP - DFS,2019-0B3-003342,20190603,LONGMEADOW,MV,M,24,U,H,MM
MSP - DFS,2019-0A1-007719,20190603,ANDOVER,MV,M,24,M,H,DR
MSP - DFS,2019-0A1-007719,20190603,ANDOVER,MV,M,24,M,H,DR
MSP - DFS,2019-0B3-003342,20190603,LONGMEADOW,MV,M,24,U,H,MM
MSP - DFS,2019-0A1-007719,20190603,ANDOVER,MV,M,24,M,H,DR
MSP - DFS,2019-0A1-007719,20190603,ANDOVER,MV,,24,M,H,DR
MSP - DFS,2019-0C4-002668,20190603,FITCHBURG,90D,M,25,M,H,U
MSP - DFS,2019-0C4-002668,20190603,FITCHBURG,MV,M,25,M,H,U
MSP - DFS,2019-0H9-005602,20190603,BOSTON,13A,F,29,M,H,DR
MSP - DFS,2019-0H9-005602,20190603,BOSTON,13A-13C,M,29,M,H,DR
MSP - DFS,2019-0H9-005602,20190603,BOSTON,90Z,M,29,M,H,DR
MSP - DFS,2019-0D3-004323,20190603,NEW BEDFORD,MV,M,29,M,W,U
MSP - DFS,2019-0D3-004323,20190603,NEW BEDFORD,MV,M,29,M,W,U
MSP - DFS,2019-0B3-003358,20190603,SPRINGFIELD,35A,F,34,M,H,PR
MSP - DFS,2019-0B3-003358,20190603,SPRINGFIELD,35A,F,34,M,H,PR
MSP - DFS,2019-0B3-003358,20190603,SPRINGFIELD,90Z,W,34,M,H,PR
MSP - DFS,2019-0B3-003358,20190603,SPRINGFIELD,MV,M,34,M,H,PR
MSP - DFS,2019-0B3-003358,20190603,SPRINGFIELD,MV,M,34,M,H,PR
MSP - DFS,2019-0B3-003358,20190603,SPRINGFIELD,MV,M,34,M,H,PR
MSP - DFS,2019-0C4-002673,20190603,LEOMINSTER,90Z,W,37,M,H,PR
MSP - DFS,2019-0C4-002673,20190603,LEOMINSTER,90Z,W,37,M,H,PR
MSP - DFS,2019-0C4-002673,20190603,LEOMINSTER,90Z,M,37,M,H,PR
MSP - DFS,2019-0C2-004140,20190603,BELLINGHAM,MV,M,38,M,W,BRA
MSP - DFS,2019-0C2-004140,20190603,BELLINGHAM,MV,M,38,M,W,BRA
MSP - DFS,2019-0C2-004140,20190603,BELLINGHAM,MV,M,38,M,W,BRA
MSP - DFS,2019-0B3-003367,20190604,SPRINGFIELD,90Z,W,20,M,H,PR
MSP - DFS,2019-0B3-003367,20190604,SPRINGFIELD,90Z,M,20,M,H,PR
MSP - DFS,2019-0B3-003367,20190604,SPRINGFIELD,MV,M,20,M,H,PR
MSP - DFS,2019-0B3-003367,20190604,SPRINGFIELD,MV,M,20,M,H,PR
MSP - DFS,2019-0A6-004872,20190604,SAUGUS,MV,M,24,M,W,BRA
MSP - DFS,2019-0A6-004872,20190604,SAUGUS,MV,M,24,M,W,BRA
MSP - DFS,2019-0A6-004872,20190604,SAUGUS,MV,M,24,M,W,BRA
MSP - DFS,2019-0B3-003369,20190604,CHICOPEE,35A,F,29,M,H,DR
MSP - DFS,2019-0B3-003369,20190604,CHICOPEE,35A,F,29,M,H,DR
MSP - DFS,2019-0H9-005616,20190604,BOSTON,90Z,W,31,M,W,HB
MSP - DFS,2019-0H2-004187,20190604,CANTON,"13C,90Z",M,38,M,B,U
MSP - DFS,2019-0B3-003374,20190604,CHICOPEE,90Z,W,38,M,B,SOMI
MSP - DFS,2019-0H2-004187,20190604,CANTON,90Z,W,38,M,B,U
MSP - DFS,2019-0H2-004187,20190604,CANTON,90Z,W,38,M,B,U
MSP - DFS,2019-0H2-004187,20190604,CANTON,90Z,W,38,M,B,U
MSP - DFS,2019-0B3-003374,20190604,CHICOPEE,MV,M,38,M,B,SOMI
MSP - DFS,2019-0H2-004187,20190604,CANTON,MV,M,38,M,B,U
MSP - DFS,2019-0H2-004187,20190604,CANTON,MV,M,38,M,B,U
MSP - DFS,2019-0B3-003374,20190604,CHICOPEE,MV,O,38,M,B,SOMI
MSP - DFS,2019-0H2-004187,20190604,CANTON,MV,M,38,M,B,U
MSP - DFS,2019-0H2-004187,20190604,CANTON,MV,M,38,M,B,U
MSP - DFS,2019-0D1-002792,20190604,DUXBURY,90D,M,38,F,W,U
MSP - DFS,2019-0D1-002792,20190604,DUXBURY,MV,M,38,F,W,U
MSP - DFS,2019-0D1-002792,20190604,DUXBURY,MV,M,38,F,W,U
MSP - DFS,2019-0H4-002725,20190604,BOSTON,90Z,W,44,U,W,BRA
MSP - DFS,2019-0H7-003012,20190605,BRAINTREE,90Z,W,23,M,B,HT
MSP - DFS,2019-0H4-002736,20190605,BOSTON,MV,M,26,M,H,DR
MSP - DFS,2019-0H4-002761,20190605,BOSTON,90Z,W,27,M,H,DR
MSP - DFS,2019-0H4-002761,20190605,BOSTON,90Z,W,27,M,H,DR
MSP - DFS,2019-0H4-002761,20190605,BOSTON,MV,M,27,M,H,DR
MSP - DFS,2019-0H4-002761,20190605,BOSTON,MV,M,27,M,H,DR
MSP - DFS,2019-0H4-002761,20190605,BOSTON,MV,M,27,M,H,DR
MSP - DFS,2019-0C5-002152,20190605,STURBRIDGE,35A,F,29,M,H,PR
MSP - DFS,2019-0C5-002152,20190605,STURBRIDGE,MV,,29,M,H,PR
MSP - DFS,2019-0D2-002894,20190605,BARNSTABLE,35A,F,48,M,W,SX
MSP - DFS,2019-0D2-002894,20190605,BARNSTABLE,90Z,W,48,M,W,SX
MSP - DFS,2019-0D2-002894,20190605,BARNSTABLE,MV,M,48,M,W,SX
MSP - DFS,2019-0H9-005694,20190605,BOSTON,90D,M,56,F,W,EN
MSP - DFS,2019-0H9-005694,20190605,BOSTON,MV,M,56,F,W,EN
MSP - DFS,2019-0H9-005694,20190605,BOSTON,MV,M,56,F,W,EN
MSP - DFS,2019-0B3-003415,20190606,SPRINGFIELD,90Z,W,20,M,H,PR
MSP - DFS,2019-0B3-003415,20190606,SPRINGFIELD,90Z,W,20,M,H,PR
MSP - DFS,2019-0B3-003415,20190606,SPRINGFIELD,MV,M,20,M,H,PR
MSP - DFS,2019-0B3-003415,20190606,SPRINGFIELD,MV,M,20,M,H,PR
MSP - DFS,2019-0B3-003415,20190606,SPRINGFIELD,MV,M,20,M,H,PR
MSP - DFS,2019-0B3-003415,20190606,SPRINGFIELD,MV,M,20,M,H,PR
MSP - DFS,2019-0D4-003245,20190606,WEST BRIDGEWATER,90Z,W,28,F,H,PR
MSP - DFS,2019-0D4-003245,20190606,WEST BRIDGEWATER,90Z,W,28,F,H,PR
MSP - DFS,2019-0H4-002773,20190606,BOSTON,90Z,W,32,F,H,PR
MSP - DFS,2019-0B4-002850,20190606,NORTH ADAMS,90Z,W,35,F,W,U
MSP - DFS,2019-0B4-002850,20190606,NORTH ADAMS,MV,M,35,F,W,U
MSP - DFS,2019-0B4-002850,20190606,NORTH ADAMS,MV,M,35,F,W,U
MSP - DFS,2019-0D4-003278,20190606,BRIDGEWATER,90Z,W,48,M,H,PR
MSP - DFS,2019-0C5-002170,20190607,STURBRIDGE,90Z,W,25,M,H,PR
MSP - DFS,2019-0C4-002746,20190607,LEOMINSTER,35A,F,31,M,H,PR
MSP - DFS,2019-0C4-002746,20190607,LEOMINSTER,MV,M,31,M,H,PR
MSP - DFS,2019-0C4-002746,20190607,LEOMINSTER,MV,M,31,M,H,PR
MSP - DFS,2019-0C4-002746,20190607,LEOMINSTER,MV,M,31,M,H,PR
MSP - DFS,2019-0C4-002746,20190607,LEOMINSTER,MV,M,31,M,H,PR
MSP - DFS,2019-0C4-002746,20190607,LEOMINSTER,MV,M,31,M,H,PR
MSP - DFS,2019-0C4-002746,20190607,LEOMINSTER,MV,M,31,M,H,PR
MSP - DFS,2019-0H4-002810,20190607,BOSTON,90D,M,47,M,H,HT
MSP - DFS,2019-0H4-002810,20190607,BOSTON,MV,M,47,M,H,HT
MSP - DFS,2019-0C5-002176,20190607,STURBRIDGE,35A,F,49,M,B,DR
MSP - DFS,2019-0C5-002176,20190607,STURBRIDGE,MV,M,49,M,B,DR
MSP - DFS,2019-0C4-002754,20190608,FITCHBURG,MV,M,23,M,H,PR
MSP - DFS,2019-0C4-002754,20190608,FITCHBURG,MV,M,23,M,H,PR
MSP - DFS,2019-0D4-003310,20190608,RAYNHAM,90D,M,24,M,B,HT
MSP - DFS,2019-0D4-003310,20190608,RAYNHAM,MV,M,24,M,B,HT
MSP - DFS,2019-0D4-003310,20190608,RAYNHAM,MV,M,24,M,B,HT
MSP - DFS,2019-0D4-003310,20190608,RAYNHAM,MV,M,24,M,B,HT
MSP - DFS,2019-0A1-007948,20190608,METHUEN,520,F,24,M,J,EY
MSP - DFS,2019-0A1-007948,20190608,METHUEN,520,F,24,M,J,EY
MSP - DFS,2019-0A1-007948,20190608,METHUEN,520,F,24,M,J,EY
MSP - DFS,2019-0A1-007948,20190608,METHUEN,520,F,24,M,J,EY
MSP - DFS,2019-0A1-007948,20190608,METHUEN,35A,M,24,M,J,EY
MSP - DFS,2019-0A1-007948,20190608,METHUEN,90G,M,24,M,J,EY
MSP - DFS,2019-0A1-007948,20190608,METHUEN,MV,M,24,M,J,EY
MSP - DFS,2019-0C6-003777,20190608,WORCESTER,90D,M,27,M,W,BRA
MSP - DFS,2019-0C6-003777,20190608,WORCESTER,MV,M,27,M,W,BRA
MSP - DFS,2019-0C6-003777,20190608,WORCESTER,MV,M,27,M,W,BRA
MSP - DFS,2019-0C6-003777,20190608,WORCESTER,MV,M,27,M,W,BRA
MSP - DFS,2019-0C6-003777,20190608,WORCESTER,MV,M,27,M,W,BRA
MSP - DFS,2019-0C6-003777,20190608,WORCESTER,MV,M,27,M,W,BRA
MSP - DFS,2019-0C6-003777,20190608,WORCESTER,MV,M,27,M,W,BRA
MSP - DFS,2019-0CX-005934,20190608,CHARLTON,35A,M,30,M,B,HT
MSP - DFS,2019-0CX-005934,20190608,CHARLTON,35A,F,30,M,B,HT
MSP - DFS,2019-0CX-005934,20190608,CHARLTON,MV,M,30,M,B,HT
MSP - DFS,2019-0CX-005934,20190608,CHARLTON,MV,M,30,M,B,HT
MSP - DFS,2019-0CX-005934,20190608,CHARLTON,MV,M,30,M,B,HT
MSP - DFS,2019-0CX-005934,20190608,CHARLTON,MV,M,30,M,B,HT
MSP - DFS,2019-0CX-005934,20190608,CHARLTON,MV,M,30,M,B,HT
MSP - DFS,2019-0A4-005105,20190608,MEDFORD,90D,M,58,M,H,CB
MSP - DFS,2019-0A4-005105,20190608,MEDFORD,MV,M,58,M,H,CB
MSP - DFS,2019-0A4-005105,20190608,MEDFORD,MV,M,58,M,H,CB
MSP - DFS,2019-0A4-005105,20190608,MEDFORD,MV,M,58,M,H,CB
MSP - DFS,2019-0A4-005105,20190608,MEDFORD,MV,O,58,M,H,CB
MSP - DFS,2019-0F1-027245,20190608,BOSTON,90Z,M,67,M,H,CB
MSP - DFS,2019-0D5-000285,20190609,TISBURY,MV,M,24,F,W,BRA
MSP - DFS,2019-0D5-000285,20190609,TISBURY,MV,M,24,F,W,BRA
MSP - DFS,2019-0D5-000285,20190609,TISBURY,MV,M,24,F,W,BRA
MSP - DFS,2019-0C6-003821,20190609,WORCESTER,MV,M,26,M,H,PR
MSP - DFS,2019-0C6-003821,20190609,WORCESTER,MV,M,26,M,H,PR
MSP - DFS,2019-0C6-003821,20190609,WORCESTER,MV,M,26,M,H,PR
MSP - DFS,2019-0C6-003821,20190609,WORCESTER,MV,M,26,M,H,PR
MSP - DFS,2019-0D3-004478,20190609,FALL RIVER,90Z,W,32,M,W,U
MSP - DFS,2019-0A3-005459,20190609,LINCOLN,90Z,W,38,M,H,DR
MSP - DFS,2019-0A3-005459,20190609,LINCOLN,MV,M,38,M,H,DR
MSP - DFS,2019-0D3-004505,20190610,NEW BEDFORD,90Z,W,22,M,W,U
MSP - DFS,2019-0D3-004505,20190610,NEW BEDFORD,90Z,W,22,M,W,U
MSP - DFS,2019-0D3-004505,20190610,NEW BEDFORD,90Z,W,22,M,W,U
MSP - DFS,2019-0D3-004507,20190610,NEW BEDFORD,90Z,W,23,M,H,PR
MSP - DFS,2019-0D3-004507,20190610,NEW BEDFORD,90Z,W,23,M,H,PR
MSP - DFS,2019-0D3-004507,20190610,NEW BEDFORD,90Z,W,23,M,H,PR
MSP - DFS,2019-0H9-005847,20190610,BOSTON,90Z,W,26,M,H,DR
MSP - DFS,2019-0H3-004071,20190610,WALPOLE,90Z,W,31,M,H,MM
MSP - DFS,2019-0H3-004071,20190610,WALPOLE,MV,M,31,M,H,MM
MSP - DFS,2019-0H3-004071,20190610,WALPOLE,MV,M,31,M,H,MM
MSP - DFS,2019-0B3-003505,20190610,SPRINGFIELD,90Z,W,32,M,H,PR
MSP - DFS,2019-0B3-003505,20190610,SPRINGFIELD,MV,M,32,M,H,PR
MSP - DFS,2019-0B3-003505,20190610,SPRINGFIELD,MV,M,32,M,H,PR
MSP - DFS,2019-0B3-003505,20190610,SPRINGFIELD,MV,M,32,M,H,PR
MSP - DFS,2019-0C5-002206,20190610,STURBRIDGE,90Z,W,34,U,W,BRA
MSP - DFS,2019-0H9-005943,20190611,BOSTON,26A,M,23,M,B,PR
MSP - DFS,2019-0H9-005943,20190611,BOSTON,90J,M,23,M,B,PR
MSP - DFS,2019-0H9-005943,20190611,BOSTON,90Z,W,23,M,B,PR
MSP - DFS,2019-0H9-005887,20190611,BOSTON,90Z,W,24,M,O,CN
MSP - DFS,2019-0H9-005937,20190611,BOSTON,90Z,W,30,M,H,CB
MSP - DFS,2019-0C9-002368,20190611,AYER,90Z,W,31,F,W,ITAL
MSP - DFS,2019-0D3-004546,20190611,WESTPORT,90D,M,34,F,I,AMI
MSP - DFS,2019-0D3-004546,20190611,WESTPORT,MV,M,34,F,I,AMI
MSP - DFS,2019-0D3-004546,20190611,WESTPORT,MV,M,34,F,I,AMI
MSP - DFS,2019-0D3-004546,20190611,WESTPORT,MV,M,34,F,I,AMI
MSP - DFS,2019-0D2-002985,20190611,DENNIS,90Z,W,34,M,W,SX
MSP - DFS,2019-0H5-003355,20190611,WALTHAM,13A,F,53,M,W,IRE
MSP - DFS,2019-0B3-003585,20190612,CHICOPEE,90Z,W,26,M,H,PR
MSP - DFS,2019-0C6-003882,20190612,WORCESTER,90Z,W,29,M,O,CA
MSP - DFS,2019-0H8-003953,20190612,NEWTON,90D,M,35,M,W,MM
MSP - DFS,2019-0H8-003953,20190612,NEWTON,MV,M,35,M,W,MM
MSP - DFS,2019-0H8-003953,20190612,NEWTON,MV,M,35,M,W,MM
MSP - DFS,2019-0C2-004336,20190612,BELLINGHAM,90D,F,55,M,H,BRA
MSP - DFS,2019-0C2-004336,20190612,BELLINGHAM,MV,M,55,M,H,BRA
MSP - DFS,2019-0C2-004336,20190612,BELLINGHAM,MV,M,55,M,H,BRA
MSP - DFS,2019-0C2-004336,20190612,BELLINGHAM,MV,M,55,M,H,BRA
MSP - DFS,2019-0A1-008177,20190613,ANDOVER,90Z,W,21,M,H,DR
MSP - DFS,2019-0A1-008223,20190613,LAWRENCE,MV,M,25,M,H,DR
MSP - DFS,2019-0A1-008214,20190613,LAWRENCE,90Z,W,26,U,H,PR
MSP - DFS,2019-0A1-008177,20190613,ANDOVER,90Z,W,26,M,H,DR
MSP - DFS,2019-0A1-008209,20190613,LAWRENCE,MV,M,31,M,H,DR
MSP - DFS,2019-0C6-003913,20190613,SHREWSBURY,90Z,W,33,M,B,SOMI
MSP - DFS,2019-0A1-008229,20190613,LAWRENCE,MV,M,34,M,H,DR
MSP - DFS,2019-0A1-008203,20190613,LAWRENCE,26A,M,35,M,H,U
MSP - DFS,2019-0A1-008203,20190613,LAWRENCE,35A,F,35,M,H,U
MSP - DFS,2019-0A1-008203,20190613,LAWRENCE,MV,M,35,M,H,U
MSP - DFS,2019-0A1-008203,20190613,LAWRENCE,MV,M,35,M,H,U
MSP - DFS,2019-0A1-008203,20190613,LAWRENCE,MV,M,35,M,H,U
MSP - DFS,2019-0A1-008203,20190613,LAWRENCE,MV,M,35,M,H,U
MSP - DFS,2019-0A1-008203,20190613,LAWRENCE,MV,M,35,M,H,U
MSP - DFS,2019-0A1-008179,20190613,LAWRENCE,240,M,43,M,H,DR
MSP - DFS,2019-0A1-008179,20190613,LAWRENCE,35A,F,43,M,H,DR
MSP - DFS,2019-0A1-008179,20190613,LAWRENCE,MV,M,43,M,H,DR
MSP - DFS,2019-0A1-008179,20190613,LAWRENCE,MV,M,43,M,H,DR
MSP - DFS,2019-0A4-005299,20190614,EVERETT,90Z,W,24,M,B,HT
MSP - DFS,2019-0A4-005299,20190614,EVERETT,MV,M,24,M,B,HT
MSP - DFS,2019-0A4-005299,20190614,EVERETT,MV,M,24,M,B,HT
MSP - DFS,2019-0A1-008270,20190614,LAWRENCE,MV,M,31,M,H,U
MSP - DFS,2019-0A1-008270,20190614,LAWRENCE,MV,M,31,M,H,U
MSP - DFS,2019-0A1-008270,20190614,LAWRENCE,MV,M,31,M,H,U
MSP - DFS,2019-0A1-008270,20190614,LAWRENCE,MV,M,31,M,H,U
MSP - DFS,2019-0A1-008302,20190614,LAWRENCE,250,M,31,M,W,DR
MSP - DFS,2019-0A1-008302,20190614,LAWRENCE,MV,M,31,M,W,DR
MSP - DFS,2019-0A1-008302,20190614,LAWRENCE,MV,M,31,M,W,DR
MSP - DFS,2019-0A1-008288,20190614,LAWRENCE,35A,F,53,M,W,U
MSP - DFS,2019-0A1-008288,20190614,LAWRENCE,MV,M,53,M,W,U
MSP - DFS,2019-0H3-004196,20190615,WRENTHAM,280,M,21,M,H,PR
MSP - DFS,2019-0H3-004196,20190615,WRENTHAM,"280,26A",M,21,M,H,PR
MSP - DFS,2019-0A1-008368,20190615,LAWRENCE,240,M,24,M,H,DR
MSP - DFS,2019-0A1-008368,20190615,LAWRENCE,35A,F,24,M,H,DR
MSP - DFS,2019-0A1-008368,20190615,LAWRENCE,35A,F,24,M,H,DR
MSP - DFS,2019-0A1-008382,20190615,LAWRENCE,MV,M,24,U,H,DR
MSP - DFS,2019-0A1-008382,20190615,LAWRENCE,MV,M,24,U,H,DR
MSP - DFS,2019-0A1-008368,20190615,LAWRENCE,MV,M,24,M,H,DR
MSP - DFS,2019-0D4-003424,20190615,MIDDLEBOROUGH,13A,F,24,M,W,U
MSP - DFS,2019-0H2-004462,20190615,NEEDHAM,250,M,30,M,H,PR
MSP - DFS,2019-0H2-004462,20190615,NEEDHAM,26A,M,30,M,H,PR
MSP - DFS,2019-0H2-004462,20190615,NEEDHAM,26A,M,30,M,H,PR
MSP - DFS,2019-0H2-004462,20190615,NEEDHAM,26C,M,30,M,H,PR
MSP - DFS,2019-0H2-004462,20190615,NEEDHAM,35A,F,30,M,H,PR
MSP - DFS,2019-0H2-004462,20190615,NEEDHAM,35A,F,30,M,H,PR
MSP - DFS,2019-0H2-004462,20190615,NEEDHAM,35A,F,30,M,H,PR
MSP - DFS,2019-0H2-004462,20190615,NEEDHAM,MV,M,30,M,H,PR
MSP - DFS,2019-0H2-004462,20190615,NEEDHAM,MV,M,30,M,H,PR
MSP - DFS,2019-0H4-003024,20190615,BOSTON,90Z,W,31,M,W,CB
MSP - DFS,2019-0A1-008400,20190615,LAWRENCE,26A,M,38,M,H,DR
MSP - DFS,2019-0A1-008400,20190615,LAWRENCE,26A,M,38,M,H,DR
MSP - DFS,2019-0A1-008400,20190615,LAWRENCE,26A,M,38,M,H,DR
MSP - DFS,2019-0A1-008400,20190615,LAWRENCE,26C,M,38,M,H,DR
MSP - DFS,2019-0A1-008400,20190615,LAWRENCE,MV,M,38,M,H,DR
MSP - DFS,2019-0A1-008400,20190615,LAWRENCE,MV,M,38,M,H,DR
MSP - DFS,2019-0A1-008400,20190615,LAWRENCE,MV,M,38,M,H,DR
MSP - DFS,2019-0A1-008400,20190615,LAWRENCE,MV,M,38,M,H,DR
MSP - DFS,2019-0A1-008400,20190615,LAWRENCE,MV,M,38,M,H,DR
MSP - DFS,2019-0C6-003974,20190615,SHREWSBURY,90Z,W,42,U,H,BRA
MSP - DFS,2019-0C6-003974,20190615,SHREWSBURY,90Z,W,42,U,H,BRA
MSP - DFS,2019-0C6-003974,20190615,SHREWSBURY,90Z,W,42,U,H,BRA
MSP - DFS,2019-0C6-003974,20190615,SHREWSBURY,MV,M,42,U,H,BRA
MSP - DFS,2019-0C6-003974,20190615,SHREWSBURY,MV,M,42,U,H,BRA
MSP - DFS,2019-0C6-003974,20190615,SHREWSBURY,MV,M,42,U,H,BRA
MSP - DFS,2019-0C6-003974,20190615,SHREWSBURY,MV,M,42,U,H,BRA
MSP - DFS,2019-0H2-004462,20190615,NEEDHAM,35A,F,45,F,H,PR
MSP - DFS,2019-0H2-004462,20190615,NEEDHAM,35A,F,45,F,H,PR
MSP - DFS,2019-0H2-004462,20190615,NEEDHAM,35A,F,45,F,H,PR
MSP - DFS,2019-0A6-005211,20190615,LYNNFIELD,90D,M,46,U,H,BRA
MSP - DFS,2019-0A6-005211,20190615,LYNNFIELD,90G,M,46,U,H,BRA
MSP - DFS,2019-0A6-005211,20190615,LYNNFIELD,MV,M,46,U,H,BRA
MSP - DFS,2019-0A6-005211,20190615,LYNNFIELD,MV,M,46,U,H,BRA
MSP - DFS,2019-0A6-005211,20190615,LYNNFIELD,MV,M,46,U,H,BRA
MSP - DFS,2019-0A5-004295,20190615,SAUGUS,280,M,47,M,W,AMI
MSP - DFS,2019-0A5-004295,20190615,SAUGUS,90Z,W,47,M,W,AMI
MSP - DFS,2019-0A5-004295,20190615,SAUGUS,90Z,W,47,M,W,AMI
MSP - DFS,2019-0A5-004295,20190615,SAUGUS,MV,M,47,M,W,AMI
MSP - DFS,2019-0A5-004295,20190615,SAUGUS,MV,M,47,M,W,AMI
MSP - DFS,2019-0A5-004295,20190615,SAUGUS,MV,M,47,M,W,AMI
MSP - DFS,2019-0A5-004295,20190615,SAUGUS,MV,M,47,M,W,AMI
MSP - DFS,2019-0C5-002262,20190615,STURBRIDGE,90Z,W,52,M,W,BRA
MSP - DFS,2019-0C5-002262,20190615,STURBRIDGE,90Z,W,52,M,W,BRA
MSP - DFS,2019-0C5-002262,20190615,STURBRIDGE,MV,M,52,M,W,BRA
MSP - DFS,2019-0C5-002262,20190615,STURBRIDGE,MV,O,52,M,W,BRA
MSP - DFS,2019-0H6-004132,20190616,MILTON,90D,M,24,M,H,DR
MSP - DFS,2019-0H6-004132,20190616,MILTON,MV,M,24,M,H,DR
MSP - DFS,2019-0H6-004132,20190616,MILTON,MV,M,24,M,H,DR
MSP - DFS,2019-0C2-004441,20190616,SUTTON,MV,M,26,M,W,U
MSP - DFS,2019-0C2-004441,20190616,SUTTON,MV,M,26,M,W,U
MSP - DFS,2019-0H9-006123,20190616,BOSTON,MV,M,28,M,H,HB
MSP - DFS,2019-0H9-006123,20190616,BOSTON,MV,M,28,M,H,HB
MSP - DFS,2019-0C6-004002,20190616,SHREWSBURY,90Z,W,29,M,H,PR
MSP - DFS,2019-0C6-004002,20190616,SHREWSBURY,90Z,W,29,M,H,PR
MSP - DFS,2019-0A1-008451,20190616,LAWRENCE,35A,F,31,M,B,U
MSP - DFS,2019-0A1-008451,20190616,LAWRENCE,MV,M,31,M,B,U
MSP - DFS,2019-0D3-004664,20190616,FALL RIVER,90Z,W,33,M,W,IRE
MSP - DFS,2019-0D3-004664,20190616,FALL RIVER,90Z,W,33,M,W,IRE
MSP - DFS,2019-0B3-003684,20190616,SPRINGFIELD,90Z,W,37,M,H,PR
MSP - DFS,2019-0B3-003684,20190616,SPRINGFIELD,MV,M,37,M,H,PR
MSP - DFS,2019-0A1-008469,20190616,LAWRENCE,MV,M,39,U,H,DR
MSP - DFS,2019-0A1-008456,20190616,LAWRENCE,90Z,W,41,M,H,DR
MSP - DFS,2019-0A1-008456,20190616,LAWRENCE,90Z,W,41,M,H,DR
MSP - DFS,2019-0A1-008456,20190616,LAWRENCE,MV,M,41,M,H,PR
MSP - DFS,2019-0A1-008456,20190616,LAWRENCE,MV,M,41,M,H,PR
MSP - DFS,2019-0A1-008456,20190616,LAWRENCE,MV,M,41,M,H,PR
MSP - DFS,2019-0A1-008461,20190616,LAWRENCE,MV,O,41,M,H,PR
MSP - DFS,2019-0A1-008461,20190616,LAWRENCE,MV,M,41,M,H,PR
MSP - DFS,2019-0C2-004452,20190616,WORCESTER,90Z,W,42,F,W,BRA
MSP - DFS,2019-0C6-003977,20190616,WORCESTER,90D,M,49,M,H,PR
MSP - DFS,2019-0C6-003977,20190616,WORCESTER,90G,M,49,M,H,PR
MSP - DFS,2019-0C6-003977,20190616,WORCESTER,MV,M,49,M,H,PR
MSP - DFS,2019-0C6-003977,20190616,WORCESTER,MV,M,49,M,H,PR
MSP - DFS,2019-0A1-008460,20190616,LAWRENCE,MV,M,52,M,H,DR
MSP - DFS,2019-0A1-008460,20190616,LAWRENCE,MV,M,52,M,H,DR
MSP - DFS,2019-0C4-002882,20190616,MARLBOROUGH,90D,M,56,M,H,BRA
MSP - DFS,2019-0C4-002882,20190616,MARLBOROUGH,90D,M,56,M,H,BRA
MSP - DFS,2019-0C4-002882,20190616,MARLBOROUGH,MV,M,56,M,H,BRA
MSP - DFS,2019-0C2-004468,20190617,HOPKINTON,90D,M,25,M,W,IRE
MSP - DFS,2019-0C2-004468,20190617,HOPKINTON,MV,M,25,M,W,IRE
MSP - DFS,2019-0A3-005701,20190617,WESTFORD,35A,F,31,M,H,DR
MSP - DFS,2019-0A3-005701,20190617,WESTFORD,35A,F,31,M,H,DR
MSP - DFS,2019-0C6-004009,20190617,WORCESTER,90D,M,33,M,H,MM
MSP - DFS,2019-0C5-002297,20190617,STURBRIDGE,90Z,W,33,U,H,CC
MSP - DFS,2019-0C5-002297,20190617,STURBRIDGE,MV,M,33,U,H,CC
MSP - DFS,2019-0C6-004009,20190617,WORCESTER,MV,M,33,M,H,MM
MSP - DFS,2019-0A1-008478,20190617,LAWRENCE,MV,M,37,M,B,PR
MSP - DFS,2019-0A1-008478,20190617,LAWRENCE,MV,M,37,M,B,PR
MSP - DFS,2019-0A1-008478,20190617,LAWRENCE,MV,M,37,M,B,PR
MSP - DFS,2019-0A3-005710,20190617,LEXINGTON,90Z,W,41,M,H,BRA
MSP - DFS,2019-0H9-006148,20190617,BOSTON,13A,M,51,M,W,TURK
MSP - DFS,2019-0H9-006148,20190617,BOSTON,90C,M,51,M,W,TURK
MSP - DFS,2019-0B3-003705,20190618,SPRINGFIELD,90Z,W,26,F,H,PR
MSP - DFS,2019-0H9-006168,20190618,BOSTON,MV,M,29,M,H,DR
MSP - DFS,2019-0H9-006168,20190618,BOSTON,MV,M,29,M,H,DR
MSP - DFS,2019-0H4-003107,20190618,BOSTON,90Z,W,30,F,H,PR
MSP - DFS,2019-0H4-003107,20190618,BOSTON,90Z,W,30,F,H,PR
MSP - DFS,2019-0B3-003706,20190618,SPRINGFIELD,90Z,W,31,M,H,PR
MSP - DFS,2019-0B3-003706,20190618,SPRINGFIELD,MV,M,31,M,H,PR
MSP - DFS,2019-0D1-003077,20190618,WEYMOUTH,MV,M,33,M,W,BRA
MSP - DFS,2019-0D1-003077,20190618,WEYMOUTH,MV,M,33,M,W,BRA
MSP - DFS,2019-0D4-003506,20190618,BROCKTON,35A,F,36,M,W,IRE
MSP - DFS,2019-0D3-004712,20190618,NEW BEDFORD,35A,F,41,M,H,PR
MSP - DFS,2019-0D3-004712,20190618,NEW BEDFORD,35A,F,41,M,H,PR
MSP - DFS,2019-0C5-002306,20190618,STURBRIDGE,MV,M,50,M,H,BRA
MSP - DFS,2019-0C5-002306,20190618,STURBRIDGE,MV,M,50,M,H,BRA
MSP - DFS,2019-0C5-002306,20190618,STURBRIDGE,MV,M,50,M,H,BRA
MSP - DFS,2019-0B3-003748,20190619,SPRINGFIELD,26A,M,19,M,H,PR
MSP - DFS,2019-0B3-003748,20190619,SPRINGFIELD,35A,F,19,M,H,PR
MSP - DFS,2019-0B3-003748,20190619,SPRINGFIELD,90Z,W,19,M,H,PR
MSP - DFS,2019-0B3-003748,20190619,SPRINGFIELD,MV,M,19,M,H,PR
MSP - DFS,2019-0D3-004744,20190619,NEW BEDFORD,90Z,W,32,M,W,IRE
MSP - DFS,2019-0A5-004402,20190619,REVERE,90,M,36,M,B,SOMI
MSP - DFS,2019-0A5-004402,20190619,REVERE,90J,M,36,M,B,SOMI
MSP - DFS,2019-0A5-004402,20190619,REVERE,90Z,O,36,M,B,SOMI
MSP - DFS,2019-0H9-006276,20190620,BOSTON,90Z,W,24,M,B,HT
MSP - DFS,2019-0H9-006276,20190620,BOSTON,MV,M,24,M,B,HT
MSP - DFS,2019-0H9-006276,20190620,BOSTON,MV,M,24,M,B,HT
MSP - DFS,2019-0H9-006243,20190620,BOSTON,90D,M,25,M,O,VM
MSP - DFS,2019-0H9-006243,20190620,BOSTON,MV,M,25,M,O,VM
MSP - DFS,2019-0H9-006243,20190620,BOSTON,MV,M,25,M,O,VM
MSP - DFS,2019-0H9-006243,20190620,BOSTON,MV,M,25,M,O,VM
MSP - DFS,2019-0C4-002948,20190620,MARLBOROUGH,35A,F,33,F,H,DR
MSP - DFS,2019-0C4-002948,20190620,MARLBOROUGH,35A,F,33,F,H,DR
MSP - DFS,2019-0C4-002948,20190620,MARLBOROUGH,35A,F,33,F,H,DR
MSP - DFS,2019-0C4-002948,20190620,MARLBOROUGH,90Z,W,33,F,H,DR
MSP - DFS,2019-0C4-002948,20190620,MARLBOROUGH,90Z,W,33,F,H,DR
MSP - DFS,2019-0C4-002948,20190620,MARLBOROUGH,90Z,W,33,F,H,DR
MSP - DFS,2019-0C4-002948,20190620,MARLBOROUGH,90Z,W,33,F,H,DR
MSP - DFS,2019-0C4-002948,20190620,MARLBOROUGH,90Z,W,33,F,H,DR
MSP - DFS,2019-0C4-002948,20190620,MARLBOROUGH,90Z,W,33,F,H,DR
MSP - DFS,2019-0C4-002948,20190620,MARLBOROUGH,90Z,F,33,F,H,DR
MSP - DFS,2019-0D1-003112,20190620,KINGSTON,MV,M,34,U,H,BRA
MSP - DFS,2019-0D1-003112,20190620,KINGSTON,MV,M,34,U,H,BRA
MSP - DFS,2019-0D7-003758,20190620,PLYMOUTH,90Z,W,36,U,H,HB
MSP - DFS,2019-0C4-002950,20190620,LEOMINSTER,13A-13C,M,42,M,H,PR
MSP - DFS,2019-0C4-002950,20190620,LEOMINSTER,90Z,W,42,M,H,PR
MSP - DFS,2019-0H3-004303,20190620,MANSFIELD,90Z,M,42,M,H,DR
MSP - DFS,2019-0D1-003135,20190620,DUXBURY,90D,M,49,M,W,CAN
MSP - DFS,2019-0D1-003135,20190620,DUXBURY,MV,M,49,M,W,CAN
MSP - DFS,2019-0D1-003135,20190620,DUXBURY,MV,M,49,M,W,CAN
MSP - DFS,2019-0C2-004562,20190620,FRANKLIN,90D,M,52,F,W,U
MSP - DFS,2019-0C2-004562,20190620,FRANKLIN,90G,M,52,F,W,U
MSP - DFS,2019-0C2-004562,20190620,FRANKLIN,MV,M,52,F,W,U
MSP - DFS,2019-0C2-004562,20190620,FRANKLIN,MV,M,52,F,W,U
MSP - DFS,2019-0D3-004794,20190621,NEW BEDFORD,90Z,W,21,M,W,U
MSP - DFS,2019-0C4-002991,20190621,FITCHBURG,90Z,W,25,M,H,PR
MSP - DFS,2019-0A6-005404,20190621,SAUGUS,MV,M,25,M,W,PR
MSP - DFS,2019-0A6-005404,20190621,SAUGUS,MV,M,25,M,W,PR
MSP - DFS,2019-0A6-005404,20190621,SAUGUS,MV,M,25,M,W,PR
MSP - DFS,2019-0A6-005404,20190621,SAUGUS,MV,M,25,M,W,PR
MSP - DFS,2019-0A6-005404,20190621,SAUGUS,90Z,W,28,M,H,DR
MSP - DFS,2019-0A6-005404,20190621,SAUGUS,90Z,W,28,M,H,DR
MSP - DFS,2019-0H9-006315,20190621,BOSTON,MV,M,30,M,H,PR
MSP - DFS,2019-0H9-006315,20190621,BOSTON,MV,M,30,M,H,PR
MSP - DFS,2019-0H9-006315,20190621,BOSTON,MV,M,30,M,H,PR
MSP - DFS,2019-0A5-004455,20190621,LYNN,MV,M,52,M,H,DR
MSP - DFS,2019-0A5-004455,20190621,LYNN,MV,M,52,M,H,DR
MSP - DFS,2019-0D4-003555,20190622,WEST BRIDGEWATER,90D,M,39,M,O,VM
MSP - DFS,2019-0D4-003555,20190622,WEST BRIDGEWATER,MV,M,39,M,O,VM
MSP - DFS,2019-0D4-003555,20190622,WEST BRIDGEWATER,MV,M,39,M,O,VM
MSP - DFS,2019-0C2-004587,20190622,WORCESTER,35A,F,41,M,W,U
MSP - DFS,2019-0C2-004587,20190622,WORCESTER,90D,M,41,M,W,U
MSP - DFS,2019-0C2-004587,20190622,WORCESTER,90G,M,41,M,W,U
MSP - DFS,2019-0C2-004587,20190622,WORCESTER,MV,M,41,M,W,U
MSP - DFS,2019-0C2-004587,20190622,WORCESTER,MV,M,41,M,W,U
MSP - DFS,2019-0C2-004587,20190622,WORCESTER,MV,M,41,M,W,U
MSP - DFS,2019-0C2-004587,20190622,WORCESTER,MV,M,41,M,W,U
MSP - DFS,2019-0CX-006598,20190623,MILLBURY,90Z,W,27,F,H,PR
MSP - DFS,2019-0CX-006598,20190623,MILLBURY,MV,M,27,F,H,PR
MSP - DFS,2019-0B8-003194,20190623,LEE,90Z,W,28,M,B,JM
MSP - DFS,2019-0B8-003194,20190623,LEE,MV,M,28,M,B,JM
MSP - DFS,2019-0B8-003194,20190623,LEE,MV,M,28,M,B,JM
MSP - DFS,2019-0CX-006598,20190623,MILLBURY,90Z,W,29,M,H,PR
MSP - DFS,2019-0CX-006598,20190623,MILLBURY,MV,M,29,M,H,PR
MSP - DFS,2019-0C6-004149,20190623,AUBURN,90Z,W,29,M,W,PR
MSP - DFS,2019-0A1-008758,20190623,ANDOVER,90D,M,30,F,H,DR
MSP - DFS,2019-0A1-008758,20190623,ANDOVER,90D,M,30,F,H,DR
MSP - DFS,2019-0A1-008758,20190623,ANDOVER,MV,M,30,F,H,DR
MSP - DFS,2019-0A1-008747,20190623,LAWRENCE,90Z,W,32,F,H,PR
MSP - DFS,2019-0D4-003600,20190623,BROCKTON,35A,F,51,F,W,U
MSP - DFS,2019-0D4-003600,20190623,BROCKTON,MV,M,51,F,W,U
MSP - DFS,2019-0D4-003606,20190623,RAYNHAM,90D,M,53,M,B,NG
MSP - DFS,2019-0D4-003606,20190623,RAYNHAM,MV,M,53,M,B,NG
MSP - DFS,2019-0D4-003606,20190623,RAYNHAM,MV,M,53,M,B,NG
MSP - DFS,2019-0B3-003863,20190624,HOLYOKE,35A,F,20,U,H,PR
MSP - DFS,2019-0B3-003863,20190624,HOLYOKE,35A,F,20,U,H,PR
MSP - DFS,2019-0B3-003863,20190624,HOLYOKE,MV,M,20,U,H,PR
MSP - DFS,2019-0H2-004686,20190624,DEDHAM,35A,F,25,M,H,DR
MSP - DFS,2019-0H2-004686,20190624,DEDHAM,90Z,F,25,M,H,DR
MSP - DFS,2019-0H2-004686,20190624,DEDHAM,MV,M,25,M,H,DR
MSP - DFS,2019-0H2-004686,20190624,DEDHAM,MV,M,25,M,H,DR
MSP - DFS,2019-0D4-003614,20190624,BROCKTON,90D,M,28,M,B,HT
MSP - DFS,2019-0D4-003614,20190624,BROCKTON,MV,M,28,M,B,HT
MSP - DFS,2019-0D4-003614,20190624,BROCKTON,MV,M,28,M,B,HT
MSP - DFS,2019-0H4-003287,20190624,BOSTON,90Z,W,57,M,H,DR
MSP - DFS,2019-GEE-000096,20190625,EVERETT,90,M,29,M,O,CN
MSP - DFS,2019-GEE-000096,20190625,EVERETT,13A or 13B,M,29,M,O,CN
MSP - DFS,2019-0A1-008844,20190625,LAWRENCE,90Z,W,29,M,H,PR
MSP - DFS,2019-0A1-008844,20190625,LAWRENCE,90Z,W,29,M,H,PR
MSP - DFS,2019-0A1-008844,20190625,LAWRENCE,90Z,W,29,M,H,PR
MSP - DFS,2019-0H9-006433,20190625,BOSTON,90Z,W,36,F,B,HT
MSP - DFS,2019-0H6-004378,20190625,BOSTON,90Z,W,49,M,O,VM
MSP - DFS,2019-0H6-004408,20190626,BOSTON,280,F,18,M,H,HB
MSP - DFS,2019-0H6-004408,20190626,BOSTON,520,F,18,M,H,HB
MSP - DFS,2019-0H6-004408,20190626,BOSTON,26A,M,18,M,H,HB
MSP - DFS,2019-0H6-004408,20190626,BOSTON,90Z,W,18,M,H,HB
MSP - DFS,2019-0C2-004686,20190626,MILFORD,90Z,W,29,F,O,JA
MSP - DFS,2019-0C2-004693,20190626,MILFORD,90Z,W,34,M,W,U
MSP - DFS,2019-0C2-004693,20190626,MILFORD,90Z,W,34,M,W,U
MSP - DFS,2019-0C2-004693,20190626,MILFORD,90Z,W,34,M,W,U
MSP - DFS,2019-0C2-004693,20190626,MILFORD,90Z,W,34,M,W,U
MSP - DFS,2019-0C2-004693,20190626,MILFORD,90Z,W,34,M,W,U
MSP - DFS,2019-0H8-004257,20190626,FRAMINGHAM,90D,M,37,M,W,IR
MSP - DFS,2019-0H8-004257,20190626,FRAMINGHAM,MV,M,37,M,W,IR
MSP - DFS,2019-0H9-006501,20190626,BOSTON,90Z,W,43,M,H,BRA
MSP - DFS,2019-0H9-006501,20190626,BOSTON,MV,M,43,M,H,BRA
MSP - DFS,2019-0H7-003419,20190626,BRAINTREE,35A,F,44,M,O,CN
MSP - DFS,2019-0H7-003419,20190626,BRAINTREE,35A,F,44,M,O,CN
MSP - DFS,2019-0H7-003419,20190626,BRAINTREE,90Z,F,44,M,O,CN
MSP - DFS,2019-0H7-003419,20190626,BRAINTREE,90Z,O,44,M,O,CN
MSP - DFS,2019-0H7-003416,20190626,BRAINTREE,35A,F,47,M,O,CN
MSP - DFS,2019-0H7-003416,20190626,BRAINTREE,35A,F,47,M,O,CN
MSP - DFS,2019-0H7-003416,20190626,BRAINTREE,90Z,F,47,M,O,CN
MSP - DFS,2019-0H7-003416,20190626,BRAINTREE,90Z,O,47,M,O,CN
MSP - DFS,2019-0A1-008900,20190627,LOWELL,35A,F,28,M,H,DR
MSP - DFS,2019-0A1-008900,20190627,LOWELL,90Z,F,28,M,H,DR
MSP - DFS,2019-0A1-008900,20190627,LOWELL,90Z,O,28,M,H,DR
MSP - DFS,2019-0B3-003942,20190627,SPRINGFIELD,90D,M,34,M,H,HB
MSP - DFS,2019-0B3-003942,20190627,SPRINGFIELD,MV,M,34,M,H,HB
MSP - DFS,2019-0B3-003942,20190627,SPRINGFIELD,MV,M,34,M,H,HB
MSP - DFS,2019-0B3-003942,20190627,SPRINGFIELD,MV,M,34,M,H,HB
MSP - DFS,2019-0A1-008900,20190627,LOWELL,90Z,F,36,M,H,PR
MSP - DFS,2019-0C6-004249,20190627,SHREWSBURY,90Z,W,39,U,H,PR
MSP - DFS,2019-0C6-004249,20190627,SHREWSBURY,MV,M,39,U,H,PR
MSP - DFS,2019-0B8-003268,20190627,LUDLOW,90D,M,40,M,H,PR
MSP - DFS,2019-0B8-003268,20190627,LUDLOW,MV,M,40,M,H,PR
MSP - DFS,2019-0B8-003268,20190627,LUDLOW,MV,M,40,M,H,PR
MSP - DFS,2019-GEE-000128,20190627,EVERETT,"26A,270,23D,23H",F,40,M,W,IRE
MSP - DFS,2019-GEE-000128,20190627,EVERETT,90Z,W,40,M,W,IRE
MSP - DFS,2019-0C4-003126,20190628,LEOMINSTER,90Z,W,21,M,J,IQ
MSP - DFS,2019-0H9-006546,20190628,BOSTON,MV,M,22,M,B,HT
MSP - DFS,2019-0H9-006546,20190628,BOSTON,MV,M,22,M,B,HT
MSP - DFS,2019-GEE-000135,20190628,EVERETT,90,M,27,F,W,U
MSP - DFS,2019-GEE-000135,20190628,EVERETT,13A-13C,M,27,F,W,U
MSP - DFS,2019-GEE-000135,20190628,EVERETT,90C,M,27,F,W,U
MSP - DFS,2019-GEE-000135,20190628,EVERETT,90J,M,27,F,W,U
MSP - DFS,2019-0CX-006819,20190628,CHARLTON,280,F,29,F,H,CB
MSP - DFS,2019-0CX-006819,20190628,CHARLTON,90Z,F,29,F,H,CB
MSP - DFS,2019-0CX-006819,20190628,CHARLTON,280,F,35,M,H,CB
MSP - DFS,2019-0H9-006573,20190628,BOSTON,90D,M,35,U,H,BRA
MSP - DFS,2019-0CX-006819,20190628,CHARLTON,90Z,F,35,M,H,CB
MSP - DFS,2019-0H9-006573,20190628,BOSTON,MV,M,35,U,H,BRA
MSP - DFS,2019-0H9-006573,20190628,BOSTON,MV,M,35,U,H,BRA
MSP - DFS,2019-0A6-005621,20190628,PEABODY,90Z,W,41,M,H,BRA
MSP - DFS,2019-0B3-003947,20190628,SPRINGFIELD,90D,M,47,M,H,DR
MSP - DFS,2019-0B3-003947,20190628,SPRINGFIELD,MV,M,47,M,H,DR
MSP - DFS,2019-0B3-003947,20190628,SPRINGFIELD,MV,M,47,M,H,DR
MSP - DFS,2019-0H5-003595,20190628,WATERTOWN,90,M,71,M,W,SX
MSP - DFS,2019-0H5-003595,20190628,WATERTOWN,90C,F,71,M,W,SX
MSP - DFS,2019-0C6-004335,20190629,WORCESTER,13A-13C,M,27,M,H,PR
MSP - DFS,2019-0C6-004335,20190629,WORCESTER,90Z,W,27,M,H,PR
MSP - DFS,2019-0C6-004335,20190629,WORCESTER,90Z,W,27,M,H,PR
MSP - DFS,2019-0C6-004335,20190629,WORCESTER,90Z,W,27,M,H,PR
MSP - DFS,2019-0C6-004335,20190629,WORCESTER,MV,M,27,M,H,PR
MSP - DFS,2019-0C6-004335,20190629,WORCESTER,MV,M,27,M,H,PR
MSP - DFS,2019-0C6-004335,20190629,WORCESTER,MV,M,27,M,H,PR
MSP - DFS,2019-0C6-004335,20190629,WORCESTER,MV,M,27,M,H,PR
MSP - DFS,2019-0C6-004335,20190629,WORCESTER,MV,M,27,M,H,PR
MSP - DFS,2019-0B3-003969,20190629,SPRINGFIELD,90D,M,30,M,H,PR
MSP - DFS,2019-0B3-003969,20190629,SPRINGFIELD,MV,M,30,M,H,PR
MSP - DFS,2019-0B3-003969,20190629,SPRINGFIELD,MV,M,30,M,H,PR
MSP - DFS,2019-0H6-004493,20190629,BOSTON,90Z,W,36,M,H,PR
MSP - DFS,2019-0H6-004493,20190629,BOSTON,90Z,O,36,M,H,PR
MSP - DFS,2019-0H3-004489,20190629,ATTLEBORO,90,M,40,M,H,DR
MSP - DFS,2019-0H3-004489,20190629,ATTLEBORO,13A-13C,M,40,M,H,DR
MSP - DFS,2019-0H3-004489,20190629,ATTLEBORO,90Z,W,40,M,H,DR
MSP - DFS,2019-0H2-004810,20190629,CANTON,90Z,M,55,M,H,PR
MSP - DFS,2019-0C2-004791,20190630,WORCESTER,90Z,W,24,M,W,PR
MSP - DFS,2019-0C2-004791,20190630,WORCESTER,90Z,W,24,M,W,PR
MSP - DFS,2019-0C2-004781,20190630,MILLBURY,90D,M,27,F,W,PR
MSP - DFS,2019-0C2-004781,20190630,MILLBURY,MV,M,27,F,W,PR
MSP - DFS,2019-0C2-004781,20190630,MILLBURY,MV,M,27,F,W,PR
MSP - DFS,2019-0A5-004725,20190630,REVERE,90D,M,28,M,W,IRE
MSP - DFS,2019-0A5-004725,20190630,REVERE,MV,M,28,M,W,IRE
MSP - DFS,2019-0C5-002470,20190630,OXFORD,90Z,W,32,F,W,FR
MSP - DFS,2019-0D2-003275,20190630,BARNSTABLE,90Z,W,48,M,W,BRA
MSP - DFS,2019-0C2-004779,20190630,WORCESTER,90D,M,58,M,H,DR
MSP - DFS,2019-0C2-004779,20190630,WORCESTER,MV,M,58,M,H,DR
MSP - DFS,2019-0H9-006636,20190630,BOSTON,90Z,W,64,M,O,VM
MSP - DFS,2019-0A6-005684,20190630,PEABODY,90D,M,65,M,O,VM
MSP - DFS,2019-0A6-005684,20190630,PEABODY,MV,M,65,M,O,VM
MSP - DFS,2019-0D4-003800,20190701,LAKEVILLE,370,F,19,M,O,VM
MSP - DFS,2019-0D4-003800,20190701,LAKEVILLE,370,F,19,M,O,VM
MSP - DFS,2019-0H7-003495,20190701,RANDOLPH,90Z,W,23,M,O,VM
MSP - DFS,2019-0B3-004017,20190701,CHICOPEE,MV,M,35,M,H,PR
MSP - DFS,2019-0B3-004017,20190701,CHICOPEE,MV,M,35,M,H,PR
MSP - DFS,2019-0D2-003286,20190701,BARNSTABLE,90C,M,35,M,W,ITAL
MSP - DFS,2019-0C5-002491,20190701,STURBRIDGE,MV,M,38,M,H,PR
MSP - DFS,2019-0C5-002491,20190701,STURBRIDGE,MV,M,38,M,H,PR
MSP - DFS,2019-0C5-002491,20190701,STURBRIDGE,MV,M,38,M,H,PR
MSP - DFS,2019-0H9-006684,20190701,BOSTON,35A,F,41,F,W,GR
MSP - DFS,2019-0H9-006684,20190701,BOSTON,35A,F,41,F,W,GR
MSP - DFS,2019-0H9-006684,20190701,BOSTON,90J,M,41,F,W,GR
MSP - DFS,2019-0H9-006684,20190701,BOSTON,90Z,W,41,F,W,GR
MSP - DFS,2019-0H9-006684,20190701,BOSTON,90Z,W,41,F,W,GR
MSP - DFS,2019-0D1-003384,20190701,WEYMOUTH,MV,M,44,M,H,BRA
MSP - DFS,2019-0D1-003384,20190701,WEYMOUTH,MV,M,44,M,H,BRA
MSP - DFS,2019-0H6-004533,20190701,BOSTON,35A,F,46,M,O,CN
MSP - DFS,2019-0H6-004533,20190701,BOSTON,90Z,F,46,M,O,CN
MSP - DFS,2019-0H6-004533,20190701,BOSTON,MV,M,46,M,O,CN
MSP - DFS,2019-0A5-004739,20190701,LYNN,90Z,W,46,M,H,HB
MSP - DFS,2019-0A5-004739,20190701,LYNN,MV,M,46,M,H,HB
MSP - DFS,2019-0A5-004739,20190701,LYNN,MV,M,46,M,H,HB
MSP - DFS,2019-0H4-003491,20190701,BOSTON,MV,M,54,F,W,BRA
MSP - DFS,2019-0H6-004589,20190702,MILTON,MV,M,18,M,B,DR
MSP - DFS,2019-0H6-004589,20190702,MILTON,MV,M,18,M,B,DR
MSP - DFS,2019-0H6-004589,20190702,MILTON,MV,M,18,M,B,DR
MSP - DFS,2019-0H6-004589,20190702,MILTON,MV,M,18,M,B,DR
MSP - DFS,2019-0H6-004589,20190702,MILTON,MV,M,18,M,B,DR
MSP - DFS,2019-0A5-004785,20190702,CHELSEA,MV,M,30,M,H,MM
MSP - DFS,2019-0A5-004785,20190702,CHELSEA,MV,M,30,M,H,MM
MSP - DFS,2019-0A5-004785,20190702,CHELSEA,MV,M,30,M,H,MM
MSP - DFS,2019-0F1-031967,20190702,BOSTON,90Z,W,30,M,U,DR
MSP - DFS,2019-0H4-003516,20190702,BOSTON,90Z,W,33,F,W,IRE
MSP - DFS,2019-0C2-004844,20190702,WORCESTER,MV,M,34,M,W,PR
MSP - DFS,2019-0C2-004844,20190702,WORCESTER,MV,M,34,M,W,PR
MSP - DFS,2019-0H9-006716,20190702,BOSTON,90Z,W,36,M,W,IRE
MSP - DFS,2019-0H9-006716,20190702,BOSTON,90Z,W,36,M,W,IRE
MSP - DFS,2019-0H9-006716,20190702,BOSTON,90Z,W,36,M,W,IRE
MSP - DFS,2019-0D4-003869,20190703,BROCKTON,MV,M,25,M,W,U
MSP - DFS,2019-0D4-003869,20190703,BROCKTON,MV,M,25,M,W,U
MSP - DFS,2019-0D1-003451,20190703,ROCKLAND,90Z,W,43,M,B,HT
MSP - DFS,2019-0D1-003451,20190703,ROCKLAND,MV,M,43,M,B,HT
MSP - DFS,2019-0D1-003451,20190703,ROCKLAND,MV,M,43,M,B,HT
MSP - DFS,2019-0D1-003451,20190703,ROCKLAND,MV,M,43,M,B,HT
MSP - DFS,2019-0D1-003451,20190703,ROCKLAND,MV,M,43,M,B,HT
MSP - DFS,2019-0D1-003451,20190703,ROCKLAND,MV,O,43,M,B,HT
MSP - DFS,2019-0A4-005900,20190703,WOBURN,MV,M,49,M,H,PR
MSP - DFS,2019-0B3-004094,20190703,CHICOPEE,90Z,W,49,M,W,FR
MSP - DFS,2019-0A4-005941,20190703,SOMERVILLE,90Z,W,54,M,J,EY
MSP - DFS,2019-0A4-005941,20190703,SOMERVILLE,MV,M,54,M,J,EY
MSP - DFS,2019-0C5-002524,20190703,STURBRIDGE,MV,M,60,U,W,GR
MSP - DFS,2019-0C5-002524,20190703,STURBRIDGE,MV,O,60,U,W,GR
MSP - DFS,2019-0A5-004845,20190703,LYNN,90Z,W,61,M,W,ITAL
MSP - DFS,2019-0A5-004845,20190703,LYNN,90Z,W,61,M,W,ITAL
MSP - DFS,2019-0A5-004845,20190703,LYNN,MV,M,61,M,W,ITAL
MSP - DFS,2019-0C6-004448,20190704,STERLING,90D,M,22,M,W,IRE
MSP - DFS,2019-0C6-004448,20190704,STERLING,90G,M,22,M,W,IRE
MSP - DFS,2019-0C6-004448,20190704,STERLING,MV,M,22,M,W,IRE
MSP - DFS,2019-0C6-004448,20190704,STERLING,MV,M,22,M,W,IRE
MSP - DFS,2019-0B3-004118,20190704,SPRINGFIELD,90Z,W,23,M,B,PR
MSP - DFS,2019-0B3-004118,20190704,SPRINGFIELD,90Z,W,23,M,B,PR
MSP - DFS,2019-0B3-004118,20190704,SPRINGFIELD,MV,M,23,M,B,PR
MSP - DFS,2019-0B3-004118,20190704,SPRINGFIELD,MV,M,23,M,B,PR
MSP - DFS,2019-0C4-003223,20190704,HARVARD,90Z,W,25,U,B,HT
MSP - DFS,2019-0B2-003904,20190704,DEERFIELD,90D,M,26,F,H,PR
MSP - DFS,2019-0B2-003904,20190704,DEERFIELD,MV,M,26,F,H,PR
MSP - DFS,2019-0B2-003904,20190704,DEERFIELD,MV,M,26,F,H,PR
MSP - DFS,2019-0B2-003904,20190704,DEERFIELD,MV,M,26,F,H,PR
MSP - DFS,2019-0A1-009207,20190704,TEWKSBURY,280,M,28,M,O,CA
MSP - DFS,2019-0A1-009207,20190704,TEWKSBURY,520,F,28,M,O,CA
MSP - DFS,2019-0A1-009207,20190704,TEWKSBURY,520,F,28,M,O,CA
MSP - DFS,2019-0A1-009207,20190704,TEWKSBURY,520,F,28,M,O,CA
MSP - DFS,2019-0A1-009207,20190704,TEWKSBURY,520,O,28,M,O,CA
MSP - DFS,2019-0A1-009207,20190704,TEWKSBURY,"520,35A",F,28,M,O,CA
MSP - DFS,2019-0A1-009207,20190704,TEWKSBURY,MV,M,28,M,O,CA
MSP - DFS,2019-0A1-009234,20190704,WILMINGTON,90Z,W,28,M,B,HT
MSP - DFS,2019-0A1-009234,20190704,WILMINGTON,90Z,W,28,M,B,HT
MSP - DFS,2019-0A1-009234,20190704,WILMINGTON,90Z,W,28,M,B,HT
MSP - DFS,2019-0A1-009234,20190704,WILMINGTON,90Z,W,28,M,B,HT
MSP - DFS,2019-0A1-009234,20190704,WILMINGTON,90Z,W,28,M,B,HT
MSP - DFS,2019-0A1-009207,20190704,TEWKSBURY,280,M,32,M,O,CA
MSP - DFS,2019-0A1-009207,20190704,TEWKSBURY,520,F,32,M,O,CA
MSP - DFS,2019-0A1-009207,20190704,TEWKSBURY,520,F,32,M,O,CA
MSP - DFS,2019-0A1-009207,20190704,TEWKSBURY,520,F,32,M,O,CA
MSP - DFS,2019-0A1-009207,20190704,TEWKSBURY,520,O,32,M,O,CA
MSP - DFS,2019-0A1-009207,20190704,TEWKSBURY,MV,M,32,M,O,CA
MSP - DFS,2019-0A1-009207,20190704,TEWKSBURY,MV,M,32,M,O,CA
MSP - DFS,2019-0A1-009207,20190704,TEWKSBURY,280,M,33,M,O,CA
MSP - DFS,2019-0A1-009207,20190704,TEWKSBURY,520,F,33,M,O,CA
MSP - DFS,2019-0A1-009207,20190704,TEWKSBURY,520,F,33,M,O,CA
MSP - DFS,2019-0A1-009207,20190704,TEWKSBURY,520,F,33,M,O,CA
MSP - DFS,2019-0A1-009207,20190704,TEWKSBURY,520,O,33,M,O,CA
MSP - DFS,2019-0A5-004914,20190705,CHELSEA,MV,M,20,M,H,CB
MSP - DFS,2019-0A5-004904,20190705,REVERE,90J,M,27,M,H,PR
MSP - DFS,2019-0A5-004904,20190705,REVERE,90Z,O,27,M,H,PR
MSP - DFS,2019-0A5-004904,20190705,REVERE,90Z,O,27,M,H,PR
MSP - DFS,2019-GEE-000280,20190705,EVERETT,90,M,28,M,W,U
MSP - DFS,2019-0D4-003907,20190705,TAUNTON,90Z,M,40,M,B,HT
MSP - DFS,2019-0CX-007069,20190705,CHARLTON,90D,M,53,M,H,DR
MSP - DFS,2019-0CX-007069,20190705,CHARLTON,90G,M,53,M,H,DR
MSP - DFS,2019-0CX-007069,20190705,CHARLTON,MV,M,53,M,H,DR
MSP - DFS,2019-0CX-007069,20190705,CHARLTON,MV,M,53,M,H,DR
MSP - DFS,2019-0CX-007069,20190705,CHARLTON,MV,M,53,M,H,DR
MSP - DFS,2019-0CX-007069,20190705,CHARLTON,MV,M,53,M,H,DR
MSP - DFS,2019-0CX-007069,20190705,CHARLTON,MV,M,53,M,H,DR
MSP - DFS,2019-0CX-007069,20190705,CHARLTON,MV,M,53,M,H,DR
MSP - DFS,2019-0A5-004913,20190705,REVERE,MV,M,55,M,H,CB
MSP - DFS,2019-0C5-002561,20190706,STURBRIDGE,13A-13C,M,20,M,B,DR
MSP - DFS,2019-0C5-002561,20190706,STURBRIDGE,90D,M,20,M,B,DR
MSP - DFS,2019-0C5-002561,20190706,STURBRIDGE,MV,M,20,M,B,DR
MSP - DFS,2019-0C5-002561,20190706,STURBRIDGE,MV,M,20,M,B,DR
MSP - DFS,2019-0C5-002561,20190706,STURBRIDGE,MV,M,20,M,B,DR
MSP - DFS,2019-0H6-004694,20190706,BOSTON,90,M,22,M,H,PR
MSP - DFS,2019-0H6-004694,20190706,BOSTON,520,O,22,M,H,PR
MSP - DFS,2019-0H6-004694,20190706,BOSTON,C90C,M,22,M,H,PR
MSP - DFS,2019-0A4-006033,20190706,MEDFORD,MV,M,22,M,H,DR
MSP - DFS,2019-0A4-006033,20190706,MEDFORD,MV,M,22,M,H,DR
MSP - DFS,2019-0C2-004955,20190706,WORCESTER,90Z,W,23,M,H,DR
MSP - DFS,2019-0H9-006839,20190706,BOSTON,240,M,25,M,B,HT
MSP - DFS,2019-0H9-006839,20190706,BOSTON,MV,M,25,M,B,HT
MSP - DFS,2019-0H9-006839,20190706,BOSTON,MV,M,25,M,B,HT
MSP - DFS,2019-0H9-006839,20190706,BOSTON,MV,M,25,M,B,HT
MSP - DFS,2019-0B6-006048,20190706,HOLYOKE,90Z,W,26,M,H,PR
MSP - DFS,2019-0B6-006048,20190706,HOLYOKE,90Z,W,26,M,H,PR
MSP - DFS,2019-0B6-006048,20190706,HOLYOKE,90Z,W,26,M,H,PR
MSP - DFS,2019-0B6-006048,20190706,HOLYOKE,MV,M,26,M,H,PR
MSP - DFS,2019-0B6-006048,20190706,HOLYOKE,MV,M,26,M,H,PR
MSP - DFS,2019-0H6-004702,20190706,BOSTON,120,F,27,M,H,DR
MSP - DFS,2019-0H6-004702,20190706,BOSTON,120,F,27,M,H,DR
MSP - DFS,2019-0H6-004702,20190706,BOSTON,13B-13C,F,27,M,H,DR
MSP - DFS,2019-0H6-004702,20190706,BOSTON,"23D,23H,270,26A",M,27,M,H,DR
MSP - DFS,2019-0H6-004702,20190706,BOSTON,90Z,W,27,M,H,DR
MSP - DFS,2019-0H6-004702,20190706,BOSTON,90Z,W,27,M,H,DR
MSP - DFS,2019-0H6-004702,20190706,BOSTON,90Z,W,27,M,H,DR
MSP - DFS,2019-0H6-004702,20190706,BOSTON,90Z,W,27,M,H,DR
MSP - DFS,2019-0H6-004702,20190706,BOSTON,90Z,F,27,M,H,DR
MSP - DFS,2019-0C2-004974,20190706,MILLBURY,90Z,W,28,M,H,BRA
MSP - DFS,2019-0C2-004974,20190706,MILLBURY,90Z,W,28,M,H,BRA
MSP - DFS,2019-0H9-006858,20190706,CHELSEA,90D,M,34,M,H,PR
MSP - DFS,2019-0H9-006858,20190706,CHELSEA,90G,M,34,M,H,PR
MSP - DFS,2019-0H9-006858,20190706,CHELSEA,90Z,W,34,M,H,PR
MSP - DFS,2019-0H9-006858,20190706,CHELSEA,MV,M,34,M,H,PR
MSP - DFS,2019-0H6-004695,20190706,BOSTON,90D,M,38,M,H,BRA
MSP - DFS,2019-0H6-004695,20190706,BOSTON,MV,M,38,M,H,BRA
MSP - DFS,2019-0H6-004695,20190706,BOSTON,MV,M,38,M,H,BRA
MSP - DFS,2019-0H6-004695,20190706,BOSTON,MV,M,38,M,H,BRA
MSP - DFS,2019-0H6-004695,20190706,BOSTON,MV,M,38,M,H,BRA
MSP - DFS,2019-0C4-003253,20190706,LEOMINSTER,90Z,W,40,M,H,PR
MSP - DFS,2019-0H7-003624,20190706,BRAINTREE,90D,M,50,M,B,HT
MSP - DFS,2019-0H7-003624,20190706,BRAINTREE,MV,M,50,M,B,HT
MSP - DFS,2019-0D4-003940,20190707,BERKLEY,280,F,19,M,H,PR
MSP - DFS,2019-0A5-004993,20190707,REVERE,90,M,27,M,H,PR
MSP - DFS,2019-0A5-004993,20190707,REVERE,13A,F,27,M,H,PR
MSP - DFS,2019-0A5-004993,20190707,REVERE,13A-13B,F,27,M,H,PR
MSP - DFS,2019-0A5-004993,20190707,REVERE,13A-13B,F,27,M,H,PR
MSP - DFS,2019-0A5-004993,20190707,REVERE,90Z,O,27,M,H,PR
MSP - DFS,2019-0C6-004506,20190707,HOLDEN,90D,M,29,M,H,BRA
MSP - DFS,2019-0C6-004506,20190707,HOLDEN,MV,M,29,M,H,BRA
MSP - DFS,2019-0C6-004506,20190707,HOLDEN,MV,M,29,M,H,BRA
MSP - DFS,2019-0C6-004506,20190707,HOLDEN,MV,M,29,M,H,BRA
MSP - DFS,2019-0C6-004526,20190707,WORCESTER,90Z,W,30,M,H,PR
MSP - DFS,2019-0C6-004526,20190707,WORCESTER,90Z,W,30,M,H,PR
MSP - DFS,2019-0D4-003965,20190707,BROCKTON,90Z,W,32,F,B,HT
MSP - DFS,2019-0B3-004183,20190707,LONGMEADOW,90D,M,32,M,H,PR
MSP - DFS,2019-0B3-004183,20190707,LONGMEADOW,MV,M,32,M,H,PR
MSP - DFS,2019-0B3-004183,20190707,LONGMEADOW,MV,M,32,M,H,PR
MSP - DFS,2019-0B3-004183,20190707,LONGMEADOW,MV,M,32,M,H,PR
MSP - DFS,2019-0H8-004534,20190707,FRAMINGHAM,90Z,W,40,F,H,BRA
MSP - DFS,2019-0D7-004174,20190707,WAREHAM,90D,M,41,U,W,BRA
MSP - DFS,2019-0D7-004174,20190707,WAREHAM,MV,M,41,U,W,BRA
MSP - DFS,2019-0C4-003315,20190708,FITCHBURG,90Z,W,22,F,H,PR
MSP - DFS,2019-0C5-002588,20190708,STURBRIDGE,MV,M,27,M,H,DR
MSP - DFS,2019-0C5-002588,20190708,STURBRIDGE,MV,M,27,M,H,DR
MSP - DFS,2019-0H9-006940,20190708,BOSTON,MV,M,29,M,H,DR
MSP - DFS,2019-0H9-006940,20190708,BOSTON,MV,M,29,M,H,DR
MSP - DFS,2019-0B3-004232,20190708,CHICOPEE,90Z,W,31,F,H,PR
MSP - DFS,2019-0H6-004749,20190708,BOSTON,90Z,W,35,M,B,HT
MSP - DFS,2019-0H3-004689,20190708,ATTLEBORO,90Z,W,37,F,H,PR
MSP - DFS,2019-0C2-005014,20190708,BELLINGHAM,MV,M,39,M,H,BRA
MSP - DFS,2019-0C2-005014,20190708,BELLINGHAM,MV,M,39,M,H,BRA
MSP - DFS,2019-0C2-005014,20190708,BELLINGHAM,MV,M,39,M,H,BRA
MSP - DFS,2019-0A1-009368,20190708,METHUEN,MV,M,44,M,W,BRA
MSP - DFS,2019-0A1-009368,20190708,METHUEN,MV,O,44,M,W,BRA
MSP - DFS,2019-0A5-005031,20190708,MALDEN,90Z,W,46,M,H,PR
MSP - DFS,2019-0A5-005031,20190708,MALDEN,90Z,W,46,M,H,PR
MSP - DFS,2019-0C4-003285,20190708,FITCHBURG,90D,M,47,M,H,PR
MSP - DFS,2019-0C4-003285,20190708,FITCHBURG,90G,M,47,M,H,PR
MSP - DFS,2019-0C4-003285,20190708,FITCHBURG,MV,M,47,M,H,PR
MSP - DFS,2019-0C4-003285,20190708,FITCHBURG,MV,M,47,M,H,PR
MSP - DFS,2019-0C4-003285,20190708,FITCHBURG,MV,M,47,M,H,PR
MSP - DFS,2019-0C4-003285,20190708,FITCHBURG,MV,M,47,M,H,PR
MSP - DFS,2019-0H6-004763,20190708,QUINCY,90,M,50,M,J,JO
MSP - DFS,2019-0H6-004763,20190708,QUINCY,13A-13C,M,50,M,J,JO
MSP - DFS,2019-0H6-004763,20190708,QUINCY,26A,O,50,M,J,JO
MSP - DFS,2019-0H6-004763,20190708,QUINCY,MV,M,50,M,J,JO
MSP - DFS,2019-0A3-006408,20190708,WALTHAM,90D,M,61,M,O,LAOS
MSP - DFS,2019-0A3-006408,20190708,WALTHAM,MV,M,61,M,O,LAOS
MSP - DFS,2019-0C4-003341,20190709,MARLBOROUGH,90Z,W,22,U,H,BRA
MSP - DFS,2019-0D1-003587,20190709,WEYMOUTH,90D,M,26,M,O,CN
MSP - DFS,2019-0D1-003587,20190709,WEYMOUTH,MV,M,26,M,O,CN
MSP - DFS,2019-0D1-003587,20190709,WEYMOUTH,MV,M,26,M,O,CN
MSP - DFS,2019-0D1-003587,20190709,WEYMOUTH,MV,O,26,M,O,CN
MSP - DFS,2019-0H7-003695,20190709,RANDOLPH,90D,M,29,M,W,BRA
MSP - DFS,2019-0CX-007241,20190709,AUBURN,90Z,W,29,M,W,PR
MSP - DFS,2019-0H7-003695,20190709,RANDOLPH,MV,M,29,M,W,BRA
MSP - DFS,2019-0H7-003695,20190709,RANDOLPH,MV,M,29,M,W,BRA
MSP - DFS,2019-0H7-003695,20190709,RANDOLPH,MV,O,29,M,W,BRA
MSP - DFS,2019-0CX-007241,20190709,AUBURN,MV,M,29,M,W,PR
MSP - DFS,2019-0A6-005928,20190709,SAUGUS,90D,M,32,M,H,BRA
MSP - DFS,2019-0A6-005928,20190709,SAUGUS,MV,M,32,M,H,BRA
MSP - DFS,2019-0A6-005928,20190709,SAUGUS,MV,M,32,M,H,BRA
MSP - DFS,2019-0B3-004239,20190709,SPRINGFIELD,MV,M,33,M,H,PR
MSP - DFS,2019-0B3-004239,20190709,SPRINGFIELD,MV,M,33,M,H,PR
MSP - DFS,2019-0H4-003669,20190709,BOSTON,35A,F,35,M,H,PR
MSP - DFS,2019-0H4-003669,20190709,BOSTON,35A,F,35,M,H,PR
MSP - DFS,2019-0H4-003669,20190709,BOSTON,MV,M,35,M,H,PR
MSP - DFS,2019-0H4-003669,20190709,BOSTON,MV,M,35,M,H,PR
MSP - DFS,2019-0H7-003683,20190709,BOSTON,90Z,W,42,M,H,PR
MSP - DFS,2019-0H7-003683,20190709,BOSTON,90Z,W,42,M,H,PR
MSP - DFS,2019-0H7-003683,20190709,BOSTON,90Z,M,42,M,H,PR
MSP - DFS,2019-0H7-003700,20190710,BROCKTON,280,M,23,M,H,DR
MSP - DFS,2019-0H7-003700,20190710,BROCKTON,280,M,23,M,H,DR
MSP - DFS,2019-0H7-003700,20190710,BROCKTON,26A,M,23,M,H,DR
MSP - DFS,2019-0H7-003700,20190710,BROCKTON,26A,M,23,M,H,DR
MSP - DFS,2019-0H7-003700,20190710,BROCKTON,MV,M,23,M,H,DR
MSP - DFS,2019-0H7-003700,20190710,BROCKTON,MV,M,23,M,H,DR
MSP - DFS,2019-0H9-006991,20190710,BOSTON,90Z,W,26,M,W,PR
MSP - DFS,2019-0H9-006991,20190710,BOSTON,90Z,W,26,M,W,PR
MSP - DFS,2019-0C4-003350,20190710,BOLTON,90Z,W,27,M,H,PR
MSP - DFS,2019-0A1-009449,20190710,LAWRENCE,290,F,29,M,H,PR
MSP - DFS,2019-0A1-009449,20190710,LAWRENCE,35A,F,29,M,H,PR
MSP - DFS,2019-0A1-009449,20190710,LAWRENCE,90Z,W,29,M,H,PR
MSP - DFS,2019-0A1-009449,20190710,LAWRENCE,MV,M,29,M,H,PR
MSP - DFS,2019-0B6-006201,20190710,HATFIELD,90Z,W,31,F,W,EN
MSP - DFS,2019-0H2-005015,20190710,CANTON,250,M,33,M,H,U
MSP - DFS,2019-0H2-005015,20190710,CANTON,250,M,33,M,H,U
MSP - DFS,2019-0H2-005015,20190710,CANTON,250,F,33,M,H,U
MSP - DFS,2019-0H2-005015,20190710,CANTON,250,F,33,M,H,U
MSP - DFS,2019-0H2-005015,20190710,CANTON,"280,250",M,33,M,H,U
MSP - DFS,2019-0H2-005015,20190710,CANTON,26A,M,33,M,H,U
MSP - DFS,2019-0H2-005015,20190710,CANTON,"280,26A",M,33,M,H,U
MSP - DFS,2019-0H2-005015,20190710,CANTON,"510,13C",F,33,M,H,U
MSP - DFS,2019-0H2-005015,20190710,CANTON,MV,M,33,M,H,U
MSP - DFS,2019-0H2-005015,20190710,CANTON,MV,M,33,M,H,U
MSP - DFS,2019-0H7-003720,20190710,BOSTON,MV,M,35,M,H,DR
MSP - DFS,2019-0H7-003720,20190710,BOSTON,MV,M,35,M,H,DR
MSP - DFS,2019-0H7-003720,20190710,BOSTON,MV,M,35,M,H,DR
MSP - DFS,2019-0A5-005108,20190710,REVERE,35A,F,36,M,W,ITAL
MSP - DFS,2019-0A5-005108,20190710,REVERE,90Z,W,36,M,W,ITAL
MSP - DFS,2019-0A5-005108,20190710,REVERE,90Z,W,36,M,W,ITAL
MSP - DFS,2019-0A5-005108,20190710,REVERE,90Z,W,36,M,W,ITAL
MSP - DFS,2019-0A5-005108,20190710,REVERE,90Z,W,36,M,W,ITAL
MSP - DFS,2019-0A2-004371,20190710,HAVERHILL,MV,M,37,M,H,BRA
MSP - DFS,2019-0A2-004371,20190710,HAVERHILL,MV,M,37,M,H,BRA
MSP - DFS,2019-0A2-004371,20190710,HAVERHILL,MV,M,37,M,H,BRA
MSP - DFS,2019-0C6-004625,20190710,WORCESTER,35A,F,39,F,H,PR
MSP - DFS,2019-0C6-004625,20190710,WORCESTER,35A,F,39,F,H,PR
MSP - DFS,2019-0C6-004625,20190710,WORCESTER,90Z,W,39,F,H,PR
MSP - DFS,2019-0C2-005079,20190710,HOPKINTON,MV,M,39,M,H,DR
MSP - DFS,2019-0C6-004625,20190710,WORCESTER,MV,M,39,F,H,PR
MSP - DFS,2019-0A1-009420,20190710,WILMINGTON,90Z,W,44,M,H,DR
MSP - DFS,2019-0A6-005968,20190710,MANCHESTER,MV,M,53,M,H,BRA
MSP - DFS,2019-0A6-005968,20190710,MIDDLETON,MV,M,53,M,H,BRA
MSP - DFS,2019-0A6-005968,20190710,MANCHESTER,MV,M,53,M,H,BRA
MSP - DFS,2019-0A6-005968,20190710,MIDDLETON,MV,M,53,M,H,BRA
MSP - DFS,2019-0A6-005968,20190710,MIDDLETON,MV,M,53,M,H,BRA
MSP - DFS,2019-0A6-005968,20190710,MANCHESTER,MV,M,53,M,H,BRA
MSP - DFS,2019-0A6-005968,20190710,MANCHESTER,MV,M,53,M,H,BRA
MSP - DFS,2019-0A6-005968,20190710,MIDDLETON,MV,M,53,M,H,BRA
MSP - DFS,2019-0B6-006191,20190710,HATFIELD,90Z,W,56,M,W,EN
MSP - DFS,2019-0A3-006538,20190711,LOWELL,90Z,W,18,F,O,DR
MSP - DFS,2019-0C4-003374,20190711,FITCHBURG,90Z,W,24,M,H,DR
MSP - DFS,2019-0C4-003363,20190711,FITCHBURG,90Z,W,25,M,H,PR
MSP - DFS,2019-0B3-004293,20190711,SPRINGFIELD,35A,F,28,F,H,PR
MSP - DFS,2019-0B3-004293,20190711,SPRINGFIELD,35A,F,28,F,H,PR
MSP - DFS,2019-0CX-007335,20190711,PALMER,90D,M,28,M,H,PR
MSP - DFS,2019-0B3-004293,20190711,SPRINGFIELD,90Z,W,28,F,H,PR
MSP - DFS,2019-0CX-007335,20190711,PALMER,MV,M,28,M,H,PR
MSP - DFS,2019-0CX-007335,20190711,PALMER,MV,M,28,M,H,PR
MSP - DFS,2019-0B1-003110,20190711,RICHMOND,90Z,W,29,M,W,IRE
MSP - DFS,2019-0B3-004294,20190711,SPRINGFIELD,90D,M,33,M,H,CB
MSP - DFS,2019-0B3-004294,20190711,SPRINGFIELD,MV,M,33,M,H,CB
MSP - DFS,2019-0B3-004294,20190711,SPRINGFIELD,MV,M,33,M,H,CB
MSP - DFS,2019-0A5-005116,20190711,CHELSEA,90Z,M,37,M,H,PR
MSP - DFS,2019-0A1-009493,20190711,ANDOVER,MV,M,40,M,H,HB
MSP - DFS,2019-0A1-009493,20190711,ANDOVER,MV,M,40,M,H,HB
MSP - DFS,2019-0A6-005995,20190711,LYNNFIELD,MV,M,41,M,O,LAOS
MSP - DFS,2019-0A6-005995,20190711,LYNNFIELD,MV,M,41,M,O,LAOS
MSP - DFS,2019-0A6-005995,20190711,LYNNFIELD,MV,M,41,M,O,LAOS
MSP - DFS,2019-0A6-005995,20190711,LYNNFIELD,MV,M,41,M,O,LAOS
MSP - DFS,2019-0H7-003741,20190711,BOSTON,90Z,W,41,M,H,PR
MSP - DFS,2019-0H7-003741,20190711,BOSTON,MV,M,41,M,H,PR
MSP - DFS,2019-0H7-003741,20190711,BOSTON,MV,M,41,M,H,PR
MSP - DFS,2019-0C4-003375,20190711,HARVARD,90Z,W,45,F,W,FR
MSP - DFS,2019-0H6-004848,20190711,BOSTON,35A,F,55,M,W,CC
MSP - DFS,2019-0H6-004848,20190711,BOSTON,90Z,O,55,M,W,CC
MSP - DFS,2019-0A5-005116,20190711,CHELSEA,MV,M,63,M,H,PR
MSP - DFS,2019-0C2-005116,20190712,MILFORD,90Z,W,27,M,H,DR
MSP - DFS,2019-0H8-004664,20190712,NEWTON,MV,M,27,M,H,BRA
MSP - DFS,2019-0H8-004664,20190712,NEWTON,MV,M,27,M,H,BRA
MSP - DFS,2019-0F1-033933,20190712,BOSTON,90,M,35,M,J,EY
MSP - DFS,2019-0F1-033933,20190712,BOSTON,13A-13C,M,35,M,J,EY
MSP - DFS,2019-0F1-033933,20190712,BOSTON,90J,M,35,M,J,EY
MSP - DFS,2019-0B6-006251,20190712,HOLYOKE,MV,M,36,M,H,PR
MSP - DFS,2019-0B6-006251,20190712,HOLYOKE,MV,M,36,M,H,PR
MSP - DFS,2019-0B6-006251,20190712,HOLYOKE,MV,M,36,M,H,PR
MSP - DFS,2019-0C6-004661,20190712,WORCESTER,90Z,W,42,M,H,PR
MSP - DFS,2019-0A5-005153,20190712,CHELSEA,90Z,W,49,M,H,CB
MSP - DFS,2019-0C6-004727,20190713,WORCESTER,,M,22,M,H,PR
MSP - DFS,2019-0C6-004727,20190713,WORCESTER,13A,F,22,M,H,PR
MSP - DFS,2019-0C6-004727,20190713,WORCESTER,13A or 13B,M,22,M,H,PR
MSP - DFS,2019-0C6-004727,20190713,WORCESTER,MV,M,22,M,H,PR
MSP - DFS,2019-0C6-004727,20190713,WORCESTER,MV,M,22,M,H,PR
MSP - DFS,2019-0C6-004727,20190713,WORCESTER,MV,M,22,M,H,PR
MSP - DFS,2019-0C6-004727,20190713,WORCESTER,MV,M,22,M,H,PR
MSP - DFS,2019-0C6-004727,20190713,WORCESTER,MV,M,22,M,H,PR
MSP - DFS,2019-0C6-004727,20190713,WORCESTER,MV,M,22,M,H,PR
MSP - DFS,2019-0C6-004727,20190713,WORCESTER,MV,M,22,M,H,PR
MSP - DFS,2019-0C6-004727,20190713,WORCESTER,MV,M,22,M,H,PR
MSP - DFS,2019-0C6-004727,20190713,WORCESTER,MV,M,22,M,H,PR
MSP - DFS,2019-0C6-004727,20190713,WORCESTER,MV,M,22,M,H,PR
MSP - DFS,2019-0B4-003567,20190713,PITTSFIELD,90D,M,22,M,W,U
MSP - DFS,2019-0B4-003567,20190713,PITTSFIELD,MV,M,22,M,W,U
MSP - DFS,2019-0B4-003559,20190713,NORTH ADAMS,90Z,W,25,F,W,U
MSP - DFS,2019-GEE-000417,20190713,EVERETT,90,M,26,M,W,IRE
MSP - DFS,2019-0A5-005207,20190713,LYNN,90Z,W,29,M,H,DR
MSP - DFS,2019-0D3-005450,20190713,FREETOWN,90D,M,30,M,W,U
MSP - DFS,2019-0D3-005450,20190713,FREETOWN,MV,M,30,M,W,U
MSP - DFS,2019-0D3-005450,20190713,FREETOWN,MV,M,30,M,W,U
MSP - DFS,2019-0D3-005450,20190713,FREETOWN,MV,M,30,M,W,U
MSP - DFS,2019-GES-002744,20190713,SPRINGFIELD,90Z,W,34,M,H,PR
MSP - DFS,2019-0H8-004668,20190713,FRAMINGHAM,90D,M,35,F,H,PR
MSP - DFS,2019-0H8-004668,20190713,FRAMINGHAM,MV,M,35,F,H,PR
MSP - DFS,2019-0F1-034272,20190713,BOSTON,90Z,M,37,F,H,DR
MSP - DFS,2019-0H6-004922,20190713,BOSTON,13A or 13B,M,47,M,O,VM
MSP - DFS,2019-0H6-004922,20190713,BOSTON,90C,M,47,M,O,VM
MSP - DFS,2019-0H2-005067,20190713,CANTON,MV,M,51,M,W,U
MSP - DFS,2019-0H2-005067,20190713,CANTON,MV,M,51,M,W,U
MSP - DFS,2019-0A1-009561,20190713,ANDOVER,90D,M,61,M,W,EN
MSP - DFS,2019-0A1-009561,20190713,ANDOVER,MV,M,61,M,W,EN
MSP - DFS,2019-0A1-009561,20190713,ANDOVER,MV,M,61,M,W,EN
MSP - DFS,2019-0A2-004442,20190714,NEWBURYPORT,90D,M,25,U,W,BRA
MSP - DFS,2019-0A2-004442,20190714,NEWBURYPORT,MV,M,25,U,W,BRA
MSP - DFS,2019-0A2-004442,20190714,NEWBURYPORT,MV,M,25,U,W,BRA
MSP - DFS,2019-0A5-005216,20190714,REVERE,13A,F,27,F,H,PR
MSP - DFS,2019-0A5-005216,20190714,REVERE,13A or 13B,M,27,F,H,PR
MSP - DFS,2019-0A5-005216,20190714,REVERE,13A-13C,M,27,F,H,PR
MSP - DFS,2019-0A5-005216,20190714,REVERE,90D,M,27,F,H,PR
MSP - DFS,2019-0A5-005216,20190714,REVERE,MV,M,27,F,H,PR
MSP - DFS,2019-0A5-005216,20190714,REVERE,MV,M,27,F,H,PR
MSP - DFS,2019-0B3-004380,20190714,SPRINGFIELD,90Z,W,29,M,H,PR
MSP - DFS,2019-0B3-004380,20190714,SPRINGFIELD,90Z,W,29,M,H,PR
MSP - DFS,2019-0B3-004380,20190714,SPRINGFIELD,MV,M,29,M,H,PR
MSP - DFS,2019-0B3-004380,20190714,SPRINGFIELD,MV,M,29,M,H,PR
MSP - DFS,2019-0B3-004380,20190714,SPRINGFIELD,MV,M,29,M,H,PR
MSP - DFS,2019-0B3-004380,20190714,SPRINGFIELD,MV,M,29,M,H,PR
MSP - DFS,2019-0B3-004380,20190714,SPRINGFIELD,MV,M,29,M,H,PR
MSP - DFS,2019-0B3-004380,20190714,SPRINGFIELD,MV,M,29,M,H,PR
MSP - DFS,2019-0A1-009630,20190714,LAWRENCE,90Z,W,31,M,H,DR
MSP - DFS,2019-0C4-003418,20190714,MARLBOROUGH,90D,M,34,M,H,PR
MSP - DFS,2019-0C4-003418,20190714,MARLBOROUGH,MV,M,34,M,H,PR
MSP - DFS,2019-0C2-005153,20190714,MILLBURY,90Z,W,34,M,W,U
MSP - DFS,2019-0C2-005153,20190714,MILLBURY,MV,M,34,M,W,U
MSP - DFS,2019-0C2-005153,20190714,MILLBURY,MV,M,34,M,W,U
MSP - DFS,2019-0A5-005221,20190714,LYNN,90D,M,40,M,H,CB
MSP - DFS,2019-0A5-005221,20190714,LYNN,MV,M,40,M,H,CB
MSP - DFS,2019-0A5-005221,20190714,LYNN,MV,M,40,M,H,CB
MSP - DFS,2019-0H7-003801,20190714,RANDOLPH,90Z,W,45,M,H,DR
MSP - DFS,2019-0H7-003801,20190714,RANDOLPH,MV,M,45,M,H,DR
MSP - DFS,2019-0H7-003801,20190714,RANDOLPH,MV,M,45,M,H,DR
MSP - DFS,2019-0D2-003565,20190715,YARMOUTH,90Z,W,22,M,B,BRA
MSP - DFS,2019-0D4-004138,20190715,BROCKTON,90D,F,26,M,B,DR
MSP - DFS,2019-0D4-004138,20190715,BROCKTON,90D,M,26,M,B,DR
MSP - DFS,2019-0D4-004138,20190715,BROCKTON,MV,M,26,M,B,DR
MSP - DFS,2019-0D4-004138,20190715,BROCKTON,MV,M,26,M,B,DR
MSP - DFS,2019-0D4-004138,20190715,BROCKTON,MV,,26,M,B,DR
MSP - DFS,2019-0B3-004404,20190715,SPRINGFIELD,90Z,W,29,F,H,PR
MSP - DFS,2019-0B6-006363,20190715,HOLYOKE,90Z,W,30,F,H,PR
MSP - DFS,2019-0A5-005254,20190715,REVERE,90Z,W,30,M,W,SX
MSP - DFS,2019-0A6-006130,20190715,SAUGUS,90Z,W,38,M,H,BRA
MSP - DFS,2019-0A6-006130,20190715,SAUGUS,MV,M,38,M,H,BRA
MSP - DFS,2019-0A6-006130,20190715,SAUGUS,MV,M,38,M,H,BRA
MSP - DFS,2019-0A6-006130,20190715,SAUGUS,MV,M,38,M,H,BRA
MSP - DFS,2019-0D7-004370,20190715,BOURNE,35A,F,38,M,I,AMI
MSP - DFS,2019-0D7-004370,20190715,BOURNE,MV,M,38,M,I,AMI
MSP - DFS,2019-0D7-004370,20190715,BOURNE,MV,M,38,M,I,AMI
MSP - DFS,2019-0C2-005213,20190715,MILLBURY,90Z,W,39,M,H,PR
MSP - DFS,2019-0C2-005213,20190715,MILLBURY,90Z,W,39,M,H,PR
MSP - DFS,2019-0CX-007458,20190715,AUBURN,90D,M,40,M,H,PR
MSP - DFS,2019-0CX-007458,20190715,AUBURN,MV,M,40,M,H,PR
MSP - DFS,2019-0CX-007458,20190715,AUBURN,MV,M,40,M,H,PR
MSP - DFS,2019-0C5-002683,20190715,STURBRIDGE,90Z,W,42,M,B,HT
MSP - DFS,2019-0H7-003835,20190715,BOSTON,90Z,W,48,M,H,HB
MSP - DFS,2019-0D4-004160,20190716,LAKEVILLE,90Z,W,21,F,H,PR
MSP - DFS,2019-0A3-006690,20190716,BILLERICA,90Z,W,27,F,H,BRA
MSP - DFS,2019-0A3-006690,20190716,BILLERICA,MV,M,27,F,H,BRA
MSP - DFS,2019-0A3-006690,20190716,BILLERICA,MV,M,27,F,H,BRA
MSP - DFS,2019-0H9-007242,20190716,BOSTON,90D,M,32,F,H,BRA
MSP - DFS,2019-0H9-007242,20190716,BOSTON,MV,M,32,F,H,BRA
MSP - DFS,2019-0H9-007242,20190716,BOSTON,MV,M,32,F,H,BRA
MSP - DFS,2019-0A5-005292,20190716,LYNN,280,M,34,M,H,PR
MSP - DFS,2019-0A5-005292,20190716,LYNN,520,F,34,M,H,PR
MSP - DFS,2019-0A5-005292,20190716,LYNN,520,F,34,M,H,PR
MSP - DFS,2019-0A5-005292,20190716,LYNN,520,F,34,M,H,PR
MSP - DFS,2019-0A5-005292,20190716,LYNN,13A,F,34,M,H,PR
MSP - DFS,2019-0A5-005292,20190716,LYNN,35A,F,34,M,H,PR
MSP - DFS,2019-0A5-005292,20190716,LYNN,35A,F,34,M,H,PR
MSP - DFS,2019-0A5-005292,20190716,LYNN,35A,F,34,M,H,PR
MSP - DFS,2019-0A5-005292,20190716,LYNN,MV,M,34,M,H,PR
MSP - DFS,2019-0A5-005292,20190716,LYNN,MV,M,34,M,H,PR
MSP - DFS,2019-0A1-009670,20190716,LOWELL,90,M,34,M,W,LE
MSP - DFS,2019-0C6-004794,20190716,WORCESTER,MV,M,35,F,H,PR
MSP - DFS,2019-0C6-004794,20190716,WORCESTER,MV,M,35,F,H,PR
MSP - DFS,2019-0C6-004794,20190716,WORCESTER,MV,M,35,F,H,PR
MSP - DFS,2019-0C6-004794,20190716,WORCESTER,MV,M,35,F,H,PR
MSP - DFS,2019-0CX-007500,20190716,WESTBOROUGH,90Z,W,38,M,H,PR
MSP - DFS,2019-0CX-007500,20190716,WESTBOROUGH,90Z,W,38,M,H,PR
MSP - DFS,2019-0H7-003859,20190716,AVON,90Z,W,38,M,W,DR
MSP - DFS,2019-0H7-003852,20190716,BOSTON,MV,M,41,M,B,HT
MSP - DFS,2019-0H7-003852,20190716,BOSTON,MV,M,41,M,B,HT
MSP - DFS,2019-0H3-004893,20190716,FOXBOROUGH,90Z,W,52,M,W,IRE
MSP - DFS,2019-0H3-004893,20190716,FOXBOROUGH,MV,M,52,M,W,IRE
MSP - DFS,2019-0H3-004893,20190716,FOXBOROUGH,MV,O,52,M,W,IRE
MSP - DFS,2019-0H3-004893,20190716,FOXBOROUGH,MV,O,52,M,W,IRE
MSP - DFS,2019-0H4-003870,20190716,BOSTON,MV,M,54,M,H,PR
MSP - DFS,2019-0H4-003870,20190716,BOSTON,MV,M,54,M,H,PR
MSP - DFS,2019-0H4-003870,20190716,BOSTON,MV,M,54,M,H,PR
MSP - DFS,2019-0H4-003870,20190716,BOSTON,MV,M,54,M,H,PR
MSP - DFS,2019-0H4-003870,20190716,BOSTON,MV,M,54,M,H,PR
MSP - DFS,2019-0C2-005253,20190717,MILFORD,90Z,W,17,M,B,PR
MSP - DFS,2019-0H5-003890,20190717,BOSTON,90D,M,22,F,O,VM
MSP - DFS,2019-0H5-003890,20190717,BOSTON,MV,M,22,F,O,VM
MSP - DFS,2019-0D3-005635,20190717,FALL RIVER,35A,F,29,M,W,U
MSP - DFS,2019-0D3-005635,20190717,FALL RIVER,90Z,W,29,M,W,U
MSP - DFS,2019-0D3-005635,20190717,FALL RIVER,90Z,W,29,M,W,U
MSP - DFS,2019-0D3-005635,20190717,FALL RIVER,90Z,W,29,M,W,U
MSP - DFS,2019-0D3-005635,20190717,FALL RIVER,MV,M,29,M,W,U
MSP - DFS,2019-0CX-007567,20190717,CHARLTON,90Z,W,30,M,H,PR
MSP - DFS,2019-0CX-007567,20190717,CHARLTON,MV,M,30,U,H,PR
MSP - DFS,2019-0CX-007567,20190717,CHARLTON,MV,M,30,U,H,PR
MSP - DFS,2019-0CX-007567,20190717,CHARLTON,MV,M,30,U,H,PR
MSP - DFS,2019-0B3-004456,20190717,SPRINGFIELD,90,M,30,M,W,U
MSP - DFS,2019-0B3-004456,20190717,SPRINGFIELD,90D,M,30,M,W,U
MSP - DFS,2019-0B3-004456,20190717,SPRINGFIELD,MV,M,30,M,W,U
MSP - DFS,2019-0B3-004456,20190717,SPRINGFIELD,MV,M,30,M,W,U
MSP - DFS,2019-0B3-004456,20190717,SPRINGFIELD,MV,M,30,M,W,U
MSP - DFS,2019-0H8-004761,20190717,BOSTON,90D,M,39,M,O,KOR
MSP - DFS,2019-0H8-004761,20190717,BOSTON,MV,M,39,M,O,KOR
MSP - DFS,2019-0H8-004761,20190717,BOSTON,MV,M,39,M,O,KOR
MSP - DFS,2019-0H8-004761,20190717,BOSTON,MV,M,39,M,O,KOR
MSP - DFS,2019-0H8-004761,20190717,BOSTON,MV,O,39,M,O,KOR
MSP - DFS,2019-0A5-005325,20190717,REVERE,90Z,W,47,M,W,ITAL
MSP - DFS,2019-0A5-005336,20190717,LYNN,90Z,F,56,M,W,IRE
MSP - DFS,2019-0A5-005336,20190717,LYNN,90Z,M,56,M,W,IRE
MSP - DFS,2019-0D3-005644,20190717,NEW BEDFORD,35A,F,57,M,W,PR
MSP - DFS,2019-0A1-009720,20190717,METHUEN,90D,M,66,M,H,DR
MSP - DFS,2019-0A1-009720,20190717,METHUEN,MV,M,66,M,H,DR
MSP - DFS,2019-0A1-009720,20190717,METHUEN,MV,M,66,M,H,DR
MSP - DFS,2019-0A6-006249,20190718,PEABODY,90Z,W,27,M,H,DR
MSP - DFS,2019-0B3-004494,20190718,SPRINGFIELD,90Z,W,29,M,H,PR
MSP - DFS,2019-0H7-003911,20190718,MILTON,90Z,W,37,M,B,JM
MSP - DFS,2019-0H7-003911,20190718,MILTON,MV,M,37,M,B,JM
MSP - DFS,2019-0C2-005271,20190718,MILFORD,90Z,W,56,U,H,BRA
MSP - DFS,2019-0C2-005271,20190718,MILFORD,90Z,W,56,U,H,BRA
MSP - DFS,2019-0B3-004517,20190719,SPRINGFIELD,35A,F,23,M,B,PR
MSP - DFS,2019-0B3-004517,20190719,SPRINGFIELD,35A,F,23,M,B,PR
MSP - DFS,2019-0B3-004517,20190719,SPRINGFIELD,90Z,,23,M,B,PR
MSP - DFS,2019-0B3-004517,20190719,SPRINGFIELD,MV,M,23,M,B,PR
MSP - DFS,2019-0B3-004517,20190719,SPRINGFIELD,MV,M,23,M,B,PR
MSP - DFS,2019-0C5-002732,20190719,STURBRIDGE,250,F,33,M,H,DR
MSP - DFS,2019-0C5-002732,20190719,STURBRIDGE,26A,M,33,M,H,DR
MSP - DFS,2019-0A5-005404,20190719,LYNN,90Z,W,33,M,H,DR
MSP - DFS,2019-0C5-002732,20190719,STURBRIDGE,90Z,W,33,M,H,DR
MSP - DFS,2019-0C5-002732,20190719,STURBRIDGE,90Z,W,33,M,H,DR
MSP - DFS,2019-0C5-002732,20190719,STURBRIDGE,90Z,W,33,M,H,DR
MSP - DFS,2019-0F1-035562,20190719,BOSTON,90Z,W,40,M,B,HT
MSP - DFS,2019-0C1-003517,20190719,TEMPLETON,90Z,W,55,M,O,VM
MSP - DFS,2019-0H6-005118,20190720,BOSTON,MV,M,28,M,B,DR
MSP - DFS,2019-0H6-005119,20190720,BOSTON,35A,F,32,M,H,PR
MSP - DFS,2019-0H6-005119,20190720,BOSTON,90D,M,32,M,H,PR
MSP - DFS,2019-0H6-005119,20190720,BOSTON,MV,M,32,M,H,PR
MSP - DFS,2019-0H6-005119,20190720,BOSTON,MV,M,32,M,H,PR
MSP - DFS,2019-0CX-007697,20190720,CHARLTON,90D,M,33,F,B,JM
MSP - DFS,2019-0CX-007697,20190720,CHARLTON,MV,M,33,F,B,JM
MSP - DFS,2019-0CX-007697,20190720,CHARLTON,MV,M,33,F,B,JM
MSP - DFS,2019-0B3-004600,20190721,CHICOPEE,MV,M,18,M,H,PR
MSP - DFS,2019-0B3-004600,20190721,CHICOPEE,MV,M,18,M,H,PR
MSP - DFS,2019-0B3-004600,20190721,CHICOPEE,MV,M,18,M,H,PR
MSP - DFS,2019-0A5-005513,20190721,REVERE,90D,M,27,M,W,IRE
MSP - DFS,2019-0A5-005513,20190721,REVERE,90G,M,27,M,W,IRE
MSP - DFS,2019-0A5-005513,20190721,REVERE,MV,M,27,M,W,IRE
MSP - DFS,2019-0H6-005161,20190721,BOSTON,13A-13B,F,29,M,H,PR
MSP - DFS,2019-0H6-005161,20190721,BOSTON,90C,M,29,M,H,PR
MSP - DFS,2019-0H6-005161,20190721,BOSTON,90Z,F,29,M,H,PR
MSP - DFS,2019-0A1-009830,20190721,LOWELL,90D,M,33,M,H,PR
MSP - DFS,2019-0A1-009830,20190721,LOWELL,MV,M,33,M,H,PR
MSP - DFS,2019-0A1-009830,20190721,LOWELL,MV,M,33,M,H,PR
MSP - DFS,2019-0A1-009830,20190721,LOWELL,MV,M,33,M,H,PR
MSP - DFS,2019-0A1-009830,20190721,LOWELL,MV,M,33,M,H,PR
MSP - DFS,2019-0C6-004923,20190721,WORCESTER,MV,M,34,M,W,IRE
MSP - DFS,2019-0C6-004923,20190721,WORCESTER,MV,M,34,M,W,IRE
MSP - DFS,2019-0C6-004923,20190721,WORCESTER,MV,M,34,M,W,IRE
MSP - DFS,2019-0C6-004923,20190721,WORCESTER,MV,M,34,M,W,IRE
MSP - DFS,2019-0C6-004923,20190721,WORCESTER,MV,M,34,M,W,IRE
MSP - DFS,2019-0C4-003540,20190721,HARVARD,90Z,W,42,M,W,ITAL
MSP - DFS,2019-0C4-003540,20190721,HARVARD,MV,M,42,M,W,ITAL
MSP - DFS,2019-0CX-007724,20190721,CHARLTON,90D,M,43,M,H,DR
MSP - DFS,2019-0CX-007724,20190721,CHARLTON,90G,M,43,M,H,DR
MSP - DFS,2019-0CX-007724,20190721,CHARLTON,MV,M,43,M,H,DR
MSP - DFS,2019-0CX-007724,20190721,CHARLTON,MV,M,43,M,H,DR
MSP - DFS,2019-0CX-007724,20190721,CHARLTON,MV,M,43,M,H,DR
MSP - DFS,2019-0CX-007724,20190721,CHARLTON,MV,M,43,M,H,DR
MSP - DFS,2019-0A5-005467,20190721,SAUGUS,90D,M,44,M,H,MM
MSP - DFS,2019-0A5-005467,20190721,SAUGUS,MV,M,44,M,H,MM
MSP - DFS,2019-0A5-005467,20190721,SAUGUS,MV,M,44,M,H,MM
MSP - DFS,2019-0H9-007396,20190721,BOSTON,90D,M,50,M,O,VM
MSP - DFS,2019-0H9-007396,20190721,BOSTON,MV,M,50,M,O,VM
MSP - DFS,2019-0H9-007396,20190721,BOSTON,MV,M,50,M,O,VM
MSP - DFS,2019-0A4-006534,20190721,MEDFORD,90D,M,50,M,B,HT
MSP - DFS,2019-0A4-006534,20190721,MEDFORD,90G,M,50,M,B,HT
MSP - DFS,2019-0A4-006534,20190721,MEDFORD,MV,M,50,M,B,HT
MSP - DFS,2019-0A2-004646,20190721,SALISBURY,90D,M,64,M,W,CR
MSP - DFS,2019-0A2-004646,20190721,SALISBURY,90G,M,64,M,W,CR
MSP - DFS,2019-0D7-004581,20190722,WAREHAM,35A,F,23,F,W,IRE
MSP - DFS,2019-0C6-004955,20190722,WORCESTER,90Z,W,23,F,W,U
MSP - DFS,2019-0D7-004581,20190722,WAREHAM,90Z,F,23,F,W,IRE
MSP - DFS,2019-0D7-004581,20190722,WAREHAM,MV,M,23,F,W,IRE
MSP - DFS,2019-0D7-004581,20190722,WAREHAM,MV,M,23,F,W,IRE
MSP - DFS,2019-0D7-004581,20190722,WAREHAM,MV,O,23,F,W,IRE
MSP - DFS,2019-0A3-006949,20190722,LOWELL,90Z,W,24,M,U,U
MSP - DFS,2019-0D3-005773,20190722,WESTPORT,280,F,28,M,H,PR
MSP - DFS,2019-0D3-005773,20190722,WESTPORT,90Z,W,28,M,H,PR
MSP - DFS,2019-0D3-005773,20190722,WESTPORT,MV,M,28,M,H,PR
MSP - DFS,2019-0D3-005773,20190722,WESTPORT,MV,M,28,M,H,PR
MSP - DFS,2019-0D3-005773,20190722,WESTPORT,MV,M,28,M,H,PR
MSP - DFS,2019-0D3-005773,20190722,WESTPORT,MV,M,28,M,H,PR
MSP - DFS,2019-0D7-004581,20190722,WAREHAM,35A,F,32,M,B,AMI
MSP - DFS,2019-0D7-004581,20190722,WAREHAM,90Z,F,32,M,B,AMI
MSP - DFS,2019-0B4-003740,20190722,PITTSFIELD,90Z,W,45,M,J,RO
MSP - DFS,2019-0B4-003740,20190722,PITTSFIELD,90Z,W,45,M,J,RO
MSP - DFS,2019-0B4-003740,20190722,PITTSFIELD,MV,M,45,M,J,RO
MSP - DFS,2019-0B4-003740,20190722,PITTSFIELD,MV,M,45,M,J,RO
MSP - DFS,2019-0C2-005397,20190722,HOPKINTON,90Z,W,47,M,B,NG
MSP - DFS,2019-0D7-004581,20190722,WAREHAM,35A,F,47,M,W,ITAL
MSP - DFS,2019-0D7-004581,20190722,WAREHAM,90Z,F,47,M,W,ITAL
MSP - DFS,2019-0A5-005531,20190722,REVERE,90Z,W,48,F,W,IRE
MSP - DFS,2019-0A1-009869,20190722,ANDOVER,90Z,W,55,M,H,BRA
MSP - DFS,2019-0C2-005419,20190723,BELLINGHAM,90Z,W,22,M,H,CC
MSP - DFS,2019-0C5-002787,20190723,STURBRIDGE,35A,M,28,M,H,DR
MSP - DFS,2019-0C5-002787,20190723,STURBRIDGE,35A,F,28,M,H,DR
MSP - DFS,2019-0C5-002787,20190723,STURBRIDGE,90G,M,28,M,H,DR
MSP - DFS,2019-0C4-003586,20190723,LEOMINSTER,35A,F,31,M,W,U
MSP - DFS,2019-0C4-003586,20190723,LEOMINSTER,35A,F,31,M,W,U
MSP - DFS,2019-0C4-003586,20190723,LEOMINSTER,90Z,F,31,M,W,U
MSP - DFS,2019-0C4-003586,20190723,LEOMINSTER,90Z,M,31,M,W,U
MSP - DFS,2019-0A1-009923,20190723,METHUEN,90Z,W,32,M,H,DR
MSP - DFS,2019-0C4-003586,20190723,LEOMINSTER,35A,F,33,F,W,U
MSP - DFS,2019-0C4-003586,20190723,LEOMINSTER,35A,F,33,F,W,U
MSP - DFS,2019-0C4-003586,20190723,LEOMINSTER,35A,F,33,F,W,U
MSP - DFS,2019-0C4-003586,20190723,LEOMINSTER,90Z,F,33,F,W,U
MSP - DFS,2019-0CX-007857,20190723,GRAFTON,90Z,W,34,M,O,KOR
MSP - DFS,2019-0A3-006981,20190723,CONCORD,90D,M,34,M,W,U
MSP - DFS,2019-0H7-004003,20190723,MILTON,90Z,W,36,M,B,HT
MSP - DFS,2019-0H7-004003,20190723,MILTON,90Z,W,36,M,B,HT
MSP - DFS,2019-0B6-006607,20190723,HOLYOKE,90Z,W,37,F,W,EN
MSP - DFS,2019-0B6-006607,20190723,HOLYOKE,90Z,W,37,F,W,EN
MSP - DFS,2019-0A1-009933,20190723,ANDOVER,MV,M,38,M,W,BRA
MSP - DFS,2019-0A1-009933,20190723,ANDOVER,MV,M,38,M,W,BRA
MSP - DFS,2019-0A1-009933,20190723,ANDOVER,MV,M,38,M,W,BRA
MSP - DFS,2019-0A1-009933,20190723,ANDOVER,MV,M,38,M,W,BRA
MSP - DFS,2019-0A1-009933,20190723,ANDOVER,MV,M,38,M,W,BRA
MSP - DFS,2019-0A1-009933,20190723,ANDOVER,MV,M,38,M,W,BRA
MSP - DFS,2019-0C5-002787,20190723,STURBRIDGE,35A,F,41,M,H,DR
MSP - DFS,2019-0C5-002787,20190723,STURBRIDGE,90G,M,41,M,H,DR
MSP - DFS,2019-0H8-004935,20190724,FRAMINGHAM,MV,M,22,M,H,BRA
MSP - DFS,2019-0H8-004935,20190724,FRAMINGHAM,MV,M,22,M,H,BRA
MSP - DFS,2019-0H8-004935,20190724,FRAMINGHAM,MV,M,22,M,H,BRA
MSP - DFS,2019-0H9-007499,20190724,BOSTON,90Z,W,23,M,H,JM
MSP - DFS,2019-0A6-006443,20190724,LYNNFIELD,35A,F,27,M,W,ITAL
MSP - DFS,2019-0A6-006443,20190724,LYNNFIELD,35A,F,27,M,W,ITAL
MSP - DFS,2019-0A6-006443,20190724,LYNNFIELD,90Z,W,27,M,W,ITAL
MSP - DFS,2019-0A6-006443,20190724,LYNNFIELD,90Z,W,27,M,W,ITAL
MSP - DFS,2019-0A6-006443,20190724,LYNNFIELD,MV,M,27,M,W,ITAL
MSP - DFS,2019-0A6-006443,20190724,LYNNFIELD,MV,M,27,M,W,ITAL
MSP - DFS,2019-0C4-003599,20190724,FITCHBURG,35A,F,28,M,H,DR
MSP - DFS,2019-0C4-003599,20190724,FITCHBURG,35A,F,28,M,H,DR
MSP - DFS,2019-0C4-003599,20190724,FITCHBURG,MV,M,28,M,H,DR
MSP - DFS,2019-0C4-003599,20190724,FITCHBURG,MV,M,28,M,H,DR
MSP - DFS,2019-0F1-036457,20190724,BOSTON,90D,M,29,M,W,IRE
MSP - DFS,2019-0A6-006420,20190724,SAUGUS,250,M,30,M,U,RO
MSP - DFS,2019-0A6-006420,20190724,SAUGUS,MV,M,30,M,U,RO
MSP - DFS,2019-0A6-006420,20190724,SAUGUS,MV,M,30,M,U,RO
MSP - DFS,2019-0A6-006420,20190724,SAUGUS,MV,M,30,M,U,RO
MSP - DFS,2019-0H4-004086,20190724,BOSTON,90Z,W,36,M,H,DR
MSP - DFS,2019-0D7-004632,20190724,WAREHAM,90Z,W,41,M,H,PR
MSP - DFS,2019-0D3-005823,20190724,FALL RIVER,13A-13C,M,44,M,H,PR
MSP - DFS,2019-0D3-005823,20190724,FALL RIVER,35A,F,44,M,H,PR
MSP - DFS,2019-0D3-005823,20190724,FALL RIVER,35A,F,44,M,H,PR
MSP - DFS,2019-0D3-005823,20190724,FALL RIVER,90Z,W,44,M,H,PR
MSP - DFS,2019-0D3-005823,20190724,FALL RIVER,90Z,W,44,M,H,PR
MSP - DFS,2019-0D3-005823,20190724,FALL RIVER,MV,M,44,M,H,PR
MSP - DFS,2019-0D3-005823,20190724,FALL RIVER,MV,M,44,M,H,PR
MSP - DFS,2019-0D3-005823,20190724,FALL RIVER,MV,M,44,M,H,PR
MSP - DFS,2019-0H7-004025,20190724,BOSTON,90Z,W,46,M,B,HT
MSP - DFS,2019-0H7-004025,20190724,BOSTON,MV,M,46,M,B,HT
MSP - DFS,2019-0C5-002805,20190725,SOUTHBRIDGE,90Z,W,20,F,H,PR
MSP - DFS,2019-0CX-007932,20190725,GRAFTON,90Z,W,32,M,W,BRA
MSP - DFS,2019-0H7-004054,20190725,BOSTON,MV,M,46,M,H,DR
MSP - DFS,2019-0H7-004054,20190725,BOSTON,MV,M,46,M,H,DR
MSP - DFS,2019-0H8-004947,20190725,NEWTON,90D,M,47,M,I,AMI
MSP - DFS,2019-0C6-005011,20190725,WORCESTER,35A,F,53,M,H,PR
MSP - DFS,2019-0C6-005011,20190725,WORCESTER,MV,M,53,M,H,PR
MSP - DFS,2019-0C6-005011,20190725,WORCESTER,MV,M,53,M,H,PR
MSP - DFS,2019-0A5-005620,20190725,REVERE,MV,M,55,M,H,PR
MSP - DFS,2019-0A5-005620,20190725,REVERE,MV,M,55,M,H,PR
MSP - DFS,2019-0D1-003972,20190725,CARVER,MV,M,60,M,H,BRA
MSP - DFS,2019-0D1-003972,20190725,CARVER,MV,M,60,M,H,BRA
MSP - DFS,2019-0D1-003972,20190725,CARVER,MV,O,60,M,H,BRA
MSP - DFS,2019-0A5-005669,20190726,LYNN,520,F,22,M,B,DR
MSP - DFS,2019-0A5-005669,20190726,LYNN,520,F,22,M,B,DR
MSP - DFS,2019-0A5-005669,20190726,LYNN,520,F,22,M,B,DR
MSP - DFS,2019-0A5-005669,20190726,LYNN,520,F,22,M,B,DR
MSP - DFS,2019-0A5-005669,20190726,LYNN,520,F,22,M,B,DR
MSP - DFS,2019-0A6-006475,20190726,LYNNFIELD,90D,M,22,M,B,NG
MSP - DFS,2019-0A5-005669,20190726,LYNN,MV,M,22,M,B,DR
MSP - DFS,2019-0A5-005669,20190726,LYNN,MV,M,22,M,B,DR
MSP - DFS,2019-0A5-005669,20190726,LYNN,MV,M,22,M,B,DR
MSP - DFS,2019-0A5-005669,20190726,LYNN,MV,M,22,M,B,DR
MSP - DFS,2019-0A6-006475,20190726,LYNNFIELD,MV,M,22,M,B,NG
MSP - DFS,2019-0A5-005669,20190726,LYNN,MV,M,22,M,B,DR
MSP - DFS,2019-0A6-006475,20190726,LYNNFIELD,MV,M,22,M,B,NG
MSP - DFS,2019-0B3-004722,20190726,SPRINGFIELD,90Z,W,25,M,H,PR
MSP - DFS,2019-0B3-004722,20190726,SPRINGFIELD,90Z,W,25,M,H,PR
MSP - DFS,2019-0B3-004722,20190726,SPRINGFIELD,MV,M,25,M,H,PR
MSP - DFS,2019-0B3-004722,20190726,SPRINGFIELD,MV,M,25,M,H,PR
MSP - DFS,2019-0B3-004722,20190726,SPRINGFIELD,MV,M,25,M,H,PR
MSP - DFS,2019-0B3-004722,20190726,SPRINGFIELD,MV,M,25,M,H,PR
MSP - DFS,2019-0H3-005188,20190726,CANTON,90D,M,25,M,W,IRE
MSP - DFS,2019-0H3-005188,20190726,CANTON,MV,M,25,M,W,IRE
MSP - DFS,2019-0H3-005188,20190726,CANTON,MV,M,25,M,W,IRE
MSP - DFS,2019-0A1-010031,20190726,NORTH READING,90Z,W,34,M,W,BRA
MSP - DFS,2019-0D3-005916,20190726,NEW BEDFORD,35A,F,38,M,W,U
MSP - DFS,2019-0D3-005916,20190726,NEW BEDFORD,90Z,O,38,M,W,U
MSP - DFS,2019-0D3-005916,20190726,NEW BEDFORD,MV,M,38,M,W,U
MSP - DFS,2019-0D3-005916,20190726,NEW BEDFORD,MV,M,38,M,W,U
MSP - DFS,2019-0A4-006767,20190727,EVERETT,90Z,W,22,M,W,U
MSP - DFS,2019-0D6-000461,20190727,NANTUCKET,MV,M,22,M,W,BRA
MSP - DFS,2019-0C5-002838,20190727,STURBRIDGE,35A,F,29,M,H,PR
MSP - DFS,2019-0C5-002838,20190727,STURBRIDGE,MV,M,29,M,H,PR
MSP - DFS,2019-0A6-006502,20190727,LYNNFIELD,90D,M,33,M,W,AMI
MSP - DFS,2019-0A6-006502,20190727,LYNNFIELD,90G,M,33,M,W,AMI
MSP - DFS,2019-0A6-006502,20190727,LYNNFIELD,MV,M,33,M,W,AMI
MSP - DFS,2019-0H6-005313,20190727,BOSTON,280,F,35,M,H,CC
MSP - DFS,2019-0B3-004756,20190727,SPRINGFIELD,90Z,W,38,U,H,MM
MSP - DFS,2019-0B3-004756,20190727,SPRINGFIELD,MV,M,38,U,H,MM
MSP - DFS,2019-0D4-004380,20190727,RAYNHAM,90D,M,44,M,H,HB
MSP - DFS,2019-0D4-004380,20190727,RAYNHAM,MV,M,44,M,H,HB
MSP - DFS,2019-0D4-004380,20190727,RAYNHAM,MV,M,44,M,H,HB
MSP - DFS,2019-0D4-004380,20190727,RAYNHAM,MV,M,44,M,H,HB
MSP - DFS,2019-0H4-004205,20190727,BOSTON,90D,M,48,F,O,JA
MSP - DFS,2019-0H4-004205,20190727,BOSTON,MV,M,48,F,O,JA
MSP - DFS,2019-0H4-004205,20190727,BOSTON,MV,M,48,F,O,JA
MSP - DFS,2019-0H3-005216,20190727,MANSFIELD,90Z,W,48,M,B,HT
MSP - DFS,2019-0A6-006506,20190727,SAUGUS,90Z,W,49,F,W,ITAL
MSP - DFS,2019-0A6-006506,20190727,SAUGUS,90Z,W,49,F,W,ITAL
MSP - DFS,2019-0D4-004404,20190727,MIDDLEBOROUGH,90Z,W,49,M,W,IRE
MSP - DFS,2019-0A6-006506,20190727,SAUGUS,90Z,W,49,F,W,ITAL
MSP - DFS,2019-0A6-006506,20190727,SAUGUS,90Z,W,49,F,W,ITAL
MSP - DFS,2019-0A6-006506,20190727,SAUGUS,MV,M,49,F,W,ITAL
MSP - DFS,2019-0A6-006506,20190727,SAUGUS,MV,M,49,F,W,ITAL
MSP - DFS,2019-0C6-005051,20190727,WORCESTER,90D,M,57,M,W,IRE
MSP - DFS,2019-0C6-005051,20190727,WORCESTER,MV,M,57,M,W,IRE
MSP - DFS,2019-0B3-004768,20190728,SPRINGFIELD,MV,M,21,M,J,SY
MSP - DFS,2019-0B3-004768,20190728,SPRINGFIELD,MV,M,21,M,J,SY
MSP - DFS,2019-0B3-004768,20190728,SPRINGFIELD,MV,M,21,M,J,SY
MSP - DFS,2019-0H7-004116,20190728,BRAINTREE,35A,F,22,M,W,IRE
MSP - DFS,2019-0H7-004116,20190728,BRAINTREE,35A,F,22,M,W,IRE
MSP - DFS,2019-0H7-004116,20190728,BRAINTREE,MV,M,22,M,W,IRE
MSP - DFS,2019-0H7-004116,20190728,BRAINTREE,35A,F,23,M,W,IRE
MSP - DFS,2019-0H7-004116,20190728,BRAINTREE,35A,F,23,M,W,IRE
MSP - DFS,2019-0H6-005357,20190728,BOSTON,520,F,25,M,H,DR
MSP - DFS,2019-0H6-005357,20190728,BOSTON,520,F,25,M,H,DR
MSP - DFS,2019-0H6-005357,20190728,BOSTON,520,F,25,M,H,DR
MSP - DFS,2019-0H6-005357,20190728,BOSTON,520,F,25,M,H,DR
MSP - DFS,2019-0H6-005357,20190728,BOSTON,MV,M,25,M,H,DR
MSP - DFS,2019-0H6-005357,20190728,BOSTON,MV,M,25,M,H,DR
MSP - DFS,2019-0A5-005711,20190728,LYNN,35A,F,31,F,H,DR
MSP - DFS,2019-0A5-005711,20190728,LYNN,35A,F,31,F,H,DR
MSP - DFS,2019-0A5-005705,20190728,REVERE,90Z,W,31,U,H,CB
MSP - DFS,2019-0A5-005711,20190728,LYNN,MV,M,31,F,H,DR
MSP - DFS,2019-0A5-005711,20190728,LYNN,MV,M,31,F,H,DR
MSP - DFS,2019-0H6-005357,20190728,BOSTON,520,F,33,M,H,DR
MSP - DFS,2019-0H6-005357,20190728,BOSTON,520,F,33,M,H,DR
MSP - DFS,2019-0H6-005357,20190728,BOSTON,520,F,33,M,H,DR
MSP - DFS,2019-0H6-005357,20190728,BOSTON,520,F,33,M,H,DR
MSP - DFS,2019-0H6-005357,20190728,BOSTON,90Z,W,33,M,H,DR
MSP - DFS,2019-0H6-005357,20190728,BOSTON,MV,M,33,M,H,DR
MSP - DFS,2019-0A6-006537,20190728,DANVERS,90D,M,43,M,H,BRA
MSP - DFS,2019-0A6-006537,20190728,DANVERS,MV,M,43,M,H,BRA
MSP - DFS,2019-0A6-006537,20190728,DANVERS,MV,M,43,M,H,BRA
MSP - DFS,2019-0H8-005009,20190728,NEWTON,90Z,W,46,M,O,VM
MSP - DFS,2019-0H8-005009,20190728,NEWTON,MV,M,46,M,O,VM
MSP - DFS,2019-0H8-005009,20190728,NEWTON,MV,M,46,M,O,VM
MSP - DFS,2019-0H8-005009,20190728,NEWTON,MV,M,46,M,O,VM
MSP - DFS,2019-0H8-005009,20190728,NEWTON,MV,M,46,M,O,VM
MSP - DFS,2019-0H9-007659,20190728,BOSTON,MV,M,53,U,H,BRA
MSP - DFS,2019-0A1-010147,20190729,NORTH ANDOVER,MV,M,21,M,H,DR
MSP - DFS,2019-0A1-010147,20190729,NORTH ANDOVER,MV,M,21,M,H,DR
MSP - DFS,2019-0A1-010147,20190729,NORTH ANDOVER,MV,M,21,M,H,DR
MSP - DFS,2019-0A1-010147,20190729,NORTH ANDOVER,MV,M,21,M,H,DR
MSP - DFS,2019-0A1-010147,20190729,NORTH ANDOVER,MV,M,21,M,H,DR
MSP - DFS,2019-0A1-010147,20190729,NORTH ANDOVER,MV,M,21,M,H,DR
MSP - DFS,2019-0D3-005963,20190729,FREETOWN,MV,M,21,M,W,SX
MSP - DFS,2019-0B3-004806,20190729,CHICOPEE,520,F,23,M,H,PR
MSP - DFS,2019-0B3-004806,20190729,CHICOPEE,35A,F,23,M,H,PR
MSP - DFS,2019-0A6-006543,20190729,PEABODY,90Z,W,24,F,W,GR
MSP - DFS,2019-0CX-008115,20190729,AUBURN,90G,M,25,M,H,PR
MSP - DFS,2019-0B3-004792,20190729,LONGMEADOW,90Z,W,25,M,H,PR
MSP - DFS,2019-0CX-008115,20190729,AUBURN,MV,M,25,M,H,PR
MSP - DFS,2019-0CX-008115,20190729,AUBURN,MV,M,25,M,H,PR
MSP - DFS,2019-0B2-004401,20190729,DEERFIELD,MV,M,26,F,W,U
MSP - DFS,2019-0B2-004401,20190729,DEERFIELD,MV,M,26,F,W,U
MSP - DFS,2019-0H5-004106,20190729,BOSTON,MV,M,39,M,B,NG
MSP - DFS,2019-0H5-004106,20190729,BOSTON,MV,M,39,M,B,NG
MSP - DFS,2019-0H5-004106,20190729,BOSTON,MV,M,39,M,B,NG
MSP - DFS,2019-0D7-004750,20190729,WAREHAM,90Z,W,45,M,H,PR
MSP - DFS,2019-0B3-004810,20190729,CHICOPEE,35A,F,46,M,H,PR
MSP - DFS,2019-0H7-004145,20190729,BOSTON,90Z,W,47,M,B,HT
MSP - DFS,2019-0H3-005254,20190729,BELLINGHAM,250,M,48,M,H,DR
MSP - DFS,2019-0A3-007185,20190729,LOWELL,90Z,W,48,M,H,PR
MSP - DFS,2019-0H3-005254,20190729,BELLINGHAM,MV,M,48,M,H,DR
MSP - DFS,2019-0H3-005254,20190729,BELLINGHAM,MV,M,48,M,H,DR
MSP - DFS,2019-0H3-005254,20190729,BELLINGHAM,MV,M,48,M,H,DR
MSP - DFS,2019-0C5-002861,20190729,STURBRIDGE,MV,M,48,M,W,BRA
MSP - DFS,2019-0C5-002861,20190729,STURBRIDGE,MV,M,48,M,W,BRA
MSP - DFS,2019-0C5-002861,20190729,STURBRIDGE,MV,M,48,M,W,BRA
MSP - DFS,2019-0A5-005764,20190729,REVERE,MV,M,56,F,H,BRA
MSP - DFS,2019-0A5-005764,20190729,REVERE,MV,M,56,F,H,BRA
MSP - DFS,2019-0C5-002866,20190729,SOUTHBRIDGE,35A,F,56,M,W,U
MSP - DFS,2019-0C5-002866,20190729,SOUTHBRIDGE,35A,F,56,M,W,U
MSP - DFS,2019-0C5-002866,20190729,SOUTHBRIDGE,90Z,W,56,M,W,U
MSP - DFS,2019-0C5-002866,20190729,SOUTHBRIDGE,90Z,W,56,M,W,U
MSP - DFS,2019-0D3-006024,20190730,DARTMOUTH,90Z,W,21,F,H,PR
MSP - DFS,2019-0A4-006855,20190730,SOMERVILLE,90Z,W,24,M,H,DR
MSP - DFS,2019-0C5-002891,20190730,STURBRIDGE,90Z,W,28,M,H,DR
MSP - DFS,2019-0C5-002891,20190730,STURBRIDGE,MV,M,28,M,H,DR
MSP - DFS,2019-0C5-002891,20190730,STURBRIDGE,MV,M,28,M,H,DR
MSP - DFS,2019-0C5-002891,20190730,STURBRIDGE,MV,M,28,M,H,DR
MSP - DFS,2019-0C5-002891,20190730,STURBRIDGE,MV,M,28,M,H,DR
MSP - DFS,2019-0C5-002890,20190730,STURBRIDGE,90Z,W,33,M,B,PR
MSP - DFS,2019-0C5-002890,20190730,STURBRIDGE,MV,M,33,M,B,PR
MSP - DFS,2019-0C5-002890,20190730,STURBRIDGE,MV,M,33,M,B,PR
MSP - DFS,2019-0C1-003684,20190730,TEMPLETON,90Z,W,39,M,W,SX
MSP - DFS,2019-0C1-003684,20190730,TEMPLETON,MV,M,39,M,W,SX
MSP - DFS,2019-0C1-003684,20190730,TEMPLETON,MV,M,39,M,W,SX
MSP - DFS,2019-0C1-003684,20190730,TEMPLETON,MV,M,39,M,W,SX
MSP - DFS,2019-0C1-003684,20190730,TEMPLETON,MV,M,39,M,W,SX
MSP - DFS,2019-0H7-004162,20190730,MILTON,250,M,42,M,B,HT
MSP - DFS,2019-0H7-004162,20190730,MILTON,26A,M,42,M,B,HT
MSP - DFS,2019-0H7-004162,20190730,MILTON,"280,26A",M,42,M,B,HT
MSP - DFS,2019-0H7-004162,20190730,MILTON,MV,M,42,M,B,HT
MSP - DFS,2019-0D4-004468,20190731,MIDDLEBOROUGH,90Z,W,24,M,O,CA
MSP - DFS,2019-0D4-004468,20190731,MIDDLEBOROUGH,90Z,W,24,M,O,CA
MSP - DFS,2019-0D4-004468,20190731,MIDDLEBOROUGH,MV,M,24,M,O,CA
MSP - DFS,2019-0D4-004468,20190731,MIDDLEBOROUGH,MV,M,24,M,O,CA
MSP - DFS,2019-0C6-005172,20190731,WORCESTER,13A-13C,M,24,M,H,DR
MSP - DFS,2019-0C6-005172,20190731,WORCESTER,35A,F,24,M,H,DR
MSP - DFS,2019-0C6-005172,20190731,WORCESTER,35A,F,24,M,H,DR
MSP - DFS,2019-0C6-005172,20190731,WORCESTER,MV,M,24,M,H,DR
MSP - DFS,2019-0C1-003697,20190731,WESTMINSTER,MV,M,24,M,H,PR
MSP - DFS,2019-0C1-003697,20190731,WESTMINSTER,MV,M,24,M,H,PR
MSP - DFS,2019-0C6-005172,20190731,WORCESTER,MV,M,24,M,H,DR
MSP - DFS,2019-0C1-003697,20190731,WESTMINSTER,MV,M,24,M,H,PR
MSP - DFS,2019-0C1-003697,20190731,WESTMINSTER,MV,O,24,M,H,PR
MSP - DFS,2019-0B3-004861,20190731,LONGMEADOW,280,M,31,M,W,U
MSP - DFS,2019-0B3-004861,20190731,LONGMEADOW,35A,F,31,M,W,U
MSP - DFS,2019-0B3-004861,20190731,LONGMEADOW,90Z,W,31,M,W,U
MSP - DFS,2019-0C2-005634,20190731,SOUTHBOROUGH,90D,M,36,F,W,IRE
MSP - DFS,2019-0C2-005634,20190731,SOUTHBOROUGH,MV,M,36,F,W,IRE
MSP - DFS,2019-0C2-005634,20190731,SOUTHBOROUGH,MV,M,36,F,W,IRE
MSP - DFS,2019-0B3-004861,20190731,LONGMEADOW,280,M,37,F,H,PR
MSP - DFS,2019-0B3-004861,20190731,LONGMEADOW,MV,M,37,F,H,PR
MSP - DFS,2019-0B3-004861,20190731,LONGMEADOW,MV,M,37,F,H,PR
MSP - DFS,2019-0B3-004861,20190731,LONGMEADOW,MV,M,37,F,H,PR
MSP - DFS,2019-0A5-005801,20190731,BOSTON,40B,M,40,M,H,CB
MSP - DFS,2019-0A5-005801,20190731,BOSTON,64A,F,40,M,H,CB
MSP - DFS,2019-0A5-005801,20190731,BOSTON,90Z,F,40,M,H,CB
MSP - DFS,2019-0D2-003807,20190731,BARNSTABLE,90Z,W,42,M,H,BRA
MSP - DFS,2019-0D2-003807,20190731,BARNSTABLE,MV,M,42,M,H,BRA
MSP - DFS,2019-0D2-003807,20190731,BARNSTABLE,MV,M,42,M,H,BRA
MSP - DFS,2019-0A5-005825,20190731,CHELSEA,90Z,W,55,M,H,CB
MSP - DFS,2019-0D1-004092,20190731,HANOVER,90Z,W,59,M,W,IRE
MSP - DFS,2019-0B4-003939,20190801,FLORIDA,90Z,M,20,F,W,U
MSP - DFS,2019-0H7-004227,20190801,BOSTON,90Z,W,22,M,B,HT
MSP - DFS,2019-0D4-004504,20190801,BROCKTON,90Z,W,25,M,B,U
MSP - DFS,2019-0D4-004504,20190801,BROCKTON,90Z,W,25,M,B,U
MSP - DFS,2019-0C4-003737,20190801,FITCHBURG,520,F,30,M,H,PR
MSP - DFS,2019-0C4-003737,20190801,FITCHBURG,35A,F,30,M,H,PR
MSP - DFS,2019-0C4-003737,20190801,FITCHBURG,35A,F,30,M,H,PR
MSP - DFS,2019-0C4-003737,20190801,FITCHBURG,35A,F,30,M,H,PR
MSP - DFS,2019-0D4-004508,20190801,RAYNHAM,90Z,W,39,F,B,HT
MSP - DFS,2019-0H3-005333,20190801,PLAINVILLE,90Z,W,46,F,O,VM
MSP - DFS,2019-0A5-005898,20190802,REVERE,250,M,26,M,H,CB
MSP - DFS,2019-0A5-005898,20190802,REVERE,35A,F,26,M,H,CB
MSP - DFS,2019-0A5-005898,20190802,REVERE,MV,M,26,M,H,CB
MSP - DFS,2019-0H6-005494,20190802,BOSTON,MV,M,26,M,H,DR
MSP - DFS,2019-0A5-005898,20190802,REVERE,MV,M,26,M,H,CB
MSP - DFS,2019-0H6-005494,20190802,BOSTON,MV,M,26,M,H,DR
MSP - DFS,2019-0A5-005900,20190802,CHELSEA,90Z,W,33,M,H,MM
MSP - DFS,2019-0D3-006129,20190802,NEW BEDFORD,35A,F,38,M,H,PR
MSP - DFS,2019-0D3-006129,20190802,NEW BEDFORD,90Z,W,38,M,H,PR
MSP - DFS,2019-0D3-006129,20190802,NEW BEDFORD,MV,M,38,M,H,PR
MSP - DFS,2019-0D3-006129,20190802,NEW BEDFORD,MV,M,38,M,H,PR
MSP - DFS,2019-0B3-004928,20190802,SPRINGFIELD,90Z,W,47,U,H,PR
MSP - DFS,2019-0B3-004928,20190802,SPRINGFIELD,90Z,W,47,U,H,PR
MSP - DFS,2019-0B3-004928,20190802,SPRINGFIELD,90Z,W,47,U,H,PR
MSP - DFS,2019-0B3-004928,20190802,SPRINGFIELD,90Z,W,47,U,H,PR
MSP - DFS,2019-0B3-004928,20190802,SPRINGFIELD,MV,M,47,U,H,PR
MSP - DFS,2019-0B3-004928,20190802,SPRINGFIELD,MV,M,47,U,H,PR
MSP - DFS,2019-0B3-004928,20190802,SPRINGFIELD,MV,M,47,U,H,PR
MSP - DFS,2019-0H5-004204,20190802,BOSTON,90Z,W,50,M,W,SX
MSP - DFS,2019-0H6-005519,20190803,QUINCY,13A,F,24,M,B,HT
MSP - DFS,2019-0H6-005519,20190803,QUINCY,"510,13C",F,24,M,B,HT
MSP - DFS,2019-0H6-005519,20190803,QUINCY,MV,M,24,M,B,HT
MSP - DFS,2019-0H6-005519,20190803,QUINCY,MV,M,24,M,B,HT
MSP - DFS,2019-0H6-005519,20190803,QUINCY,MV,M,24,M,B,HT
MSP - DFS,2019-0H8-005131,20190803,NEWTON,90D,M,25,F,H,BRA
MSP - DFS,2019-0H8-005131,20190803,NEWTON,MV,M,25,F,H,BRA
MSP - DFS,2019-0H8-005131,20190803,NEWTON,MV,M,25,F,H,BRA
MSP - DFS,2019-0H8-005131,20190803,NEWTON,MV,M,25,F,H,BRA
MSP - DFS,2019-0H8-005131,20190803,NEWTON,MV,M,25,F,H,BRA
MSP - DFS,2019-0H8-005131,20190803,NEWTON,MV,M,25,F,H,BRA
MSP - DFS,2019-0H8-005131,20190803,NEWTON,MV,M,25,F,H,BRA
MSP - DFS,2019-0A5-005917,20190803,LYNN,MV,M,28,M,H,DR
MSP - DFS,2019-0A5-005917,20190803,LYNN,MV,M,28,M,H,DR
MSP - DFS,2019-0A5-005917,20190803,LYNN,MV,M,28,M,H,DR
MSP - DFS,2019-0A5-005917,20190803,LYNN,MV,M,28,M,H,DR
MSP - DFS,2019-0A5-005917,20190803,LYNN,MV,M,28,M,H,DR
MSP - DFS,2019-0H7-004256,20190803,QUINCY,90J,M,30,M,H,BRA
MSP - DFS,2019-0H7-004256,20190803,QUINCY,90Z,W,30,M,H,BRA
MSP - DFS,2019-0H7-004256,20190803,QUINCY,90Z,W,30,M,H,BRA
MSP - DFS,2019-0H7-004256,20190803,QUINCY,MV,M,30,M,H,BRA
MSP - DFS,2019-0H9-007891,20190803,BOSTON,90D,M,31,M,H,DR
MSP - DFS,2019-0H9-007891,20190803,BOSTON,MV,M,31,M,H,DR
MSP - DFS,2019-0H9-007891,20190803,BOSTON,MV,M,31,M,H,DR
MSP - DFS,2019-0CX-008285,20190803,GRAFTON,MV,M,31,M,W,IRE
MSP - DFS,2019-0CX-008285,20190803,GRAFTON,MV,M,31,M,W,IRE
MSP - DFS,2019-0CX-008285,20190803,GRAFTON,MV,M,31,M,W,IRE
MSP - DFS,2019-0H3-005410,20190803,ATTLEBORO,MV,M,39,M,H,DR
MSP - DFS,2019-0H3-005410,20190803,ATTLEBORO,MV,M,39,M,H,DR
MSP - DFS,2019-0C2-005707,20190803,MARLBOROUGH,90D,M,54,M,H,BRA
MSP - DFS,2019-0C2-005707,20190803,MARLBOROUGH,MV,M,54,M,H,BRA
MSP - DFS,2019-0C2-005707,20190803,MARLBOROUGH,MV,M,54,M,H,BRA
MSP - DFS,2019-0C2-005707,20190803,MARLBOROUGH,MV,,54,M,H,BRA
MSP - DFS,2019-0C2-005707,20190803,MARLBOROUGH,MV,M,54,M,H,BRA
MSP - DFS,2019-0C2-005707,20190803,MARLBOROUGH,MV,O,54,M,H,BRA
MSP - DFS,2019-0CX-008312,20190804,WESTBOROUGH,90Z,W,21,M,H,PR
MSP - DFS,2019-0CX-008312,20190804,WESTBOROUGH,MV,M,21,M,H,PR
MSP - DFS,2019-0CX-008312,20190804,WESTBOROUGH,MV,M,21,M,H,PR
MSP - DFS,2019-0H7-004303,20190804,MILTON,13A or 13B,M,25,M,B,NG
MSP - DFS,2019-0H7-004303,20190804,MILTON,13A-13C,M,25,M,B,NG
MSP - DFS,2019-0H7-004303,20190804,MILTON,MV,M,25,M,B,NG
MSP - DFS,2019-0H7-004303,20190804,MILTON,MV,M,25,M,B,NG
MSP - DFS,2019-0H7-004303,20190804,MILTON,MV,M,25,M,B,NG
MSP - DFS,2019-0B3-004974,20190804,CHICOPEE,90Z,W,28,M,H,PR
MSP - DFS,2019-0B3-004974,20190804,CHICOPEE,90Z,W,28,M,H,PR
MSP - DFS,2019-0A5-005951,20190804,CHELSEA,520,F,29,M,H,DR
MSP - DFS,2019-0A5-005951,20190804,CHELSEA,,O,29,M,H,DR
MSP - DFS,2019-0A5-005951,20190804,CHELSEA,35A,F,29,M,H,DR
MSP - DFS,2019-0A5-005951,20190804,CHELSEA,MV,M,29,M,H,DR
MSP - DFS,2019-0A6-006719,20190804,DANVERS,90D,M,30,F,W,MM
MSP - DFS,2019-0A6-006719,20190804,DANVERS,MV,M,30,F,W,MM
MSP - DFS,2019-0B3-004981,20190804,SPRINGFIELD,MV,M,33,M,H,PR
MSP - DFS,2019-0B3-004981,20190804,SPRINGFIELD,MV,M,33,M,H,PR
MSP - DFS,2019-0B3-005017,20190805,SPRINGFIELD,MV,M,29,M,H,PR
MSP - DFS,2019-0B3-005017,20190805,SPRINGFIELD,MV,M,29,M,H,PR
MSP - DFS,2019-0B3-005017,20190805,SPRINGFIELD,MV,M,29,M,H,PR
MSP - DFS,2019-0H7-004324,20190805,BOSTON,90G,M,30,M,B,HT
MSP - DFS,2019-0H7-004324,20190805,BOSTON,MV,M,30,M,B,HT
MSP - DFS,2019-0H7-004324,20190805,BOSTON,MV,M,30,M,B,HT
MSP - DFS,2019-0H7-004324,20190805,BOSTON,MV,M,30,M,B,HT
MSP - DFS,2019-0H7-004324,20190805,BOSTON,MV,M,30,M,B,HT
MSP - DFS,2019-0H7-004324,20190805,BOSTON,MV,M,30,M,B,HT
MSP - DFS,2019-0H7-004324,20190805,BOSTON,MV,M,30,M,B,HT
MSP - DFS,2019-0B3-005017,20190805,SPRINGFIELD,90Z,W,30,M,H,PR
MSP - DFS,2019-0B6-006988,20190805,CHESTERFIELD,13A,F,30,F,W,EN
MSP - DFS,2019-0H3-005488,20190805,WALPOLE,35A,F,31,M,H,DR
MSP - DFS,2019-0H3-005488,20190805,WALPOLE,90D,M,31,M,H,DR
MSP - DFS,2019-0H3-005488,20190805,WALPOLE,MV,M,31,M,H,DR
MSP - DFS,2019-0H3-005488,20190805,WALPOLE,MV,O,31,M,H,DR
MSP - DFS,2019-0C2-005776,20190805,WORCESTER,35A,M,39,M,W,PR
MSP - DFS,2019-0C2-005776,20190805,WORCESTER,35A,F,39,M,W,PR
MSP - DFS,2019-0C2-005776,20190805,WORCESTER,35A,F,39,M,W,PR
MSP - DFS,2019-0C2-005776,20190805,WORCESTER,MV,M,39,M,W,PR
MSP - DFS,2019-0H6-005581,20190805,BOSTON,35A,F,42,M,B,DR
MSP - DFS,2019-0H6-005581,20190805,BOSTON,90G,M,42,M,B,DR
MSP - DFS,2019-0H6-005581,20190805,BOSTON,MV,M,42,M,B,DR
MSP - DFS,2019-0H9-008017,20190805,BOSTON,90Z,W,43,M,B,HT
MSP - DFS,2019-0D4-004571,20190805,TAUNTON,90D,F,51,M,W,U
MSP - DFS,2019-0D4-004571,20190805,TAUNTON,90G,M,51,M,W,U
MSP - DFS,2019-0D4-004571,20190805,TAUNTON,MV,M,51,M,W,U
MSP - DFS,2019-0D4-004571,20190805,TAUNTON,MV,O,51,M,W,U
MSP - DFS,2019-0B3-005030,20190805,SPRINGFIELD,90Z,W,53,M,H,PR
MSP - DFS,2019-0B3-005030,20190805,SPRINGFIELD,MV,M,53,M,H,PR
MSP - DFS,2019-0B3-005030,20190805,SPRINGFIELD,MV,M,53,M,H,PR
MSP - DFS,2019-0C6-005352,20190806,AUBURN,90Z,W,22,M,H,PR
MSP - DFS,2019-0B3-005051,20190806,SPRINGFIELD,90Z,F,28,F,H,PR
MSP - DFS,2019-0B3-005051,20190806,SPRINGFIELD,MV,M,28,F,H,PR
MSP - DFS,2019-0B3-005051,20190806,SPRINGFIELD,MV,M,28,F,H,PR
MSP - DFS,2019-0B3-005051,20190806,SPRINGFIELD,MV,M,28,F,H,PR
MSP - DFS,2019-0B8-004262,20190806,CHICOPEE,MV,M,34,M,H,PR
MSP - DFS,2019-0B8-004262,20190806,CHICOPEE,MV,M,34,M,H,PR
MSP - DFS,2019-0C4-003822,20190806,FITCHBURG,90D,M,41,M,H,PR
MSP - DFS,2019-0C4-003822,20190806,FITCHBURG,90G,M,41,M,H,PR
MSP - DFS,2019-0A4-007098,20190806,EVERETT,90Z,W,41,M,H,HB
MSP - DFS,2019-0C4-003822,20190806,FITCHBURG,MV,M,41,M,H,PR
MSP - DFS,2019-0C4-003822,20190806,FITCHBURG,MV,M,41,M,H,PR
MSP - DFS,2019-0A4-007083,20190806,SOMERVILLE,90Z,W,50,M,W,IRE
MSP - DFS,2019-0A4-007083,20190806,SOMERVILLE,MV,M,50,M,W,IRE
MSP - DFS,2019-0A4-007083,20190806,SOMERVILLE,MV,O,50,M,W,IRE
MSP - DFS,2019-0A5-005993,20190806,SAUGUS,90Z,W,65,M,B,NG
MSP - DFS,2019-0A5-005993,20190806,SAUGUS,MV,M,65,M,B,NG
MSP - DFS,2019-0A4-007108,20190807,MEDFORD,90D,M,24,M,W,IRE
MSP - DFS,2019-0A4-007108,20190807,MEDFORD,MV,M,24,M,W,IRE
MSP - DFS,2019-0A4-007108,20190807,MEDFORD,MV,O,24,M,W,IRE
MSP - DFS,2019-0D3-006281,20190807,NEW BEDFORD,90Z,W,29,M,H,PR
MSP - DFS,2019-0C2-005809,20190807,GRAFTON,90Z,W,30,M,B,DR
MSP - DFS,2019-0H7-004368,20190807,CANTON,90Z,W,35,M,B,NG
MSP - DFS,2019-0H7-004368,20190807,CANTON,MV,M,35,M,B,NG
MSP - DFS,2019-0C5-002991,20190807,STURBRIDGE,90Z,W,37,M,H,PR
MSP - DFS,2019-0C5-002991,20190807,STURBRIDGE,MV,M,37,M,H,PR
MSP - DFS,2019-0C5-002991,20190807,STURBRIDGE,MV,M,37,M,H,PR
MSP - DFS,2019-0A5-006044,20190807,LYNN,250,M,44,M,H,DR
MSP - DFS,2019-0A5-006044,20190807,LYNN,250,M,44,M,H,DR
MSP - DFS,2019-0A5-006044,20190807,LYNN,250,M,44,M,H,DR
MSP - DFS,2019-0A5-006044,20190807,LYNN,26A,M,44,M,H,DR
MSP - DFS,2019-0A5-006044,20190807,LYNN,26A,M,44,M,H,DR
MSP - DFS,2019-0A5-006044,20190807,LYNN,26A,M,44,M,H,DR
MSP - DFS,2019-0A5-006044,20190807,LYNN,"280,26A",M,44,M,H,DR
MSP - DFS,2019-0A5-006044,20190807,LYNN,"280,26A",M,44,M,H,DR
MSP - DFS,2019-0A5-006044,20190807,LYNN,"280,26A",M,44,M,H,DR
MSP - DFS,2019-0A5-006044,20190807,LYNN,90Z,W,44,M,H,DR
MSP - DFS,2019-0A5-006044,20190807,LYNN,90Z,W,44,M,H,DR
MSP - DFS,2019-0A5-006044,20190807,LYNN,90Z,W,44,M,H,DR
MSP - DFS,2019-0A5-006044,20190807,LYNN,90Z,W,44,M,H,DR
MSP - DFS,2019-0A5-006044,20190807,LYNN,90Z,W,44,M,H,DR
MSP - DFS,2019-0A5-006044,20190807,LYNN,90Z,W,44,M,H,DR
MSP - DFS,2019-0A5-006044,20190807,LYNN,90Z,O,44,M,H,DR
MSP - DFS,2019-0A5-006044,20190807,LYNN,90Z,O,44,M,H,DR
MSP - DFS,2019-0A5-006044,20190807,LYNN,90Z,O,44,M,H,DR
MSP - DFS,2019-0A5-006044,20190807,LYNN,90Z,O,44,M,H,DR
MSP - DFS,2019-0A5-006044,20190807,LYNN,90Z,O,44,M,H,DR
MSP - DFS,2019-0A5-006044,20190807,LYNN,MV,M,44,M,H,DR
MSP - DFS,2019-0A5-006044,20190807,LYNN,MV,M,44,M,H,DR
MSP - DFS,2019-0H7-004381,20190807,RANDOLPH,90Z,W,53,M,B,NG
MSP - DFS,2019-0C6-005404,20190808,WORCESTER,90Z,W,18,M,H,PR
MSP - DFS,2019-0A6-006846,20190808,READING,250,O,20,M,W,IRE
MSP - DFS,2019-0A6-006846,20190808,READING,13A,F,20,M,W,IRE
MSP - DFS,2019-0C5-003000,20190808,SOUTHBRIDGE,90Z,W,21,M,H,DR
MSP - DFS,2019-0C5-003000,20190808,SOUTHBRIDGE,MV,M,21,M,H,DR
MSP - DFS,2019-0C5-003000,20190808,SOUTHBRIDGE,MV,M,21,M,H,DR
MSP - DFS,2019-0H9-008100,20190808,BOSTON,90D,M,25,M,J,JO
MSP - DFS,2019-0H9-008100,20190808,BOSTON,MV,M,25,M,J,JO
MSP - DFS,2019-0H9-008100,20190808,BOSTON,MV,M,25,M,J,JO
MSP - DFS,2019-0A1-010573,20190808,LAWRENCE,90Z,W,26,M,H,PR
MSP - DFS,2019-0A1-010573,20190808,LAWRENCE,90Z,W,26,M,H,PR
MSP - DFS,2019-0A1-010573,20190808,LAWRENCE,90Z,W,26,M,H,PR
MSP - DFS,2019-0B3-005090,20190808,LONGMEADOW,90Z,W,27,M,H,PR
MSP - DFS,2019-0A1-010572,20190808,METHUEN,90D,M,28,F,B,HT
MSP - DFS,2019-0A1-010572,20190808,METHUEN,MV,M,28,F,B,HT
MSP - DFS,2019-0A1-010572,20190808,METHUEN,MV,M,28,F,B,HT
MSP - DFS,2019-0A1-010572,20190808,METHUEN,MV,M,28,F,B,HT
MSP - DFS,2019-0H9-008131,20190808,BOSTON,MV,M,28,M,H,PR
MSP - DFS,2019-0B6-007100,20190808,HOLYOKE,90Z,W,33,M,H,PR
MSP - DFS,2019-0B6-007100,20190808,HOLYOKE,90Z,W,33,M,H,PR
MSP - DFS,2019-0B6-007100,20190808,HOLYOKE,90Z,W,33,M,H,PR
MSP - DFS,2019-0H6-005650,20190808,QUINCY,MV,M,36,M,W,BRA
MSP - DFS,2019-0H6-005650,20190808,QUINCY,MV,M,36,M,W,BRA
MSP - DFS,2019-0D3-006311,20190808,FALL RIVER,35A,F,40,M,H,PR
MSP - DFS,2019-0D3-006311,20190808,FALL RIVER,MV,M,40,M,H,PR
MSP - DFS,2019-0D3-006311,20190808,FALL RIVER,MV,M,40,M,H,PR
MSP - DFS,2019-0H6-005648,20190808,BOSTON,90Z,W,54,M,H,DR
MSP - DFS,2019-0H6-005648,20190808,BOSTON,MV,M,54,M,H,DR
MSP - DFS,2019-0H6-005648,20190808,BOSTON,MV,M,54,M,H,DR
MSP - DFS,2019-0B6-007111,20190809,HOLYOKE,90D,M,21,M,W,PR
MSP - DFS,2019-0B6-007111,20190809,HOLYOKE,MV,M,21,M,W,PR
MSP - DFS,2019-0B6-007111,20190809,HOLYOKE,MV,M,21,M,W,PR
MSP - DFS,2019-0B6-007111,20190809,HOLYOKE,MV,M,21,M,W,PR
MSP - DFS,2019-0CX-008523,20190809,MILLBURY,MV,M,24,M,H,PR
MSP - DFS,2019-0CX-008523,20190809,MILLBURY,MV,M,24,M,H,PR
MSP - DFS,2019-0H8-005259,20190809,FRAMINGHAM,90D,M,27,F,W,GR
MSP - DFS,2019-0H8-005259,20190809,FRAMINGHAM,MV,M,27,F,W,GR
MSP - DFS,2019-0H8-005259,20190809,FRAMINGHAM,MV,M,27,F,W,GR
MSP - DFS,2019-0H8-005259,20190809,FRAMINGHAM,MV,M,27,F,W,GR
MSP - DFS,2019-0H6-005703,20190809,QUINCY,90D,M,35,M,H,BRA
MSP - DFS,2019-0H6-005703,20190809,QUINCY,90D,M,35,M,H,BRA
MSP - DFS,2019-0H6-005703,20190809,QUINCY,MV,M,35,M,H,BRA
MSP - DFS,2019-0H6-005703,20190809,QUINCY,MV,M,35,M,H,BRA
MSP - DFS,2019-0H6-005703,20190809,QUINCY,MV,M,35,M,H,BRA
MSP - DFS,2019-0C1-003822,20190809,WESTMINSTER,90Z,W,35,M,W,IRE
MSP - DFS,2019-0C2-005863,20190809,HOPKINTON,90Z,W,37,M,B,JM
MSP - DFS,2019-0B2-004683,20190809,GREENFIELD,35A,F,38,M,W,U
MSP - DFS,2019-0B2-004683,20190809,GREENFIELD,90Z,W,38,M,W,U
MSP - DFS,2019-0B2-004683,20190809,GREENFIELD,MV,M,38,M,W,U
MSP - DFS,2019-0B2-004683,20190809,GREENFIELD,MV,M,38,M,W,U
MSP - DFS,2019-0B8-004338,20190809,WEST SPRINGFIELD,90D,M,40,M,H,PR
MSP - DFS,2019-0B8-004338,20190809,WEST SPRINGFIELD,MV,M,40,M,H,PR
MSP - DFS,2019-0B8-004338,20190809,WEST SPRINGFIELD,MV,M,40,M,H,PR
MSP - DFS,2019-0H9-008161,20190809,BOSTON,90Z,W,43,M,H,MM
MSP - DFS,2019-0A6-006855,20190809,DANVERS,90Z,W,47,M,W,ITAL
MSP - DFS,2019-0A6-006855,20190809,DANVERS,MV,M,47,M,W,ITAL
MSP - DFS,2019-0A5-006115,20190810,NAHANT,13A-13C,M,21,F,W,ITAL
MSP - DFS,2019-0A5-006115,20190810,NAHANT,90Z,O,21,F,W,ITAL
MSP - DFS,2019-0A1-010617,20190810,ANDOVER,90D,M,32,M,B,HT
MSP - DFS,2019-0A1-010617,20190810,ANDOVER,MV,M,32,M,B,HT
MSP - DFS,2019-0A1-010617,20190810,ANDOVER,MV,M,32,M,B,HT
MSP - DFS,2019-0A1-010617,20190810,ANDOVER,MV,M,32,M,B,HT
MSP - DFS,2019-0A6-006899,20190810,DANVERS,90D,M,34,M,H,HB
MSP - DFS,2019-0H8-005287,20190810,NEWTON,90D,M,36,M,H,BRA
MSP - DFS,2019-0H8-005287,20190810,NEWTON,MV,M,36,M,H,BRA
MSP - DFS,2019-0H8-005287,20190810,NEWTON,MV,M,36,M,H,BRA
MSP - DFS,2019-0H8-005287,20190810,NEWTON,MV,M,36,M,H,BRA
MSP - DFS,2019-0H8-005287,20190810,NEWTON,MV,M,36,M,H,BRA
MSP - DFS,2019-0H6-005747,20190810,QUINCY,MV,M,40,M,W,BRA
MSP - DFS,2019-0C2-005891,20190810,WORCESTER,MV,M,45,M,H,PR
MSP - DFS,2019-0C2-005891,20190810,WORCESTER,MV,M,45,M,H,PR
MSP - DFS,2019-0C2-005891,20190810,WORCESTER,MV,M,45,M,H,PR
MSP - DFS,2019-0C2-005891,20190810,WORCESTER,MV,M,45,M,H,PR
MSP - DFS,2019-0C2-005891,20190810,WORCESTER,MV,M,45,M,H,PR
MSP - DFS,2019-0C2-005898,20190811,HOPKINTON,90D,M,19,F,W,BRA
MSP - DFS,2019-0C2-005898,20190811,HOPKINTON,90G,M,19,F,W,BRA
MSP - DFS,2019-0A6-006919,20190811,LYNNFIELD,90,M,21,M,W,P
MSP - DFS,2019-0A6-006919,20190811,LYNNFIELD,13A,F,21,M,W,P
MSP - DFS,2019-0A6-006919,20190811,LYNNFIELD,13A,F,21,M,W,P
MSP - DFS,2019-0A6-006919,20190811,LYNNFIELD,13A-13C,M,21,M,W,P
MSP - DFS,2019-0A6-006919,20190811,LYNNFIELD,90D,F,21,M,W,P
MSP - DFS,2019-0A6-006919,20190811,LYNNFIELD,90D,F,21,M,W,P
MSP - DFS,2019-0A6-006919,20190811,LYNNFIELD,90D,M,21,M,W,P
MSP - DFS,2019-0A6-006919,20190811,LYNNFIELD,90J,M,21,M,W,P
MSP - DFS,2019-0A6-006919,20190811,LYNNFIELD,MV,M,21,M,W,P
MSP - DFS,2019-0A6-006919,20190811,LYNNFIELD,MV,M,21,M,W,P
MSP - DFS,2019-0A6-006919,20190811,LYNNFIELD,MV,M,21,M,W,P
MSP - DFS,2019-0A6-006919,20190811,LYNNFIELD,MV,M,21,M,W,P
MSP - DFS,2019-0A6-006919,20190811,LYNNFIELD,MV,M,21,M,W,P
MSP - DFS,2019-0A6-006919,20190811,LYNNFIELD,MV,M,21,M,W,P
MSP - DFS,2019-0A6-006919,20190811,LYNNFIELD,MV,O,21,M,W,P
MSP - DFS,2019-0B6-007181,20190811,HOLYOKE,35A,F,22,M,H,PR
MSP - DFS,2019-0B6-007181,20190811,HOLYOKE,35A,F,22,M,H,PR
MSP - DFS,2019-0B6-007181,20190811,HOLYOKE,90Z,F,22,M,H,PR
MSP - DFS,2019-0F1-040156,20190811,BOSTON,90Z,W,25,M,H,U
MSP - DFS,2019-0D3-006404,20190811,FREETOWN,90D,M,28,M,B,BRA
MSP - DFS,2019-0D3-006404,20190811,FREETOWN,MV,M,28,M,B,BRA
MSP - DFS,2019-0D3-006404,20190811,FREETOWN,MV,M,28,M,B,BRA
MSP - DFS,2019-0D3-006442,20190811,FALL RIVER,35A,F,28,M,W,U
MSP - DFS,2019-0H7-004454,20190811,MILTON,90D,M,28,M,W,IRE
MSP - DFS,2019-0H7-004454,20190811,MILTON,90G,M,28,M,W,IRE
MSP - DFS,2019-0D3-006442,20190811,FALL RIVER,90Z,W,28,M,W,U
MSP - DFS,2019-0D3-006442,20190811,FALL RIVER,90Z,W,28,M,W,U
MSP - DFS,2019-0D3-006442,20190811,FALL RIVER,90Z,W,28,M,W,U
MSP - DFS,2019-0H7-004454,20190811,MILTON,MV,M,28,M,W,IRE
MSP - DFS,2019-0B5-003214,20190811,WESTFIELD,90D,M,29,M,H,PR
MSP - DFS,2019-0B5-003214,20190811,WESTFIELD,90D,M,29,M,H,PR
MSP - DFS,2019-0B5-003214,20190811,WESTFIELD,MV,M,29,M,H,PR
MSP - DFS,2019-0B5-003214,20190811,WESTFIELD,MV,M,29,M,H,PR
MSP - DFS,2019-0C2-005897,20190811,WORCESTER,90Z,W,30,M,H,PR
MSP - DFS,2019-0C2-005897,20190811,WORCESTER,MV,M,30,M,H,PR
MSP - DFS,2019-0A5-006154,20190811,REVERE,90D,M,31,F,H,CB
MSP - DFS,2019-0A5-006154,20190811,REVERE,MV,M,31,F,H,CB
MSP - DFS,2019-0A5-006154,20190811,REVERE,MV,M,31,F,H,CB
MSP - DFS,2019-0A5-006154,20190811,REVERE,MV,M,31,F,H,CB
MSP - DFS,2019-0A5-006154,20190811,REVERE,MV,M,31,F,H,CB
MSP - DFS,2019-0A5-006154,20190811,REVERE,MV,O,31,F,H,CB
MSP - DFS,2019-0D1-004347,20190811,BRAINTREE,MV,M,36,U,H,BRA
MSP - DFS,2019-0D1-004347,20190811,BRAINTREE,MV,M,36,U,H,BRA
MSP - DFS,2019-0C2-005905,20190811,MARLBOROUGH,MV,M,46,U,W,BRA
MSP - DFS,2019-0C2-005905,20190811,MARLBOROUGH,MV,M,46,U,W,BRA
MSP - DFS,2019-0A1-010701,20190812,METHUEN,90Z,W,21,M,H,DR
MSP - DFS,2019-0C5-003035,20190812,AUBURN,MV,M,23,M,H,PR
MSP - DFS,2019-0A4-007315,20190812,EVERETT,90,M,26,M,B,HT
MSP - DFS,2019-0A4-007315,20190812,EVERETT,13A,M,26,M,B,HT
MSP - DFS,2019-0A4-007315,20190812,EVERETT,13A-13B,F,26,M,B,HT
MSP - DFS,2019-0C4-003947,20190812,FITCHBURG,290,F,26,M,H,PR
MSP - DFS,2019-0C4-003947,20190812,FITCHBURG,13A,F,26,M,H,PR
MSP - DFS,2019-0C4-003947,20190812,FITCHBURG,35A,F,26,M,H,PR
MSP - DFS,2019-0C4-003947,20190812,FITCHBURG,MV,M,26,M,H,PR
MSP - DFS,2019-0C4-003947,20190812,FITCHBURG,MV,M,26,M,H,PR
MSP - DFS,2019-0C4-003947,20190812,FITCHBURG,MV,M,26,M,H,PR
MSP - DFS,2019-0CX-008656,20190812,CHARLTON,MV,M,26,M,H,PR
MSP - DFS,2019-0C4-003947,20190812,FITCHBURG,MV,M,26,M,H,PR
MSP - DFS,2019-0C4-003947,20190812,FITCHBURG,MV,M,26,M,H,PR
MSP - DFS,2019-0C4-003947,20190812,FITCHBURG,MV,M,26,M,H,PR
MSP - DFS,2019-0CX-008656,20190812,CHARLTON,MV,M,26,M,H,PR
MSP - DFS,2019-0CX-008650,20190812,GRAFTON,90Z,W,49,M,W,IRE
MSP - DFS,2019-0CX-008650,20190812,GRAFTON,90Z,W,49,M,W,IRE
MSP - DFS,2019-0CX-008650,20190812,GRAFTON,90Z,W,49,M,W,IRE
MSP - DFS,2019-0CX-008650,20190812,GRAFTON,90Z,W,49,M,W,IRE
MSP - DFS,2019-0CX-008650,20190812,GRAFTON,MV,M,49,M,W,IRE
MSP - DFS,2019-0CX-008650,20190812,GRAFTON,MV,M,49,M,W,IRE
MSP - DFS,2019-0CX-008650,20190812,GRAFTON,MV,M,49,M,W,IRE
MSP - DFS,2019-0CX-008637,20190812,CHARLTON,90Z,W,56,M,H,PR
MSP - DFS,2019-0D3-006485,20190813,NEW BEDFORD,90Z,W,22,M,H,PR
MSP - DFS,2019-0D3-006485,20190813,NEW BEDFORD,MV,M,22,M,H,PR
MSP - DFS,2019-0D3-006485,20190813,NEW BEDFORD,MV,M,22,M,H,PR
MSP - DFS,2019-0C4-003954,20190813,LEOMINSTER,90Z,W,25,M,B,PR
MSP - DFS,2019-0D3-006500,20190813,NEW BEDFORD,35A,F,27,M,W,U
MSP - DFS,2019-0D3-006497,20190813,NEW BEDFORD,90D,M,38,M,H,PR
MSP - DFS,2019-0D3-006497,20190813,NEW BEDFORD,MV,M,38,M,H,PR
MSP - DFS,2019-0D3-006497,20190813,NEW BEDFORD,MV,M,38,M,H,PR
MSP - DFS,2019-0A5-006228,20190813,CHELSEA,90Z,W,48,F,H,HB
MSP - DFS,2019-0B3-005244,20190814,SPRINGFIELD,240,M,25,M,H,PR
MSP - DFS,2019-0B3-005244,20190814,SPRINGFIELD,240,M,25,M,H,PR
MSP - DFS,2019-0B3-005244,20190814,SPRINGFIELD,280,F,25,M,H,PR
MSP - DFS,2019-0B3-005244,20190814,SPRINGFIELD,280,F,25,M,H,PR
MSP - DFS,2019-0B3-005244,20190814,SPRINGFIELD,MV,M,25,M,H,PR
MSP - DFS,2019-0B3-005244,20190814,SPRINGFIELD,MV,M,25,M,H,PR
MSP - DFS,2019-0A5-006256,20190814,LYNN,90Z,W,26,M,H,DR
MSP - DFS,2019-0A5-006257,20190814,CHELSEA,90Z,W,26,M,H,DR
MSP - DFS,2019-0A5-006256,20190814,LYNN,MV,M,26,M,H,DR
MSP - DFS,2019-0A5-006257,20190814,CHELSEA,MV,M,26,M,H,DR
MSP - DFS,2019-0A5-006257,20190814,CHELSEA,MV,M,26,M,H,DR
MSP - DFS,2019-0A5-006256,20190814,LYNN,MV,M,26,M,H,DR
MSP - DFS,2019-0A5-006257,20190814,CHELSEA,MV,M,26,M,H,DR
MSP - DFS,2019-0H7-004498,20190814,WESTWOOD,90Z,F,30,M,H,DR
MSP - DFS,2019-0H7-004498,20190814,WESTWOOD,35A,F,31,M,H,DR
MSP - DFS,2019-0H7-004498,20190814,WESTWOOD,90Z,W,31,M,H,DR
MSP - DFS,2019-0H7-004498,20190814,WESTWOOD,90Z,W,31,M,H,DR
MSP - DFS,2019-0H7-004498,20190814,WESTWOOD,90Z,W,31,M,H,DR
MSP - DFS,2019-0H7-004498,20190814,WESTWOOD,90Z,W,31,M,H,DR
MSP - DFS,2019-0H7-004498,20190814,WESTWOOD,90Z,W,31,M,H,DR
MSP - DFS,2019-0H7-004498,20190814,WESTWOOD,90Z,W,31,M,H,DR
MSP - DFS,2019-0H7-004498,20190814,WESTWOOD,90Z,F,31,M,H,DR
MSP - DFS,2019-0D4-004744,20190814,TAUNTON,MV,M,31,M,H,PR
MSP - DFS,2019-0D4-004744,20190814,TAUNTON,MV,M,31,M,H,PR
MSP - DFS,2019-0C9-003110,20190814,AYER,90Z,W,32,F,W,G
MSP - DFS,2019-0A1-010751,20190814,TEWKSBURY,90Z,M,34,F,W,DR
MSP - DFS,2019-0H7-004498,20190814,WESTWOOD,35A,F,38,F,H,DR
MSP - DFS,2019-0H7-004498,20190814,WESTWOOD,35A,F,38,F,H,DR
MSP - DFS,2019-0H7-004498,20190814,WESTWOOD,35A,F,38,F,H,DR
MSP - DFS,2019-0H7-004498,20190814,WESTWOOD,90Z,F,38,F,H,DR
MSP - DFS,2019-0H7-004498,20190814,WESTWOOD,35A,F,41,M,H,DR
MSP - DFS,2019-0H7-004498,20190814,WESTWOOD,35A,F,41,M,H,DR
MSP - DFS,2019-0H7-004498,20190814,WESTWOOD,90Z,W,41,M,H,DR
MSP - DFS,2019-0H7-004498,20190814,WESTWOOD,90Z,W,41,M,H,DR
MSP - DFS,2019-0H7-004498,20190814,WESTWOOD,90Z,W,41,M,H,DR
MSP - DFS,2019-0H7-004498,20190814,WESTWOOD,90Z,W,41,M,H,DR
MSP - DFS,2019-0H7-004498,20190814,WESTWOOD,90Z,W,41,M,H,DR
MSP - DFS,2019-0H7-004498,20190814,WESTWOOD,90Z,W,41,M,H,DR
MSP - DFS,2019-0H7-004498,20190814,WESTWOOD,90Z,W,41,M,H,DR
MSP - DFS,2019-0H7-004498,20190814,WESTWOOD,90Z,W,41,M,H,DR
MSP - DFS,2019-0H7-004498,20190814,WESTWOOD,90Z,W,41,M,H,DR
MSP - DFS,2019-0H7-004498,20190814,WESTWOOD,90Z,F,41,M,H,DR
MSP - DFS,2019-0C6-005580,20190814,AUBURN,13B-13C,F,43,M,H,PR
MSP - DFS,2019-0C6-005580,20190814,AUBURN,90D,M,43,M,H,PR
MSP - DFS,2019-0C6-005580,20190814,AUBURN,MV,M,43,M,H,PR
MSP - DFS,2019-0C6-005580,20190814,AUBURN,MV,M,43,M,H,PR
MSP - DFS,2019-0C6-005580,20190814,AUBURN,MV,O,43,M,H,PR
MSP - DFS,2019-0H7-004498,20190814,WESTWOOD,35A,F,44,F,H,DR
MSP - DFS,2019-0H7-004498,20190814,WESTWOOD,35A,F,44,F,H,DR
MSP - DFS,2019-0H7-004498,20190814,WESTWOOD,35A,F,44,F,H,DR
MSP - DFS,2019-0H7-004498,20190814,WESTWOOD,90Z,F,44,F,H,DR
MSP - DFS,2019-0H7-004498,20190814,WESTWOOD,35A,F,47,M,H,DR
MSP - DFS,2019-0H7-004498,20190814,WESTWOOD,35A,F,47,M,H,DR
MSP - DFS,2019-0H7-004498,20190814,WESTWOOD,90Z,W,47,M,H,DR
MSP - DFS,2019-0H7-004498,20190814,WESTWOOD,90Z,W,47,M,H,DR
MSP - DFS,2019-0H7-004498,20190814,WESTWOOD,90Z,W,47,M,H,DR
MSP - DFS,2019-0H7-004498,20190814,WESTWOOD,90Z,W,47,M,H,DR
MSP - DFS,2019-0H7-004498,20190814,WESTWOOD,90Z,F,47,M,H,DR
MSP - DFS,2019-0A5-006281,20190815,REVERE,90Z,W,23,M,W,DR
MSP - DFS,2019-0D1-004449,20190815,PLYMOUTH,90D,M,35,F,W,U
MSP - DFS,2019-0D1-004449,20190815,PLYMOUTH,90Z,W,35,F,W,U
MSP - DFS,2019-0D1-004449,20190815,PLYMOUTH,90Z,W,35,F,W,U
MSP - DFS,2019-0D1-004449,20190815,PLYMOUTH,MV,M,35,F,W,U
MSP - DFS,2019-0D1-004449,20190815,PLYMOUTH,MV,M,35,F,W,U
MSP - DFS,2019-0B8-004444,20190815,LUDLOW,90D,M,66,M,O,VM
MSP - DFS,2019-0B8-004444,20190815,LUDLOW,MV,M,66,M,O,VM
MSP - DFS,2019-0D3-006557,20190816,FALL RIVER,MV,M,24,M,H,PR
MSP - DFS,2019-0D3-006557,20190816,FALL RIVER,MV,M,24,M,H,PR
MSP - DFS,2019-0CX-008826,20190816,GRAFTON,90Z,W,30,M,H,PR
MSP - DFS,2019-0H9-008378,20190816,BOSTON,240,M,40,M,H,DR
MSP - DFS,2019-0H9-008378,20190816,BOSTON,MV,M,40,M,H,DR
MSP - DFS,2019-0H9-008378,20190816,BOSTON,MV,M,40,M,H,DR
MSP - DFS,2019-0B3-005296,20190816,SPRINGFIELD,90Z,W,43,M,J,SOMI
MSP - DFS,2019-0H9-008426,20190817,BOSTON,240,M,15,F,H,DR
MSP - DFS,2019-0H9-008426,20190817,BOSTON,280,F,15,F,H,DR
MSP - DFS,2019-0C3-005138,20190817,SPENCER,MV,M,19,M,W,U
MSP - DFS,2019-0C3-005138,20190817,SPENCER,MV,M,19,M,W,U
MSP - DFS,2019-0C3-005138,20190817,SPENCER,MV,M,19,M,W,U
MSP - DFS,2019-GEE-000902,20190817,EVERETT,90,M,24,F,W,BRA
MSP - DFS,2019-GEE-000902,20190817,EVERETT,90,M,24,F,W,BRA
MSP - DFS,2019-GEE-000902,20190817,EVERETT,13A,F,24,F,W,BRA
MSP - DFS,2019-GEE-000902,20190817,EVERETT,13A,F,24,F,W,BRA
MSP - DFS,2019-0D7-005213,20190817,BOURNE,90D,M,41,M,B,U
MSP - DFS,2019-0D7-005213,20190817,BOURNE,MV,M,41,M,B,U
MSP - DFS,2019-0D7-005213,20190817,BOURNE,MV,M,41,M,B,U
MSP - DFS,2019-0D1-004492,20190817,WEYMOUTH,"520,35A",F,47,M,B,JM
MSP - DFS,2019-0D1-004492,20190817,WEYMOUTH,90D,M,47,M,B,JM
MSP - DFS,2019-0D1-004492,20190817,WEYMOUTH,MV,M,47,M,B,JM
MSP - DFS,2019-0D1-004492,20190817,WEYMOUTH,MV,M,47,M,B,JM
MSP - DFS,2019-0D1-004492,20190817,WEYMOUTH,MV,M,47,M,B,JM
MSP - DFS,2019-0D1-004492,20190817,WEYMOUTH,MV,M,47,M,B,JM
MSP - DFS,2019-0C5-003125,20190818,OXFORD,MV,M,28,M,H,PR
MSP - DFS,2019-0C5-003125,20190818,OXFORD,MV,M,28,M,H,PR
MSP - DFS,2019-0C5-003123,20190818,STURBRIDGE,90Z,W,37,F,H,DR
MSP - DFS,2019-0C5-003123,20190818,STURBRIDGE,90Z,W,37,F,H,DR
MSP - DFS,2019-0D3-006632,20190818,NEW BEDFORD,35A,F,40,M,H,PR
MSP - DFS,2019-0D3-006632,20190818,NEW BEDFORD,35A,F,40,M,H,PR
MSP - DFS,2019-0D3-006632,20190818,NEW BEDFORD,MV,M,40,M,H,PR
MSP - DFS,2019-0D3-006632,20190818,NEW BEDFORD,MV,M,40,M,H,PR
MSP - DFS,2019-0H9-008459,20190818,BOSTON,520,F,42,M,W,IRE
MSP - DFS,2019-0H9-008459,20190818,BOSTON,40A,M,42,M,W,IRE
MSP - DFS,2019-0H9-008459,20190818,BOSTON,90G,M,42,M,W,IRE
MSP - DFS,2019-0H9-008459,20190818,BOSTON,MV,M,42,M,W,IRE
MSP - DFS,2019-0H9-008459,20190818,BOSTON,MV,M,42,M,W,IRE
MSP - DFS,2019-0H7-004561,20190818,WESTWOOD,13A or 13B,M,51,M,W,ITAL
MSP - DFS,2019-0H7-004561,20190818,WESTWOOD,90D,F,51,M,W,ITAL
MSP - DFS,2019-0H7-004561,20190818,WESTWOOD,MV,M,51,M,W,ITAL
MSP - DFS,2019-0H7-004561,20190818,WESTWOOD,MV,M,51,M,W,ITAL
MSP - DFS,2019-0H3-005886,20190818,WRENTHAM,90Z,W,59,M,B,JM
MSP - DFS,2019-0H3-005886,20190818,WRENTHAM,MV,M,59,M,B,JM
MSP - DFS,2019-0H3-005886,20190818,WRENTHAM,MV,M,59,M,B,JM
MSP - DFS,2019-0A6-007103,20190819,SAUGUS,90D,M,35,M,W,U
MSP - DFS,2019-0A6-007103,20190819,SAUGUS,MV,M,35,M,W,U
MSP - DFS,2019-0H6-005968,20190819,BOSTON,90D,M,36,M,B,PR
MSP - DFS,2019-0H6-005968,20190819,BOSTON,90G,M,36,M,B,PR
MSP - DFS,2019-0H6-005968,20190819,BOSTON,MV,M,36,M,B,PR
MSP - DFS,2019-0H6-005968,20190819,BOSTON,MV,M,36,M,B,PR
MSP - DFS,2019-0D4-004871,20190819,BROCKTON,90Z,W,40,M,B,U
MSP - DFS,2019-0H6-005970,20190819,BOSTON,13A-13C,M,49,M,O,CN
MSP - DFS,2019-0H6-005970,20190819,BOSTON,90D,M,49,M,O,CN
MSP - DFS,2019-0H6-005970,20190819,BOSTON,MV,M,49,M,O,CN
MSP - DFS,2019-0B3-005408,20190820,SPRINGFIELD,90Z,W,27,M,H,PR
MSP - DFS,2019-0A4-007616,20190821,SOMERVILLE,90Z,W,21,M,U,U
MSP - DFS,2019-0A4-007616,20190821,SOMERVILLE,90Z,W,21,M,U,U
MSP - DFS,2019-0A4-007616,20190821,SOMERVILLE,90Z,W,21,M,U,U
MSP - DFS,2019-0H9-008552,20190821,BOSTON,MV,M,22,M,H,DR
MSP - DFS,2019-0H9-008552,20190821,BOSTON,MV,M,22,M,H,DR
MSP - DFS,2019-0A3-007899,20190821,LEXINGTON,90Z,W,29,M,H,DR
MSP - DFS,2019-0A3-007899,20190821,LEXINGTON,MV,O,29,M,H,DR
MSP - DFS,2019-0H2-005991,20190821,DEDHAM,MV,M,30,M,H,BRA
MSP - DFS,2019-0H2-005991,20190821,DEDHAM,MV,M,30,M,H,BRA
MSP - DFS,2019-0H2-005991,20190821,DEDHAM,MV,M,30,M,H,BRA
MSP - DFS,2019-0H2-005991,20190821,DEDHAM,MV,M,30,M,H,BRA
MSP - DFS,2019-0H2-005991,20190821,DEDHAM,MV,M,30,M,H,BRA
MSP - DFS,2019-0H2-005991,20190821,DEDHAM,MV,M,30,M,H,BRA
MSP - DFS,2019-0A1-010991,20190821,LAWRENCE,90Z,W,31,F,H,PR
MSP - DFS,2019-0C6-005766,20190822,WORCESTER,35A,F,21,F,H,PR
MSP - DFS,2019-0C6-005766,20190822,WORCESTER,35A,F,21,F,H,PR
MSP - DFS,2019-0C6-005766,20190822,WORCESTER,90Z,F,21,F,H,PR
MSP - DFS,2019-0A6-007217,20190822,LYNN,MV,M,26,M,H,DR
MSP - DFS,2019-0A6-007217,20190822,LYNN,MV,,26,M,H,DR
MSP - DFS,2019-0H6-006076,20190822,MILTON,90D,M,33,F,W,IRE
MSP - DFS,2019-0H6-006076,20190822,MILTON,MV,M,33,F,W,IRE
MSP - DFS,2019-0H6-006076,20190822,MILTON,MV,M,33,F,W,IRE
MSP - DFS,2019-0H6-006076,20190822,MILTON,MV,M,33,F,W,IRE
MSP - DFS,2019-0C2-006142,20190822,WORCESTER,90D,M,36,F,H,PR
MSP - DFS,2019-0C2-006142,20190822,WORCESTER,MV,M,36,F,H,PR
MSP - DFS,2019-0C2-006142,20190822,WORCESTER,MV,M,36,F,H,PR
MSP - DFS,2019-0B1-003726,20190822,LENOX,MV,M,36,M,W,ITAL
MSP - DFS,2019-0H3-005985,20190822,NORWOOD,250,M,38,M,H,PR
MSP - DFS,2019-0H3-005985,20190822,NORWOOD,26A,M,38,M,H,PR
MSP - DFS,2019-0H3-005985,20190822,NORWOOD,26C,M,38,M,H,PR
MSP - DFS,2019-0H3-005985,20190822,NORWOOD,35A,F,38,M,H,PR
MSP - DFS,2019-0H3-005985,20190822,NORWOOD,MV,M,38,M,H,PR
MSP - DFS,2019-0H3-005985,20190822,NORWOOD,MV,M,38,M,H,PR
MSP - DFS,2019-0H3-005985,20190822,NORWOOD,MV,M,38,M,H,PR
MSP - DFS,2019-0H3-005967,20190822,NORTH ATTLEBOROUGH,90D,M,38,M,W,PR
MSP - DFS,2019-0H3-005967,20190822,NORTH ATTLEBOROUGH,90G,M,38,M,W,PR
MSP - DFS,2019-0H3-005967,20190822,NORTH ATTLEBOROUGH,MV,M,38,M,W,PR
MSP - DFS,2019-0H3-005967,20190822,NORTH ATTLEBOROUGH,MV,M,38,M,W,PR
MSP - DFS,2019-0H3-005967,20190822,NORTH ATTLEBOROUGH,MV,M,38,M,W,PR
MSP - DFS,2019-0A5-006452,20190822,LYNN,13A-13C,M,48,F,W,EN
MSP - DFS,2019-0A5-006452,20190822,LYNN,"13C,90Z",M,48,F,W,EN
MSP - DFS,2019-0A5-006450,20190822,LYNN,13A or 13B,M,60,M,W,ITAL
MSP - DFS,2019-0A5-006450,20190822,LYNN,13A-13C,M,60,M,W,ITAL
MSP - DFS,2019-0A5-006450,20190822,LYNN,90Z,W,60,M,W,ITAL
MSP - DFS,2019-0A5-006450,20190822,LYNN,90Z,M,60,M,W,ITAL
MSP - DFS,2019-0H3-006005,20190823,NORTH ATTLEBOROUGH,90Z,W,22,F,U,U
MSP - DFS,2019-0C5-003192,20190823,STURBRIDGE,MV,M,27,M,B,U
MSP - DFS,2019-0C5-003192,20190823,STURBRIDGE,MV,M,27,M,B,U
MSP - DFS,2019-0C5-003192,20190823,STURBRIDGE,MV,M,27,M,B,U
MSP - DFS,2019-0C5-003192,20190823,STURBRIDGE,MV,M,27,M,B,U
MSP - DFS,2019-0C5-003192,20190823,STURBRIDGE,MV,M,27,M,B,U
MSP - DFS,2019-0C4-004159,20190823,LEOMINSTER,MV,M,30,U,B,HT
MSP - DFS,2019-0C4-004159,20190823,LEOMINSTER,MV,M,30,U,B,HT
MSP - DFS,2019-0CX-009100,20190823,CHARLTON,90Z,W,39,M,H,DR
MSP - DFS,2019-0CX-009100,20190823,CHARLTON,90Z,M,39,M,H,DR
MSP - DFS,2019-0H6-006132,20190824,BOSTON,90D,M,22,M,O,VM
MSP - DFS,2019-0H6-006132,20190824,BOSTON,MV,M,22,M,O,VM
MSP - DFS,2019-0H6-006132,20190824,BOSTON,MV,M,22,M,O,VM
MSP - DFS,2019-0H6-006132,20190824,BOSTON,MV,M,22,M,O,VM
MSP - DFS,2019-0H9-008662,20190824,BOSTON,13A-13C,M,23,M,W,ITAL
MSP - DFS,2019-0A6-007276,20190824,WOBURN,35A,F,23,M,W,BRA
MSP - DFS,2019-0A6-007276,20190824,PEABODY,35A,F,23,M,W,BRA
MSP - DFS,2019-0A6-007276,20190824,WOBURN,90D,M,23,M,W,BRA
MSP - DFS,2019-0A6-007276,20190824,PEABODY,90D,M,23,M,W,BRA
MSP - DFS,2019-0H9-008662,20190824,BOSTON,90D,M,23,M,W,ITAL
MSP - DFS,2019-0H9-008662,20190824,BOSTON,MV,M,23,M,W,ITAL
MSP - DFS,2019-0A6-007276,20190824,WOBURN,MV,M,23,M,W,BRA
MSP - DFS,2019-0A6-007276,20190824,PEABODY,MV,M,23,M,W,BRA
MSP - DFS,2019-0H9-008662,20190824,BOSTON,MV,M,23,M,W,ITAL
MSP - DFS,2019-0A6-007276,20190824,WOBURN,MV,M,23,M,W,BRA
MSP - DFS,2019-0A6-007276,20190824,PEABODY,MV,M,23,M,W,BRA
MSP - DFS,2019-0D4-005001,20190824,BROCKTON,35A,F,26,M,W,IRE
MSP - DFS,2019-0H7-004677,20190824,MILTON,90Z,W,40,M,W,BRA
MSP - DFS,2019-0H7-004672,20190824,CANTON,MV,M,40,M,W,BRA
MSP - DFS,2019-0H7-004672,20190824,CANTON,MV,M,40,M,W,BRA
MSP - DFS,2019-0C2-006182,20190824,WESTBOROUGH,90D,M,41,M,I,KOR
MSP - DFS,2019-0C2-006182,20190824,WESTBOROUGH,MV,M,41,M,I,KOR
MSP - DFS,2019-0C4-004180,20190824,LEOMINSTER,90D,M,56,M,W,IRE
MSP - DFS,2019-0C4-004180,20190824,LEOMINSTER,MV,M,56,M,W,IRE
MSP - DFS,2019-0A1-011119,20190825,LAWRENCE,90D,M,25,M,H,DR
MSP - DFS,2019-0A1-011119,20190825,LAWRENCE,MV,M,25,M,H,DR
MSP - DFS,2019-0A1-011119,20190825,LAWRENCE,MV,M,25,M,H,DR
MSP - DFS,2019-0A1-011119,20190825,LAWRENCE,MV,M,25,M,H,DR
MSP - DFS,2019-0C6-005823,20190825,WORCESTER,MV,M,28,M,H,PR
MSP - DFS,2019-0H9-008702,20190825,BOSTON,MV,M,29,M,B,HT
MSP - DFS,2019-0H9-008702,20190825,BOSTON,MV,M,29,M,B,HT
MSP - DFS,2019-0H8-005644,20190825,NEWTON,90D,M,33,M,H,BRA
MSP - DFS,2019-0H8-005644,20190825,NEWTON,MV,M,33,M,H,BRA
MSP - DFS,2019-0H8-005644,20190825,NEWTON,MV,M,33,M,H,BRA
MSP - DFS,2019-0H8-005644,20190825,NEWTON,MV,M,33,M,H,BRA
MSP - DFS,2019-0D3-006847,20190825,NEW BEDFORD,90Z,W,37,M,W,U
MSP - DFS,2019-0D3-006851,20190825,NEW BEDFORD,280,M,43,M,H,PR
MSP - DFS,2019-0D3-006851,20190825,NEW BEDFORD,13A or 13B,M,43,M,H,PR
MSP - DFS,2019-0D3-006851,20190825,NEW BEDFORD,13A-13C,M,43,M,H,PR
MSP - DFS,2019-0D3-006851,20190825,NEW BEDFORD,35A,F,43,M,H,PR
MSP - DFS,2019-0D3-006851,20190825,NEW BEDFORD,35A,F,43,M,H,PR
MSP - DFS,2019-0C4-004184,20190825,LEOMINSTER,90Z,W,43,F,H,PR
MSP - DFS,2019-0C4-004184,20190825,LEOMINSTER,90Z,W,43,F,H,PR
MSP - DFS,2019-0C4-004184,20190825,LEOMINSTER,90Z,W,43,F,H,PR
MSP - DFS,2019-0D3-006851,20190825,NEW BEDFORD,MV,M,43,M,H,PR
MSP - DFS,2019-0D3-006851,20190825,NEW BEDFORD,MV,M,43,M,H,PR
MSP - DFS,2019-0D3-006851,20190825,NEW BEDFORD,MV,M,43,M,H,PR
MSP - DFS,2019-0D3-006851,20190825,NEW BEDFORD,MV,M,43,M,H,PR
MSP - DFS,2019-0D3-006851,20190825,NEW BEDFORD,MV,M,43,M,H,PR
MSP - DFS,2019-0B4-004368,20190825,CHESHIRE,13A,F,57,M,W,U
MSP - DFS,2019-0C4-004198,20190826,LANCASTER,90D,F,24,M,H,PR
MSP - DFS,2019-0C4-004198,20190826,LANCASTER,90D,M,24,M,H,PR
MSP - DFS,2019-0C4-004198,20190826,LANCASTER,90G,M,24,M,H,PR
MSP - DFS,2019-0C4-004198,20190826,LANCASTER,MV,M,24,M,H,PR
MSP - DFS,2019-0C4-004198,20190826,LANCASTER,MV,M,24,M,H,PR
MSP - DFS,2019-0B4-004389,20190826,PITTSFIELD,90Z,W,30,M,H,PR
MSP - DFS,2019-0B4-004389,20190826,PITTSFIELD,MV,M,30,M,H,PR
MSP - DFS,2019-0A5-006561,20190826,SAUGUS,90Z,W,32,M,H,HB
MSP - DFS,2019-0A5-006561,20190826,SAUGUS,MV,M,32,M,H,HB
MSP - DFS,2019-0A5-006561,20190826,SAUGUS,MV,M,32,M,H,HB
MSP - DFS,2019-0A5-006561,20190826,SAUGUS,MV,M,32,M,H,HB
MSP - DFS,2019-0A5-006561,20190826,SAUGUS,MV,M,32,M,H,HB
MSP - DFS,2019-0D1-004672,20190826,NORWELL,90Z,W,34,M,H,BRA
MSP - DFS,2019-0D1-004672,20190826,NORWELL,MV,M,34,M,H,BRA
MSP - DFS,2019-0D1-004672,20190826,NORWELL,MV,M,34,M,H,BRA
MSP - DFS,2019-0D1-004672,20190826,NORWELL,MV,M,34,M,H,BRA
MSP - DFS,2019-0C4-004219,20190826,LITTLETON,90Z,W,36,F,H,PR
MSP - DFS,2019-0H7-004712,20190826,BOSTON,MV,M,40,M,H,PR
MSP - DFS,2019-0H7-004712,20190826,BOSTON,MV,M,40,M,H,PR
MSP - DFS,2019-0H7-004712,20190826,BOSTON,MV,M,40,M,H,PR
MSP - DFS,2019-0H7-004712,20190826,BOSTON,MV,M,40,M,H,PR
MSP - DFS,2019-0H7-004712,20190826,BOSTON,MV,M,40,M,H,PR
MSP - DFS,2019-0B5-003478,20190826,CHESTER,13A-13B,F,56,M,W,G
MSP - DFS,2019-0A6-007334,20190827,LYNNFIELD,90D,M,26,F,W,IRE
MSP - DFS,2019-0A6-007334,20190827,LYNNFIELD,MV,M,26,F,W,IRE
MSP - DFS,2019-0H8-005686,20190827,WESTON,90Z,W,33,M,H,BRA
MSP - DFS,2019-0A5-006569,20190827,LYNN,90D,M,37,M,H,MM
MSP - DFS,2019-0A5-006569,20190827,LYNN,90G,M,37,M,H,MM
MSP - DFS,2019-0A5-006569,20190827,LYNN,90Z,W,37,M,H,MM
MSP - DFS,2019-0A5-006569,20190827,LYNN,MV,M,37,M,H,MM
MSP - DFS,2019-0A5-006569,20190827,LYNN,MV,M,37,M,H,MM
MSP - DFS,2019-0A5-006569,20190827,LYNN,MV,M,37,M,H,MM
MSP - DFS,2019-0A5-006569,20190827,LYNN,MV,M,37,M,H,MM
MSP - DFS,2019-0B3-005534,20190827,SPRINGFIELD,90Z,W,39,F,H,PR
MSP - DFS,2019-0B3-005534,20190827,SPRINGFIELD,MV,M,39,F,H,PR
MSP - DFS,2019-0B6-007661,20190827,HOLYOKE,90D,F,45,M,H,PR
MSP - DFS,2019-0B6-007661,20190827,HOLYOKE,MV,M,45,M,H,PR
MSP - DFS,2019-0B6-007661,20190827,HOLYOKE,MV,M,45,M,H,PR
MSP - DFS,2019-0A6-007354,20190827,IPSWICH,"26A,270,23D,23H",F,50,M,W,IRE
MSP - DFS,2019-0A6-007354,20190827,IPSWICH,"26A,270,23D,23H",F,50,M,W,IRE
MSP - DFS,2019-0H4-005238,20190827,BOSTON,13A-13C,M,55,M,B,CC
MSP - DFS,2019-0H4-005238,20190827,BOSTON,90J,M,55,M,B,CC
MSP - DFS,2019-0H4-005238,20190827,BOSTON,90Z,W,55,M,B,CC
MSP - DFS,2019-0H4-005238,20190827,BOSTON,90Z,W,55,M,B,CC
MSP - DFS,2019-0A5-006594,20190828,LYNN,35A,F,21,M,B,NG
MSP - DFS,2019-0A5-006594,20190828,LYNN,MV,M,21,M,B,NG
MSP - DFS,2019-0A5-006594,20190828,LYNN,MV,M,21,M,B,NG
MSP - DFS,2019-0A5-006594,20190828,LYNN,MV,M,21,M,B,NG
MSP - DFS,2019-0D3-006940,20190828,FALL RIVER,90D,M,28,F,H,PR
MSP - DFS,2019-0D3-006940,20190828,FALL RIVER,90D,M,28,F,H,PR
MSP - DFS,2019-0D3-006940,20190828,FALL RIVER,MV,M,28,F,H,PR
MSP - DFS,2019-0D3-006940,20190828,FALL RIVER,MV,O,28,F,H,PR
MSP - DFS,2019-0B3-005570,20190828,CHICOPEE,90D,M,29,M,H,PR
MSP - DFS,2019-0B3-005570,20190828,CHICOPEE,MV,M,29,M,H,PR
MSP - DFS,2019-0B3-005570,20190828,CHICOPEE,MV,M,29,M,H,PR
MSP - DFS,2019-0A5-006601,20190828,LYNN,MV,M,30,M,W,ITAL
MSP - DFS,2019-0A5-006601,20190828,LYNN,MV,M,30,M,W,ITAL
MSP - DFS,2019-0H9-008817,20190828,BOSTON,MV,M,48,M,H,BRA
MSP - DFS,2019-0H9-008817,20190828,BOSTON,MV,M,48,M,H,BRA
MSP - DFS,2019-0H7-004744,20190828,MILTON,90Z,W,55,M,O,VM
MSP - DFS,2019-0H7-004744,20190828,MILTON,90Z,W,55,M,O,VM
MSP - DFS,2019-0H7-004744,20190828,MILTON,90Z,W,55,M,O,VM
MSP - DFS,2019-0H7-004744,20190828,MILTON,MV,M,55,M,O,VM
MSP - DFS,2019-0H7-004744,20190828,MILTON,MV,M,55,M,O,VM
MSP - DFS,2019-0H7-004744,20190828,MILTON,MV,M,55,M,O,VM
MSP - DFS,2019-0H7-004744,20190828,MILTON,MV,M,55,M,O,VM
MSP - DFS,2019-0H7-004744,20190828,MILTON,MV,M,55,M,O,VM
MSP - DFS,2019-0B2-005029,20190828,HEATH,90Z,W,58,F,W,EN
MSP - DFS,2019-0A5-006590,20190828,REVERE,90Z,O,61,M,H,BRA
MSP - DFS,2019-0A5-006590,20190828,REVERE,MV,M,61,M,H,BRA
MSP - DFS,2019-0C6-005922,20190829,WORCESTER,MV,M,24,M,H,PR
MSP - DFS,2019-0C6-005922,20190829,WORCESTER,MV,M,24,M,H,PR
MSP - DFS,2019-0C6-005922,20190829,WORCESTER,MV,M,24,M,H,PR
MSP - DFS,2019-0B3-005616,20190829,SPRINGFIELD,90D,M,24,M,W,EN
MSP - DFS,2019-0B3-005616,20190829,SPRINGFIELD,MV,M,24,M,W,EN
MSP - DFS,2019-0A5-006623,20190829,LYNN,90Z,W,25,M,B,DR
MSP - DFS,2019-0A5-006615,20190829,REVERE,90Z,W,29,M,O,VM
MSP - DFS,2019-0A5-006615,20190829,REVERE,90Z,W,29,M,O,VM
MSP - DFS,2019-0A5-006615,20190829,REVERE,90Z,W,29,M,O,VM
MSP - DFS,2019-0D1-004729,20190829,ROCKLAND,13A,F,52,M,W,IRE
MSP - DFS,2019-0B3-005613,20190829,SPRINGFIELD,90D,M,57,M,W,EN
MSP - DFS,2019-0B3-005655,20190830,SPRINGFIELD,35A,F,18,M,H,PR
MSP - DFS,2019-0B3-005658,20190830,CHICOPEE,35A,F,22,M,H,PR
MSP - DFS,2019-0B3-005658,20190830,CHICOPEE,35A,F,22,M,H,PR
MSP - DFS,2019-0D4-005138,20190830,BROCKTON,35A,F,22,M,W,U
MSP - DFS,2019-0D4-005138,20190830,BROCKTON,35A,F,22,M,W,U
MSP - DFS,2019-0D4-005138,20190830,BROCKTON,MV,M,22,M,W,U
MSP - DFS,2019-0D4-005138,20190830,BROCKTON,MV,M,22,M,W,U
MSP - DFS,2019-0B3-005658,20190830,CHICOPEE,35A,F,25,F,H,PR
MSP - DFS,2019-0A1-011319,20190830,ANDOVER,90D,M,35,M,H,BRA
MSP - DFS,2019-0A1-011319,20190830,ANDOVER,MV,M,35,M,H,BRA
MSP - DFS,2019-0A1-011319,20190830,ANDOVER,MV,M,35,M,H,BRA
MSP - DFS,2019-0A1-011319,20190830,ANDOVER,MV,M,35,M,H,BRA
MSP - DFS,2019-0A6-007453,20190830,PEABODY,35A,F,43,M,W,ITAL
MSP - DFS,2019-0A6-007453,20190830,PEABODY,35A,F,43,M,W,ITAL
MSP - DFS,2019-0A6-007453,20190830,PEABODY,35A,F,43,M,W,ITAL
MSP - DFS,2019-0A6-007453,20190830,SAUGUS,35A,F,43,M,W,ITAL
MSP - DFS,2019-0A6-007453,20190830,SAUGUS,35A,F,43,M,W,ITAL
MSP - DFS,2019-0A6-007453,20190830,PEABODY,35A,F,43,M,W,ITAL
MSP - DFS,2019-0A6-007453,20190830,PEABODY,90D,M,43,M,W,ITAL
MSP - DFS,2019-0A6-007453,20190830,PEABODY,90D,M,43,M,W,ITAL
MSP - DFS,2019-0A6-007453,20190830,SAUGUS,90D,M,43,M,W,ITAL
MSP - DFS,2019-0A6-007453,20190830,SAUGUS,MV,M,43,M,W,ITAL
MSP - DFS,2019-0A6-007453,20190830,PEABODY,MV,M,43,M,W,ITAL
MSP - DFS,2019-0A6-007453,20190830,PEABODY,MV,M,43,M,W,ITAL
MSP - DFS,2019-0A6-007453,20190830,PEABODY,MV,M,43,M,W,ITAL
MSP - DFS,2019-0A6-007453,20190830,PEABODY,MV,M,43,M,W,ITAL
MSP - DFS,2019-0A6-007453,20190830,SAUGUS,MV,M,43,M,W,ITAL
MSP - DFS,2019-0A6-007453,20190830,PEABODY,MV,M,43,M,W,ITAL
MSP - DFS,2019-0A6-007453,20190830,SAUGUS,MV,M,43,M,W,ITAL
MSP - DFS,2019-0A6-007453,20190830,PEABODY,MV,M,43,M,W,ITAL
MSP - DFS,2019-0A6-007453,20190830,PEABODY,MV,M,43,M,W,ITAL
MSP - DFS,2019-0A6-007453,20190830,PEABODY,MV,M,43,M,W,ITAL
MSP - DFS,2019-0A6-007453,20190830,SAUGUS,MV,M,43,M,W,ITAL
MSP - DFS,2019-0A3-008159,20190830,BILLERICA,90D,M,45,M,H,PR
MSP - DFS,2019-0A3-008159,20190830,BILLERICA,MV,M,45,M,H,PR
MSP - DFS,2019-0A3-008159,20190830,BILLERICA,MV,M,45,M,H,PR
MSP - DFS,2019-0H7-004781,20190830,RANDOLPH,13A,F,64,M,H,PR
MSP - DFS,2019-0B3-005680,20190831,WEST SPRINGFIELD,90Z,W,24,M,H,PR
MSP - DFS,2019-0D3-007014,20190831,NEW BEDFORD,90Z,W,25,M,W,U
MSP - DFS,2019-0D3-007014,20190831,NEW BEDFORD,90Z,W,25,M,W,U
MSP - DFS,2019-0D3-007014,20190831,NEW BEDFORD,90Z,W,25,M,W,U
MSP - DFS,2019-0D3-007014,20190831,NEW BEDFORD,90Z,W,25,M,W,U
MSP - DFS,2019-0D3-007014,20190831,NEW BEDFORD,90Z,W,25,M,W,U
MSP - DFS,2019-0D3-007014,20190831,NEW BEDFORD,90Z,W,25,M,W,U
MSP - DFS,2019-0D3-007013,20190831,NEW BEDFORD,90,M,28,M,W,U
MSP - DFS,2019-0D3-007013,20190831,NEW BEDFORD,13A,F,28,M,W,U
MSP - DFS,2019-0D3-007013,20190831,NEW BEDFORD,13A or 13B,M,28,M,W,U
MSP - DFS,2019-0D3-007013,20190831,NEW BEDFORD,13A-13C,M,28,M,W,U
MSP - DFS,2019-0D3-007013,20190831,NEW BEDFORD,35A,F,28,M,W,U
MSP - DFS,2019-0D3-007013,20190831,NEW BEDFORD,35A,F,28,M,W,U
MSP - DFS,2019-0A3-008218,20190831,BEDFORD,90Z,W,56,M,B,NG
MSP - DFS,2019-0C2-006333,20190831,SOUTHBOROUGH,90D,M,59,M,W,U
MSP - DFS,2019-0C2-006333,20190831,SOUTHBOROUGH,MV,M,59,M,W,U
MSP - DFS,2019-0C2-006333,20190831,SOUTHBOROUGH,MV,M,59,M,W,U
MSP - DFS,2019-0C2-006333,20190831,SOUTHBOROUGH,MV,M,59,M,W,U
MSP - DFS,2019-0A3-008231,20190831,WALTHAM,90D,M,65,F,O,VM
MSP - DFS,2019-0A3-008231,20190831,WALTHAM,MV,M,65,F,O,VM
MSP - DFS,2019-0A3-008231,20190831,WALTHAM,MV,M,65,F,O,VM
MSP - DFS,2019-0A4-007906,20190901,EVERETT,90D,M,24,M,W,BRA
MSP - DFS,2019-0A4-007906,20190901,EVERETT,MV,M,24,M,W,BRA
MSP - DFS,2019-0A4-007906,20190901,EVERETT,MV,M,24,M,W,BRA
MSP - DFS,2019-0A4-007906,20190901,EVERETT,MV,M,24,M,W,BRA
MSP - DFS,2019-0A4-007906,20190901,EVERETT,MV,M,24,M,W,BRA
MSP - DFS,2019-0A5-006722,20190901,REVERE,90Z,W,28,M,H,DR
MSP - DFS,2019-0A5-006722,20190901,REVERE,90Z,W,28,M,H,DR
MSP - DFS,2019-0A5-006717,20190901,REVERE,MV,M,31,M,H,DR
MSP - DFS,2019-0A5-006717,20190901,REVERE,MV,M,31,M,H,DR
MSP - DFS,2019-0H8-005785,20190901,NEWTON,90D,M,51,M,W,BRA
MSP - DFS,2019-0B3-005694,20190901,SPRINGFIELD,35A,F,53,M,H,PR
MSP - DFS,2019-0B3-005694,20190901,SPRINGFIELD,35A,F,53,M,H,PR
MSP - DFS,2019-0B3-005692,20190901,SPRINGFIELD,90Z,W,53,M,H,PR
MSP - DFS,2019-0B3-005694,20190901,SPRINGFIELD,MV,M,53,M,H,PR
MSP - DFS,2019-0B3-005694,20190901,SPRINGFIELD,MV,M,53,M,H,PR
MSP - DFS,2019-0B3-005692,20190901,SPRINGFIELD,MV,M,53,M,H,PR
MSP - DFS,2019-0B3-005692,20190901,SPRINGFIELD,MV,M,53,M,H,PR
MSP - DFS,2019-0D3-007027,20190901,NEW BEDFORD,90D,M,53,M,W,PR
MSP - DFS,2019-0D3-007027,20190901,NEW BEDFORD,90G,M,53,M,W,PR
MSP - DFS,2019-0D3-007027,20190901,NEW BEDFORD,MV,M,53,M,W,PR
MSP - DFS,2019-0A1-011401,20190902,METHUEN,35A,F,27,M,H,DR
MSP - DFS,2019-0A1-011401,20190902,METHUEN,35A,F,31,F,H,DR
MSP - DFS,2019-0A1-011401,20190902,METHUEN,MV,M,31,F,H,DR
MSP - DFS,2019-0A1-011401,20190902,METHUEN,MV,M,31,F,H,DR
MSP - DFS,2019-0A3-008256,20190902,WALTHAM,90D,M,33,F,O,CA
MSP - DFS,2019-0A3-008256,20190902,WALTHAM,MV,M,33,F,O,CA
MSP - DFS,2019-0A3-008256,20190902,WALTHAM,MV,M,33,F,O,CA
MSP - DFS,2019-0A5-006729,20190902,REVERE,90D,M,42,M,W,U
MSP - DFS,2019-0A5-006729,20190902,REVERE,MV,M,42,M,W,U
MSP - DFS,2019-0A5-006729,20190902,REVERE,MV,M,42,M,W,U
MSP - DFS,2019-0B3-005704,20190902,CHICOPEE,MV,M,45,M,H,PR
MSP - DFS,2019-0A1-011438,20190903,LAWRENCE,MV,M,22,M,H,DR
MSP - DFS,2019-0A1-011438,20190903,LAWRENCE,MV,M,22,M,H,DR
MSP - DFS,2019-0A1-011438,20190903,LAWRENCE,MV,M,22,M,H,DR
MSP - DFS,2019-0A1-011438,20190903,LAWRENCE,MV,M,22,M,H,DR
MSP - DFS,2019-0A1-011438,20190903,LAWRENCE,MV,M,22,M,H,DR
MSP - DFS,2019-0C4-004352,20190903,MARLBOROUGH,90D,M,26,F,O,CN
MSP - DFS,2019-0C4-004352,20190903,MARLBOROUGH,MV,M,26,F,O,CN
MSP - DFS,2019-0C1-004210,20190903,WESTMINSTER,MV,M,27,M,H,BRA
MSP - DFS,2019-0C1-004210,20190903,WESTMINSTER,MV,M,27,M,H,BRA
MSP - DFS,2019-0A1-011422,20190903,LAWRENCE,90Z,W,30,M,H,DR
MSP - DFS,2019-0B3-005739,20190903,SPRINGFIELD,35A,F,32,M,H,PR
MSP - DFS,2019-0C6-006041,20190903,WORCESTER,90D,M,40,U,H,BRA
MSP - DFS,2019-0C6-006041,20190903,WORCESTER,MV,M,40,U,H,BRA
MSP - DFS,2019-0C6-006041,20190903,WORCESTER,MV,M,40,U,H,BRA
MSP - DFS,2019-0C6-006041,20190903,WORCESTER,MV,M,40,U,H,BRA
MSP - DFS,2019-0C6-006041,20190903,WORCESTER,MV,M,40,U,H,BRA
MSP - DFS,2019-0B3-005735,20190903,SPRINGFIELD,MV,M,41,M,H,PR
MSP - DFS,2019-0B3-005726,20190903,CHICOPEE,MV,M,57,M,H,PR
MSP - DFS,2019-0B3-005726,20190903,CHICOPEE,MV,M,57,M,H,PR
MSP - DFS,2019-0A1-011460,20190904,ANDOVER,280,F,15,M,W,BRA
MSP - DFS,2019-0A1-011460,20190904,ANDOVER,280,F,17,M,W,BRA
MSP - DFS,2019-0A1-011460,20190904,ANDOVER,MV,M,17,M,W,BRA
MSP - DFS,2019-0A1-011460,20190904,ANDOVER,MV,M,17,M,W,BRA
MSP - DFS,2019-0D3-007135,20190904,NEW BEDFORD,90Z,W,25,M,B,U
MSP - DFS,2019-0C2-006428,20190904,MILLBURY,90Z,W,26,M,W,BRA
MSP - DFS,2019-0B3-005742,20190904,CHICOPEE,90D,M,28,M,H,PR
MSP - DFS,2019-0B3-005742,20190904,CHICOPEE,MV,M,28,M,H,PR
MSP - DFS,2019-0B3-005742,20190904,CHICOPEE,MV,M,28,M,H,PR
MSP - DFS,2019-0B3-005742,20190904,CHICOPEE,MV,M,28,M,H,PR
MSP - DFS,2019-0B3-005742,20190904,CHICOPEE,MV,M,28,M,H,PR
MSP - DFS,2019-0B3-005742,20190904,CHICOPEE,MV,M,28,M,H,PR
MSP - DFS,2019-0B3-005742,20190904,CHICOPEE,MV,M,28,M,H,PR
MSP - DFS,2019-0CX-009509,20190904,GRAFTON,MV,M,30,M,H,DR
MSP - DFS,2019-0CX-009509,20190904,GRAFTON,MV,M,30,M,H,DR
MSP - DFS,2019-0CX-009509,20190904,GRAFTON,MV,M,30,M,H,DR
MSP - DFS,2019-0CX-009509,20190904,GRAFTON,MV,M,30,M,H,DR
MSP - DFS,2019-0CX-009509,20190904,GRAFTON,MV,M,30,M,H,DR
MSP - DFS,2019-0H7-004871,20190904,MILTON,90D,M,33,M,B,HT
MSP - DFS,2019-0H7-004871,20190904,MILTON,MV,M,33,M,B,HT
MSP - DFS,2019-0H7-004871,20190904,MILTON,MV,M,33,M,B,HT
MSP - DFS,2019-0C4-004364,20190904,LEOMINSTER,90Z,W,40,U,H,BRA
MSP - DFS,2019-0A1-011466,20190904,ANDOVER,90Z,W,42,M,W,BRA
MSP - DFS,2019-0A1-011466,20190904,ANDOVER,90Z,W,42,M,W,BRA
MSP - DFS,2019-0A3-008315,20190904,WALTHAM,90D,M,50,F,H,BRA
MSP - DFS,2019-0A3-008315,20190904,WALTHAM,MV,M,50,F,H,BRA
MSP - DFS,2019-0A3-008315,20190904,WALTHAM,MV,M,50,F,H,BRA
MSP - DFS,2019-0A3-008315,20190904,WALTHAM,MV,M,50,F,H,BRA
MSP - DFS,2019-0A4-008037,20190905,SOMERVILLE,90D,M,25,M,H,DR
MSP - DFS,2019-0A4-008037,20190905,SOMERVILLE,MV,M,25,M,H,DR
MSP - DFS,2019-0A4-008037,20190905,SOMERVILLE,MV,M,25,M,H,DR
MSP - DFS,2019-0H7-004898,20190905,BOSTON,90D,M,36,F,W,CC
MSP - DFS,2019-0H7-004898,20190905,BOSTON,MV,M,36,F,W,CC
MSP - DFS,2019-0H9-009113,20190905,BOSTON,MV,M,38,M,H,DR
MSP - DFS,2019-0H9-009113,20190905,BOSTON,MV,M,38,M,H,DR
MSP - DFS,2019-0CX-009524,20190905,MILLBURY,MV,M,39,M,O,LAOS
MSP - DFS,2019-0A6-007648,20190905,SAUGUS,MV,M,41,M,W,BRA
MSP - DFS,2019-0A6-007648,20190905,SAUGUS,MV,M,41,M,W,BRA
MSP - DFS,2019-0A6-007648,20190905,SAUGUS,MV,M,41,M,W,BRA
MSP - DFS,2019-0A6-007648,20190905,SAUGUS,MV,M,41,M,W,BRA
MSP - DFS,2019-0A6-007648,20190905,SAUGUS,MV,M,41,M,W,BRA
MSP - DFS,2019-0A6-007648,20190905,SAUGUS,MV,M,41,M,W,BRA
MSP - DFS,2019-0A6-007648,20190905,SAUGUS,MV,O,41,M,W,BRA
MSP - DFS,2019-0C5-003358,20190906,WEBSTER,35A,F,20,M,H,PR
MSP - DFS,2019-0C5-003358,20190906,WEBSTER,35A,F,20,M,H,PR
MSP - DFS,2019-0C5-003358,20190906,WEBSTER,90Z,F,20,M,H,PR
MSP - DFS,2019-0C5-003358,20190906,WEBSTER,MV,M,20,M,H,PR
MSP - DFS,2019-0C5-003358,20190906,WEBSTER,MV,M,20,M,H,PR
MSP - DFS,2019-0A1-011534,20190906,LAWRENCE,MV,M,26,M,H,DR
MSP - DFS,2019-0A1-011534,20190906,LAWRENCE,MV,M,26,M,H,DR
MSP - DFS,2019-0A5-006840,20190906,REVERE,35A,F,30,M,H,DR
MSP - DFS,2019-0A1-011548,20190906,LAWRENCE,MV,M,32,M,H,DR
MSP - DFS,2019-0C6-006141,20190906,WORCESTER,90D,M,33,F,H,PR
MSP - DFS,2019-0C6-006141,20190906,WORCESTER,90G,M,33,F,H,PR
MSP - DFS,2019-0C6-006141,20190906,WORCESTER,MV,M,33,F,H,PR
MSP - DFS,2019-0C6-006141,20190906,WORCESTER,MV,M,33,F,H,PR
MSP - DFS,2019-0D4-005296,20190906,RAYNHAM,120,F,33,M,W,ITAL
MSP - DFS,2019-0D4-005296,20190906,RAYNHAM,13A,F,33,M,W,ITAL
MSP - DFS,2019-0D4-005296,20190906,RAYNHAM,13A,F,33,M,W,ITAL
MSP - DFS,2019-0D4-005296,20190906,RAYNHAM,13A,F,33,M,W,ITAL
MSP - DFS,2019-0D4-005296,20190906,RAYNHAM,13A,F,33,M,W,ITAL
MSP - DFS,2019-0D4-005296,20190906,RAYNHAM,13A,F,33,M,W,ITAL
MSP - DFS,2019-0D4-005296,20190906,RAYNHAM,13A,F,33,M,W,ITAL
MSP - DFS,2019-0D4-005296,20190906,RAYNHAM,13A,F,33,M,W,ITAL
MSP - DFS,2019-0D4-005296,20190906,RAYNHAM,13A,F,33,M,W,ITAL
MSP - DFS,2019-0D4-005296,20190906,RAYNHAM,13A,F,33,M,W,ITAL
MSP - DFS,2019-0D4-005296,20190906,RAYNHAM,13A,F,33,M,W,ITAL
MSP - DFS,2019-0D4-005296,20190906,RAYNHAM,13A,F,33,M,W,ITAL
MSP - DFS,2019-0D4-005296,20190906,RAYNHAM,13A or 13B,M,33,M,W,ITAL
MSP - DFS,2019-0D4-005296,20190906,RAYNHAM,13A or 13B,M,33,M,W,ITAL
MSP - DFS,2019-0D4-005296,20190906,RAYNHAM,13A or 13B,M,33,M,W,ITAL
MSP - DFS,2019-0D4-005296,20190906,RAYNHAM,13A-13B,F,33,M,W,ITAL
MSP - DFS,2019-0D4-005296,20190906,RAYNHAM,13A-13C,M,33,M,W,ITAL
MSP - DFS,2019-0D4-005296,20190906,RAYNHAM,13A-13C,M,33,M,W,ITAL
MSP - DFS,2019-0D4-005296,20190906,RAYNHAM,90D,M,33,M,W,ITAL
MSP - DFS,2019-0D4-005296,20190906,RAYNHAM,MV,M,33,M,W,ITAL
MSP - DFS,2019-0D4-005296,20190906,RAYNHAM,MV,M,33,M,W,ITAL
MSP - DFS,2019-0D4-005296,20190906,RAYNHAM,MV,M,33,M,W,ITAL
MSP - DFS,2019-0D4-005296,20190906,RAYNHAM,MV,M,33,M,W,ITAL
MSP - DFS,2019-0D4-005296,20190906,RAYNHAM,MV,M,33,M,W,ITAL
MSP - DFS,2019-0D4-005296,20190906,RAYNHAM,MV,M,33,M,W,ITAL
MSP - DFS,2019-0D4-005296,20190906,RAYNHAM,MV,M,33,M,W,ITAL
MSP - DFS,2019-0D4-005296,20190906,RAYNHAM,MV,M,33,M,W,ITAL
MSP - DFS,2019-0D4-005296,20190906,RAYNHAM,MV,M,33,M,W,ITAL
MSP - DFS,2019-0D4-005296,20190906,RAYNHAM,MV,M,33,M,W,ITAL
MSP - DFS,2019-0C6-006134,20190906,WORCESTER,90Z,M,36,M,O,LAOS
MSP - DFS,2019-0H7-004908,20190906,RANDOLPH,520,F,40,M,B,HT
MSP - DFS,2019-0H7-004908,20190906,RANDOLPH,520,F,40,M,B,HT
MSP - DFS,2019-0H7-004908,20190906,RANDOLPH,520,F,40,M,B,HT
MSP - DFS,2019-0H7-004908,20190906,RANDOLPH,520,F,40,M,B,HT
MSP - DFS,2019-0H7-004908,20190906,RANDOLPH,520,F,40,M,B,HT
MSP - DFS,2019-0H7-004908,20190906,RANDOLPH,13A or 13B,M,40,M,B,HT
MSP - DFS,2019-0H7-004908,20190906,RANDOLPH,13A-13C,M,40,M,B,HT
MSP - DFS,2019-0H7-004908,20190906,RANDOLPH,90G,M,40,M,B,HT
MSP - DFS,2019-0H7-004908,20190906,RANDOLPH,90Z,O,40,M,B,HT
MSP - DFS,2019-0H7-004908,20190906,RANDOLPH,MV,M,40,M,B,HT
MSP - DFS,2019-0H7-004908,20190906,RANDOLPH,MV,M,40,M,B,HT
MSP - DFS,2019-0H7-004908,20190906,RANDOLPH,MV,M,40,M,B,HT
MSP - DFS,2019-0H7-004908,20190906,RANDOLPH,MV,M,40,M,B,HT
MSP - DFS,2019-0H9-009168,20190906,BOSTON,MV,M,41,M,B,HT
MSP - DFS,2019-0H9-009168,20190906,BOSTON,MV,M,41,M,B,HT
MSP - DFS,2019-0D4-005301,20190906,BROCKTON,35A,F,43,M,B,U
MSP - DFS,2019-0D4-005301,20190906,BROCKTON,MV,M,43,M,B,U
MSP - DFS,2019-0C4-004407,20190906,HARVARD,90Z,W,43,M,H,MM
MSP - DFS,2019-0B6-008046,20190907,HOLYOKE,90Z,W,27,F,H,PR
MSP - DFS,2019-0B6-008046,20190907,HOLYOKE,MV,M,27,F,H,PR
MSP - DFS,2019-0C5-003372,20190907,STURBRIDGE,35A,F,29,M,W,ITAL
MSP - DFS,2019-0C5-003372,20190907,STURBRIDGE,35A,F,29,M,W,ITAL
MSP - DFS,2019-0B6-008082,20190907,HOLYOKE,90Z,W,29,M,W,TURK
MSP - DFS,2019-0C5-003372,20190907,STURBRIDGE,MV,M,29,M,W,ITAL
MSP - DFS,2019-0C5-003372,20190907,STURBRIDGE,MV,M,29,M,W,ITAL
MSP - DFS,2019-0C5-003372,20190907,STURBRIDGE,MV,M,29,M,W,ITAL
MSP - DFS,2019-0A4-008090,20190907,EVERETT,90D,M,30,M,O,CA
MSP - DFS,2019-0D1-004900,20190907,NORWELL,90Z,W,31,M,B,HT
MSP - DFS,2019-0D1-004900,20190907,NORWELL,MV,M,31,M,B,HT
MSP - DFS,2019-0C5-003369,20190907,STURBRIDGE,35A,F,33,M,H,DR
MSP - DFS,2019-0D3-007200,20190907,FALL RIVER,90Z,W,33,M,H,PR
MSP - DFS,2019-0C5-003369,20190907,STURBRIDGE,MV,M,33,M,H,DR
MSP - DFS,2019-0C5-003369,20190907,STURBRIDGE,MV,M,33,M,H,DR
MSP - DFS,2019-0C2-006492,20190907,MILLBURY,MV,M,36,M,B,DR
MSP - DFS,2019-0C2-006492,20190907,MILLBURY,MV,O,36,M,B,DR
MSP - DFS,2019-0C6-006161,20190907,SHREWSBURY,90D,M,45,M,W,IRE
MSP - DFS,2019-0C6-006161,20190907,SHREWSBURY,MV,M,45,M,W,IRE
MSP - DFS,2019-0C6-006161,20190907,SHREWSBURY,MV,M,45,M,W,IRE
MSP - DFS,2019-0H6-006446,20190907,BOSTON,90J,M,48,M,H,PR
MSP - DFS,2019-0H6-006446,20190907,BOSTON,90Z,W,48,M,H,PR
MSP - DFS,2019-0H6-006446,20190907,BOSTON,90Z,W,48,M,H,PR
MSP - DFS,2019-0H8-005910,20190907,NEWTON,90D,M,53,M,W,BRA
MSP - DFS,2019-0H8-005910,20190907,NEWTON,MV,M,53,M,W,BRA
MSP - DFS,2019-0B8-004968,20190908,WEST SPRINGFIELD,MV,M,23,M,W,SX
MSP - DFS,2019-0A4-008094,20190908,EVERETT,90D,M,32,M,W,P
MSP - DFS,2019-0A4-008094,20190908,EVERETT,90G,M,32,M,W,P
MSP - DFS,2019-0A4-008094,20190908,EVERETT,MV,M,32,M,W,P
MSP - DFS,2019-0A5-006859,20190908,SAUGUS,90D,M,33,M,B,U
MSP - DFS,2019-0A5-006859,20190908,SAUGUS,MV,M,33,M,B,U
MSP - DFS,2019-0A1-011604,20190908,ANDOVER,90D,M,36,M,B,HT
MSP - DFS,2019-0A1-011604,20190908,ANDOVER,MV,M,36,M,B,HT
MSP - DFS,2019-0A1-011604,20190908,ANDOVER,MV,M,36,M,B,HT
MSP - DFS,2019-0H6-006474,20190908,BOSTON,90Z,W,37,M,O,VM
MSP - DFS,2019-0H6-006474,20190908,BOSTON,MV,M,37,M,O,VM
MSP - DFS,2019-0A4-008108,20190908,SOMERVILLE,MV,M,40,M,B,HT
MSP - DFS,2019-0A6-007719,20190908,WOBURN,90Z,W,40,U,W,U
MSP - DFS,2019-0A6-007719,20190908,WOBURN,90Z,W,40,U,W,U
MSP - DFS,2019-0A6-007719,20190908,WOBURN,90Z,W,40,U,W,U
MSP - DFS,2019-0A6-007719,20190908,WOBURN,MV,M,40,U,W,U
MSP - DFS,2019-0A6-007719,20190908,WOBURN,MV,O,40,U,W,U
MSP - DFS,2019-0B3-005848,20190909,SPRINGFIELD,90Z,W,19,F,W,PR
MSP - DFS,2019-0B3-005848,20190909,SPRINGFIELD,MV,M,19,F,W,PR
MSP - DFS,2019-0B3-005848,20190909,SPRINGFIELD,MV,M,19,F,W,PR
MSP - DFS,2019-0H7-004945,20190909,BOSTON,35A,F,20,M,H,HB
MSP - DFS,2019-0H7-004945,20190909,BOSTON,90D,M,20,M,H,HB
MSP - DFS,2019-0H7-004945,20190909,BOSTON,90G,M,20,M,H,HB
MSP - DFS,2019-0H7-004945,20190909,BOSTON,MV,M,20,M,H,HB
MSP - DFS,2019-0H7-004945,20190909,BOSTON,MV,M,20,M,H,HB
MSP - DFS,2019-0A1-011627,20190909,LAWRENCE,90Z,W,22,M,H,DR
MSP - DFS,2019-0A1-011627,20190909,LAWRENCE,90Z,W,22,M,H,DR
MSP - DFS,2019-0A1-011627,20190909,LAWRENCE,MV,M,22,M,H,DR
MSP - DFS,2019-0A1-011627,20190909,LAWRENCE,MV,M,22,M,H,DR
MSP - DFS,2019-0A1-011627,20190909,LAWRENCE,MV,M,22,M,H,DR
MSP - DFS,2019-0D3-007281,20190909,NEW BEDFORD,520,F,25,M,H,DR
MSP - DFS,2019-0D3-007281,20190909,NEW BEDFORD,520,F,25,M,H,DR
MSP - DFS,2019-0D3-007281,20190909,NEW BEDFORD,520,F,25,M,H,DR
MSP - DFS,2019-0D3-007281,20190909,NEW BEDFORD,520,F,25,M,H,DR
MSP - DFS,2019-0D3-007281,20190909,NEW BEDFORD,520,F,25,M,H,DR
MSP - DFS,2019-0D3-007281,20190909,NEW BEDFORD,520,F,25,M,H,DR
MSP - DFS,2019-0D3-007281,20190909,NEW BEDFORD,35A,F,25,M,H,DR
MSP - DFS,2019-0D3-007281,20190909,NEW BEDFORD,35A,F,25,M,H,DR
MSP - DFS,2019-0D3-007281,20190909,NEW BEDFORD,90Z,F,25,M,H,DR
MSP - DFS,2019-0D3-007281,20190909,NEW BEDFORD,90Z,F,25,M,H,DR
MSP - DFS,2019-0D3-007281,20190909,NEW BEDFORD,MV,M,25,M,H,DR
MSP - DFS,2019-0B3-005853,20190909,CHICOPEE,"510,13C",F,31,M,H,PR
MSP - DFS,2019-0B3-005853,20190909,CHICOPEE,90Z,W,31,M,H,PR
MSP - DFS,2019-0B3-005853,20190909,CHICOPEE,90Z,W,31,M,H,PR
MSP - DFS,2019-0B3-005853,20190909,CHICOPEE,90Z,M,31,M,H,PR
MSP - DFS,2019-0A4-008114,20190909,SOMERVILLE,90Z,W,38,M,H,BRA
MSP - DFS,2019-0D2-004452,20190909,BARNSTABLE,90Z,W,43,M,H,U
MSP - DFS,2019-0A3-008487,20190909,LEXINGTON,90D,M,53,M,B,U
MSP - DFS,2019-0A3-008487,20190909,LEXINGTON,MV,M,53,M,B,U
MSP - DFS,2019-0A3-008487,20190909,LEXINGTON,MV,M,53,M,B,U
MSP - DFS,2019-0A3-008487,20190909,LEXINGTON,MV,M,53,M,B,U
MSP - DFS,2019-0C5-003412,20190910,STURBRIDGE,35A,F,25,M,O,CN
MSP - DFS,2019-0C5-003412,20190910,STURBRIDGE,MV,M,25,M,O,CN
MSP - DFS,2019-0H9-009296,20190910,BOSTON,35A,F,25,M,H,DR
MSP - DFS,2019-0H9-009296,20190910,BOSTON,MV,M,25,M,H,DR
MSP - DFS,2019-0H9-009296,20190910,BOSTON,MV,M,25,M,H,DR
MSP - DFS,2019-0C5-003409,20190910,STURBRIDGE,90Z,W,28,M,B,HT
MSP - DFS,2019-GES-003262,20190910,SPRINGFIELD,35A,F,39,M,H,PR
MSP - DFS,2019-GES-003262,20190910,SPRINGFIELD,90D,M,39,M,H,PR
MSP - DFS,2019-GES-003262,20190910,SPRINGFIELD,MV,M,39,M,H,PR
MSP - DFS,2019-GES-003262,20190910,SPRINGFIELD,MV,M,39,M,H,PR
MSP - DFS,2019-GES-003262,20190910,SPRINGFIELD,MV,M,39,M,H,PR
MSP - DFS,2019-0B1-004009,20190910,GREAT BARRINGTON,MV,M,48,M,H,MM
MSP - DFS,2019-0B1-004009,20190910,GREAT BARRINGTON,MV,M,48,M,H,MM
MSP - DFS,2019-0H6-006525,20190911,BOSTON,280,F,30,M,H,PR
MSP - DFS,2019-0H6-006525,20190911,BOSTON,MV,M,30,M,H,PR
MSP - DFS,2019-0H6-006525,20190911,BOSTON,MV,M,30,M,H,PR
MSP - DFS,2019-0A4-008167,20190911,EVERETT,35A,F,36,M,H,PR
MSP - DFS,2019-0D3-007328,20190911,FALL RIVER,35A,F,36,M,H,PR
MSP - DFS,2019-0D3-007328,20190911,FALL RIVER,35A,F,36,M,H,PR
MSP - DFS,2019-0A4-008167,20190911,EVERETT,MV,M,36,M,H,PR
MSP - DFS,2019-0A4-008167,20190911,EVERETT,MV,M,36,M,H,PR
MSP - DFS,2019-0A4-008167,20190911,EVERETT,MV,M,36,M,H,PR
MSP - DFS,2019-0F1-046757,20190911,BOSTON,90Z,O,39,M,J,LE
MSP - DFS,2019-0F1-046731,20190911,BOSTON,11A,F,41,M,B,HT
MSP - DFS,2019-0F1-046731,20190911,BOSTON,13A,M,41,M,B,HT
MSP - DFS,2019-0H7-004981,20190911,AVON,90D,M,52,M,B,HT
MSP - DFS,2019-0H7-004981,20190911,AVON,90G,M,52,M,B,HT
MSP - DFS,2019-0H7-004981,20190911,AVON,MV,M,52,M,B,HT
MSP - DFS,2019-0H7-004981,20190911,AVON,MV,M,52,M,B,HT
MSP - DFS,2019-0H7-004981,20190911,AVON,MV,M,52,M,B,HT
MSP - DFS,2019-0D1-004966,20190912,NORWELL,MV,M,30,M,B,HT
MSP - DFS,2019-0D1-004966,20190912,NORWELL,MV,M,30,M,B,HT
MSP - DFS,2019-0D4-005408,20190912,WEST BRIDGEWATER,35A,F,35,M,W,CAN
MSP - DFS,2019-0D4-005408,20190912,WEST BRIDGEWATER,MV,M,35,M,W,CAN
MSP - DFS,2019-0D4-005408,20190912,WEST BRIDGEWATER,MV,M,35,M,W,CAN
MSP - DFS,2019-0H3-006554,20190912,WALPOLE,90Z,W,36,M,H,PR
MSP - DFS,2019-0H3-006554,20190912,WALPOLE,MV,M,36,M,H,PR
MSP - DFS,2019-0H3-006554,20190912,WALPOLE,MV,M,36,M,H,PR
MSP - DFS,2019-0H3-006554,20190912,WALPOLE,MV,M,36,M,H,PR
MSP - DFS,2019-0H3-006554,20190912,WALPOLE,MV,M,36,M,H,PR
MSP - DFS,2019-0H3-006554,20190912,WALPOLE,MV,M,36,M,H,PR
MSP - DFS,2019-0H8-005990,20190912,WESTON,MV,M,42,M,W,BRA
MSP - DFS,2019-GEU-003158,20190912,PLAINVILLE,13A,F,54,M,W,EN
MSP - DFS,2019-GEU-003158,20190912,PLAINVILLE,13A or 13B,M,54,M,W,EN
MSP - DFS,2019-GEU-003158,20190912,PLAINVILLE,13A-13C,M,54,M,W,EN
MSP - DFS,2019-0C6-006268,20190912,WORCESTER,90D,M,59,F,W,IRE
MSP - DFS,2019-0C6-006268,20190912,WORCESTER,MV,,59,F,W,IRE
MSP - DFS,2019-0A1-011785,20190913,LAWRENCE,520,F,21,U,H,HB
MSP - DFS,2019-0A1-011785,20190913,LAWRENCE,520,F,21,U,H,HB
MSP - DFS,2019-0A1-011785,20190913,LAWRENCE,520,F,21,U,H,HB
MSP - DFS,2019-0A1-011785,20190913,LAWRENCE,35A,F,21,U,H,HB
MSP - DFS,2019-0A1-011785,20190913,LAWRENCE,90G,M,21,U,H,HB
MSP - DFS,2019-0A1-011785,20190913,LAWRENCE,520,F,23,M,H,DR
MSP - DFS,2019-0A1-011785,20190913,LAWRENCE,520,F,23,M,H,DR
MSP - DFS,2019-0A1-011785,20190913,LAWRENCE,MV,M,23,M,H,DR
MSP - DFS,2019-0A1-011785,20190913,LAWRENCE,MV,M,23,M,H,DR
MSP - DFS,2019-0C5-003440,20190913,STURBRIDGE,90Z,W,24,M,H,PR
MSP - DFS,2019-0C5-003440,20190913,STURBRIDGE,90Z,W,24,M,H,PR
MSP - DFS,2019-0A1-011781,20190913,LAWRENCE,35A,F,27,M,H,DR
MSP - DFS,2019-0C5-003436,20190913,STURBRIDGE,35A,F,27,M,H,DR
MSP - DFS,2019-0A1-011781,20190913,LAWRENCE,90Z,W,27,M,H,DR
MSP - DFS,2019-0C5-003436,20190913,STURBRIDGE,90Z,W,27,M,H,DR
MSP - DFS,2019-0C5-003436,20190913,STURBRIDGE,MV,M,27,M,H,DR
MSP - DFS,2019-0C5-003436,20190913,STURBRIDGE,MV,M,27,M,H,DR
MSP - DFS,2019-0A1-011781,20190913,LAWRENCE,MV,M,27,M,H,DR
MSP - DFS,2019-0A6-007843,20190913,PEABODY,90Z,W,32,M,W,GR
MSP - DFS,2019-0A1-011780,20190913,LAWRENCE,MV,M,36,M,H,DR
MSP - DFS,2019-0C5-003441,20190913,STURBRIDGE,90Z,W,45,M,H,PR
MSP - DFS,2019-0C5-003441,20190913,STURBRIDGE,MV,M,45,M,H,PR
MSP - DFS,2019-0C5-003441,20190913,STURBRIDGE,MV,M,45,M,H,PR
MSP - DFS,2019-0H9-009445,20190913,BOSTON,90D,M,56,M,W,U
MSP - DFS,2019-0H9-009445,20190913,BOSTON,MV,M,56,M,W,U
MSP - DFS,2019-0H9-009445,20190913,BOSTON,MV,M,56,M,W,U
MSP - DFS,2019-GEE-001016,20190914,EVERETT,90J,M,22,F,W,U
MSP - DFS,2019-GEE-001016,20190914,EVERETT,90Z,O,22,F,W,U
MSP - DFS,2019-0A1-011823,20190914,CHELMSFORD,90D,M,24,F,W,BRA
MSP - DFS,2019-0A1-011823,20190914,CHELMSFORD,MV,M,24,F,W,BRA
MSP - DFS,2019-0A1-011823,20190914,CHELMSFORD,MV,M,24,F,W,BRA
MSP - DFS,2019-0A4-008243,20190914,EVERETT,90,M,25,M,W,ITAL
MSP - DFS,2019-0A4-008243,20190914,EVERETT,13A-13C,M,25,M,W,ITAL
MSP - DFS,2019-0A5-006978,20190914,REVERE,90Z,M,33,M,H,HB
MSP - DFS,2019-0A5-006978,20190914,REVERE,MV,M,33,M,H,HB
MSP - DFS,2019-0A5-006978,20190914,REVERE,MV,M,33,M,H,HB
MSP - DFS,2019-0C2-006633,20190914,GRAFTON,90D,M,39,M,J,IQ
MSP - DFS,2019-0C2-006633,20190914,GRAFTON,90G,M,39,M,J,IQ
MSP - DFS,2019-0C2-006633,20190914,GRAFTON,MV,M,39,M,J,IQ
MSP - DFS,2019-0C4-004528,20190914,LANCASTER,90Z,W,47,M,W,EN
MSP - DFS,2019-0A6-007870,20190914,MALDEN,90Z,W,59,M,W,ITAL
MSP - DFS,2019-0B6-008360,20190915,HOLYOKE,90Z,W,21,M,H,PR
MSP - DFS,2019-0A6-007901,20190915,PEABODY,90D,M,23,F,W,BRA
MSP - DFS,2019-0A6-007901,20190915,PEABODY,MV,M,23,F,W,BRA
MSP - DFS,2019-0H7-005066,20190915,BOSTON,90D,M,25,M,H,PR
MSP - DFS,2019-0H7-005066,20190915,BOSTON,90G,M,25,M,H,PR
MSP - DFS,2019-0H7-005066,20190915,BOSTON,MV,M,25,M,H,PR
MSP - DFS,2019-0H7-005066,20190915,BOSTON,MV,M,25,M,H,PR
MSP - DFS,2019-0H7-005066,20190915,BOSTON,MV,M,25,M,H,PR
MSP - DFS,2019-0H7-005066,20190915,BOSTON,MV,M,25,M,H,PR
MSP - DFS,2019-0A5-006994,20190915,LYNN,90Z,W,29,M,H,DR
MSP - DFS,2019-0A5-006994,20190915,LYNN,MV,M,29,M,H,DR
MSP - DFS,2019-0A5-006994,20190915,LYNN,MV,M,29,M,H,DR
MSP - DFS,2019-0D1-005009,20190915,BRAINTREE,90D,M,31,M,O,VM
MSP - DFS,2019-0D1-005009,20190915,BRAINTREE,MV,M,31,M,O,VM
MSP - DFS,2019-0D1-005009,20190915,BRAINTREE,MV,M,31,M,O,VM
MSP - DFS,2019-0D1-005009,20190915,BRAINTREE,MV,M,31,M,O,VM
MSP - DFS,2019-0D1-005009,20190915,BRAINTREE,MV,M,31,M,O,VM
MSP - DFS,2019-0D1-005009,20190915,BRAINTREE,MV,M,31,M,O,VM
MSP - DFS,2019-GEE-001017,20190915,EVERETT,90,M,36,M,W,IRE
MSP - DFS,2019-0C2-006666,20190915,MILLBURY,90Z,W,37,F,W,PR
MSP - DFS,2019-0H7-005064,20190915,STOUGHTON,250,M,42,M,H,DR
MSP - DFS,2019-0H7-005064,20190915,STOUGHTON,250,F,42,M,H,DR
MSP - DFS,2019-0H7-005064,20190915,STOUGHTON,26A,M,42,M,H,DR
MSP - DFS,2019-0H7-005064,20190915,STOUGHTON,"280,26A",M,42,M,H,DR
MSP - DFS,2019-0H7-005064,20190915,STOUGHTON,90Z,W,42,M,H,DR
MSP - DFS,2019-0H7-005064,20190915,STOUGHTON,MV,M,42,M,H,DR
MSP - DFS,2019-0H7-005064,20190915,STOUGHTON,MV,M,42,M,H,DR
MSP - DFS,2019-0H7-005064,20190915,STOUGHTON,MV,M,42,M,H,DR
MSP - DFS,2019-0C6-006337,20190915,WORCESTER,26A,M,51,M,H,BRA
MSP - DFS,2019-0C6-006337,20190915,WORCESTER,90Z,W,51,M,H,BRA
MSP - DFS,2019-0C6-006337,20190915,WORCESTER,90Z,W,51,M,H,BRA
MSP - DFS,2019-0C6-006337,20190915,WORCESTER,90Z,W,51,M,H,BRA
MSP - DFS,2019-0C6-006337,20190915,WORCESTER,90Z,W,51,M,H,BRA
MSP - DFS,2019-0C6-006337,20190915,WORCESTER,90Z,O,51,M,H,BRA
MSP - DFS,2019-0C6-006337,20190915,WORCESTER,MV,M,51,M,H,BRA
MSP - DFS,2019-0C6-006337,20190915,WORCESTER,MV,M,51,M,H,BRA
MSP - DFS,2019-0C6-006337,20190915,WORCESTER,MV,M,51,M,H,BRA
MSP - DFS,2019-0C6-006337,20190915,WORCESTER,MV,M,51,M,H,BRA
MSP - DFS,2019-0C6-006337,20190915,WORCESTER,MV,M,51,M,H,BRA
MSP - DFS,2019-0C6-006337,20190915,WORCESTER,MV,M,51,M,H,BRA
MSP - DFS,2019-0C6-006337,20190915,WORCESTER,MV,M,51,M,H,BRA
MSP - DFS,2019-0C6-006337,20190915,WORCESTER,MV,M,51,M,H,BRA
MSP - DFS,2019-0B2-005390,20190916,DEERFIELD,90Z,W,26,M,W,IS
MSP - DFS,2019-0H9-009509,20190916,BOSTON,13A or 13B,M,32,M,H,PR
MSP - DFS,2019-0H9-009509,20190916,BOSTON,35A,M,32,M,H,PR
MSP - DFS,2019-0H9-009509,20190916,BOSTON,35A,F,32,M,H,PR
MSP - DFS,2019-0H9-009509,20190916,BOSTON,35A,F,32,M,H,PR
MSP - DFS,2019-0H9-009509,20190916,BOSTON,90D,M,32,M,H,PR
MSP - DFS,2019-0H9-009509,20190916,BOSTON,90G,M,32,M,H,PR
MSP - DFS,2019-0H9-009509,20190916,BOSTON,90J,M,32,M,H,PR
MSP - DFS,2019-0H9-009509,20190916,BOSTON,MV,M,32,M,H,PR
MSP - DFS,2019-0H9-009509,20190916,BOSTON,MV,M,32,M,H,PR
MSP - DFS,2019-0H9-009509,20190916,BOSTON,MV,M,32,M,H,PR
MSP - DFS,2019-0H9-009509,20190916,BOSTON,MV,M,32,M,H,PR
MSP - DFS,2019-0H9-009509,20190916,BOSTON,MV,M,32,M,H,PR
MSP - DFS,2019-0H9-009509,20190916,BOSTON,MV,M,32,M,H,PR
MSP - DFS,2019-0H9-009509,20190916,BOSTON,MV,M,32,M,H,PR
MSP - DFS,2019-0A1-011852,20190916,ANDOVER,MV,M,35,M,H,PR
MSP - DFS,2019-0A1-011852,20190916,ANDOVER,MV,M,35,M,H,PR
MSP - DFS,2019-0C4-004562,20190916,FITCHBURG,90Z,W,38,M,H,PR
MSP - DFS,2019-0C4-004562,20190916,FITCHBURG,MV,M,38,M,H,PR
MSP - DFS,2019-0A3-008739,20190917,LITTLETON,90D,M,26,F,O,CN
MSP - DFS,2019-0A3-008739,20190917,LITTLETON,MV,M,26,F,O,CN
MSP - DFS,2019-0A3-008739,20190917,LITTLETON,MV,M,26,F,O,CN
MSP - DFS,2019-0D7-005841,20190917,BOURNE,MV,M,26,M,H,BRA
MSP - DFS,2019-0B3-006023,20190917,CHICOPEE,90Z,W,50,M,H,PR
MSP - DFS,2019-0B6-008438,20190917,NORTHAMPTON,90Z,M,60,M,W,ITAL
MSP - DFS,2019-0C4-004595,20190918,FITCHBURG,90Z,W,20,M,H,PR
MSP - DFS,2019-0C4-004595,20190918,FITCHBURG,90Z,W,20,M,H,PR
MSP - DFS,2019-0F1-048256,20190918,BOSTON,90Z,W,22,M,H,DR
MSP - DFS,2019-0F1-048256,20190918,BOSTON,90Z,W,22,M,H,DR
MSP - DFS,2019-0H6-006704,20190918,QUINCY,90D,M,24,M,B,HT
MSP - DFS,2019-0H6-006704,20190918,QUINCY,90G,M,24,M,B,HT
MSP - DFS,2019-0H6-006704,20190918,QUINCY,MV,M,24,M,B,HT
MSP - DFS,2019-0H6-006704,20190918,QUINCY,MV,M,24,M,B,HT
MSP - DFS,2019-0C4-004597,20190918,FITCHBURG,90Z,W,48,M,H,PR
MSP - DFS,2019-0C1-004455,20190919,GARDNER,13A-13C,M,23,M,J,EY
MSP - DFS,2019-0C1-004455,20190919,GARDNER,35A,F,23,M,J,EY
MSP - DFS,2019-0C1-004455,20190919,GARDNER,90D,M,23,M,J,EY
MSP - DFS,2019-0C1-004455,20190919,GARDNER,90G,M,23,M,J,EY
MSP - DFS,2019-0C1-004455,20190919,GARDNER,MV,M,23,M,J,EY
MSP - DFS,2019-0C2-006737,20190919,HOPKINTON,35A,F,28,M,B,HT
MSP - DFS,2019-0C2-006737,20190919,HOPKINTON,90Z,W,28,M,B,HT
MSP - DFS,2019-0C2-006737,20190919,HOPKINTON,MV,M,28,M,B,HT
MSP - DFS,2019-0C5-003503,20190919,AUBURN,90Z,W,28,M,H,PR
MSP - DFS,2019-0B3-006065,20190919,SPRINGFIELD,90Z,W,30,M,H,PR
MSP - DFS,2019-0B3-006065,20190919,SPRINGFIELD,90Z,W,30,M,H,PR
MSP - DFS,2019-0B3-006065,20190919,SPRINGFIELD,MV,M,30,M,H,PR
MSP - DFS,2019-0D1-005054,20190919,HANOVER,90Z,W,35,F,B,U
MSP - DFS,2019-0D1-005054,20190919,HANOVER,90Z,W,35,F,B,U
MSP - DFS,2019-0D1-005054,20190919,HANOVER,90Z,W,35,F,B,U
MSP - DFS,2019-0H1-003117,20190919,BOSTON,90,M,35,F,W,LE
MSP - DFS,2019-0H1-003117,20190919,BOSTON,90J,M,35,F,W,LE
MSP - DFS,2019-0H6-006718,20190919,BOSTON,90Z,W,38,M,H,DR
MSP - DFS,2019-0A4-008403,20190919,MEDFORD,90D,M,41,M,H,DR
MSP - DFS,2019-0A4-008403,20190919,MEDFORD,MV,M,41,M,H,DR
MSP - DFS,2019-0A4-008403,20190919,MEDFORD,MV,O,41,M,H,DR
MSP - DFS,2019-0D1-005059,20190919,ROCKLAND,90D,M,58,M,W,U
MSP - DFS,2019-0D1-005059,20190919,ROCKLAND,MV,M,58,M,W,U
MSP - DFS,2019-0D1-005059,20190919,ROCKLAND,MV,M,58,M,W,U
MSP - DFS,2019-0A6-008047,20190920,DANVERS,90D,M,33,M,H,BRA
MSP - DFS,2019-0A6-008047,20190920,DANVERS,MV,M,33,M,H,BRA
MSP - DFS,2019-0A6-008047,20190920,DANVERS,MV,M,33,M,H,BRA
MSP - DFS,2019-0A6-008047,20190920,DANVERS,MV,M,33,M,H,BRA
MSP - DFS,2019-0A6-008047,20190920,DANVERS,MV,O,33,M,H,BRA
MSP - DFS,2019-0A1-011994,20190920,ANDOVER,90Z,W,39,M,H,CB
MSP - DFS,2019-0H6-006753,20190920,BOSTON,90D,M,44,M,H,CB
MSP - DFS,2019-0H6-006753,20190920,BOSTON,MV,M,44,M,H,CB
MSP - DFS,2019-0H6-006753,20190920,BOSTON,MV,M,44,M,H,CB
MSP - DFS,2019-0A4-008408,20190920,MEDFORD,90D,M,64,M,H,DR
MSP - DFS,2019-0A4-008408,20190920,MEDFORD,MV,M,64,M,H,DR
MSP - DFS,2019-0H7-005251,20190921,BOSTON,90Z,W,28,M,H,DR
MSP - DFS,2019-0C6-006446,20190921,WORCESTER,90Z,W,29,F,H,PR
MSP - DFS,2019-0B3-006112,20190921,CHICOPEE,90Z,W,31,M,H,PR
MSP - DFS,2019-0B3-006112,20190921,CHICOPEE,90Z,W,31,M,H,PR
MSP - DFS,2019-0B3-006112,20190921,CHICOPEE,MV,M,31,M,H,PR
MSP - DFS,2019-0B3-006112,20190921,CHICOPEE,MV,M,31,M,H,PR
MSP - DFS,2019-0A4-008454,20190921,EVERETT,90Z,W,32,M,W,IRE
MSP - DFS,2019-0A5-007098,20190921,LYNN,MV,M,40,M,H,DR
MSP - DFS,2019-0A5-007098,20190921,LYNN,MV,M,40,M,H,DR
MSP - DFS,2019-0D3-007645,20190921,LAKEVILLE,90D,M,49,M,H,PR
MSP - DFS,2019-0D3-007645,20190921,LAKEVILLE,MV,M,49,M,H,PR
MSP - DFS,2019-0D3-007645,20190921,LAKEVILLE,MV,M,49,M,H,PR
MSP - DFS,2019-0A5-007097,20190921,REVERE,90Z,W,49,M,W,GR
MSP - DFS,2019-0H9-009687,20190921,BOSTON,90Z,W,54,U,H,DR
MSP - DFS,2019-0H9-009724,20190922,BOSTON,90D,M,22,M,H,DR
MSP - DFS,2019-0H9-009724,20190922,BOSTON,MV,M,22,M,H,DR
MSP - DFS,2019-0H9-009724,20190922,BOSTON,MV,M,22,M,H,DR
MSP - DFS,2019-0H9-009724,20190922,BOSTON,MV,M,22,M,H,DR
MSP - DFS,2019-0H9-009723,20190922,BOSTON,90Z,W,23,M,H,PR
MSP - DFS,2019-0D3-007663,20190922,FALL RIVER,MV,M,24,M,H,PR
MSP - DFS,2019-0D3-007663,20190922,FALL RIVER,MV,M,24,M,H,PR
MSP - DFS,2019-0D3-007663,20190922,FALL RIVER,MV,M,24,M,H,PR
MSP - DFS,2019-0D1-005091,20190922,MARSHFIELD,MV,M,24,M,W,BRA
MSP - DFS,2019-0D3-007679,20190922,DARTMOUTH,90Z,W,29,M,H,PR
MSP - DFS,2019-0B8-005275,20190922,LEE,35A,F,35,M,H,PR
MSP - DFS,2019-0C2-006778,20190922,HOPKINTON,90D,M,46,M,W,CAN
MSP - DFS,2019-0C2-006778,20190922,HOPKINTON,MV,M,46,M,W,CAN
MSP - DFS,2019-0H7-005274,20190922,MILTON,90D,M,53,F,O,CN
MSP - DFS,2019-0H7-005274,20190922,MILTON,MV,M,53,F,O,CN
MSP - DFS,2019-0H7-005274,20190922,MILTON,MV,M,53,F,O,CN
MSP - DFS,2019-0F1-049250,20190923,BOSTON,"23D,23H,270,26A",M,20,M,B,CC
MSP - DFS,2019-0H4-006211,20190923,BOSTON,MV,M,20,M,H,MM
MSP - DFS,2019-0H4-006211,20190923,BOSTON,MV,M,20,M,H,MM
MSP - DFS,2019-0A5-007153,20190923,LYNN,90Z,W,25,M,H,DR
MSP - DFS,2019-GEE-001025,20190923,EVERETT,90Z,W,30,M,H,HB
MSP - DFS,2019-0H9-009775,20190923,BOSTON,MV,M,36,M,H,PR
MSP - DFS,2019-0H9-009775,20190923,BOSTON,MV,M,36,M,H,PR
MSP - DFS,2019-0A3-008933,20190924,BURLINGTON,MV,M,19,M,H,BRA
MSP - DFS,2019-0A3-008933,20190924,BURLINGTON,MV,M,19,M,H,BRA
MSP - DFS,2019-0A3-008933,20190924,BURLINGTON,MV,M,19,M,H,BRA
MSP - DFS,2019-0A3-008933,20190924,BURLINGTON,MV,O,19,M,H,BRA
MSP - DFS,2019-0A1-012141,20190924,LOWELL,MV,M,33,M,H,DR
MSP - DFS,2019-0A1-012141,20190924,LOWELL,MV,M,33,M,H,DR
MSP - DFS,2019-0A1-012141,20190924,LOWELL,MV,M,33,M,H,DR
MSP - DFS,2019-0CX-010152,20190924,SOUTHBOROUGH,90D,M,34,M,B,HT
MSP - DFS,2019-0CX-010152,20190924,SOUTHBOROUGH,MV,M,34,M,B,HT
MSP - DFS,2019-0A4-008552,20190924,EVERETT,MV,M,38,M,H,DR
MSP - DFS,2019-0A4-008552,20190924,EVERETT,MV,M,38,M,H,DR
MSP - DFS,2019-0H7-005301,20190924,BOSTON,MV,M,43,M,B,HT
MSP - DFS,2019-0H7-005301,20190924,BOSTON,MV,M,43,M,B,HT
MSP - DFS,2019-0H7-005301,20190924,BOSTON,MV,M,43,M,B,HT
MSP - DFS,2019-0H7-005301,20190924,BOSTON,MV,M,43,M,B,HT
MSP - DFS,2019-0B8-005309,20190924,CHICOPEE,MV,M,60,M,H,PR
MSP - DFS,2019-0B8-005309,20190924,CHICOPEE,MV,M,60,M,H,PR
MSP - DFS,2019-0CX-010141,20190924,GRAFTON,90Z,W,65,M,H,DR
MSP - DFS,2019-0CX-010141,20190924,GRAFTON,MV,M,65,M,H,DR
MSP - DFS,2019-0CX-010141,20190924,GRAFTON,MV,M,65,M,H,DR
MSP - DFS,2019-0CX-010141,20190924,GRAFTON,MV,M,65,M,H,DR
MSP - DFS,2019-0CX-010141,20190924,GRAFTON,MV,M,65,M,H,DR
MSP - DFS,2019-0H4-006283,20190925,BOSTON,MV,M,23,M,B,JM
MSP - DFS,2019-0H4-006283,20190925,BOSTON,MV,M,23,M,B,JM
MSP - DFS,2019-0C4-004710,20190925,FITCHBURG,MV,M,35,M,H,PR
MSP - DFS,2019-0C4-004710,20190925,FITCHBURG,MV,M,35,M,H,PR
MSP - DFS,2019-0H8-006286,20190925,NEWTON,90Z,W,38,M,H,PR
MSP - DFS,2019-0H8-006286,20190925,NEWTON,90Z,W,38,M,H,PR
MSP - DFS,2019-0C6-006575,20190925,WORCESTER,90Z,W,43,M,H,PR
MSP - DFS,2019-0A3-008971,20190925,LEXINGTON,90Z,W,50,U,W,BRA
MSP - DFS,2019-0A3-008971,20190925,LEXINGTON,90Z,W,50,U,W,BRA
MSP - DFS,2019-0A3-008971,20190925,LEXINGTON,90Z,W,50,U,W,BRA
MSP - DFS,2019-0A3-008971,20190925,LEXINGTON,90Z,W,50,U,W,BRA
MSP - DFS,2019-GEE-001026,20190925,EVERETT,"220,290",M,54,M,W,IRE
MSP - DFS,2019-GEE-001026,20190925,EVERETT,"26A,270,23D,23H",F,54,M,W,IRE
MSP - DFS,2019-GEE-001026,20190925,EVERETT,90Z,W,54,M,W,IRE
MSP - DFS,2019-0B6-008721,20190926,HOLYOKE,90Z,W,21,F,H,PR
MSP - DFS,2019-0D4-005650,20190926,BROCKTON,90Z,W,22,F,B,HT
MSP - DFS,2019-0C6-006596,20190926,SHREWSBURY,13A or 13B,M,23,M,H,PR
MSP - DFS,2019-0C6-006596,20190926,SHREWSBURY,MV,M,23,M,H,PR
MSP - DFS,2019-0C6-006596,20190926,SHREWSBURY,MV,M,23,M,H,PR
MSP - DFS,2019-0A1-012271,20190927,LAWRENCE,35A,F,28,M,H,DR
MSP - DFS,2019-0A1-012271,20190927,LAWRENCE,35A,F,28,M,H,DR
MSP - DFS,2019-0A1-012271,20190927,LAWRENCE,35A,F,28,M,H,DR
MSP - DFS,2019-0A1-012271,20190927,LAWRENCE,MV,M,28,M,H,DR
MSP - DFS,2019-0A1-012271,20190927,LAWRENCE,MV,M,28,M,H,DR
MSP - DFS,2019-0A1-012271,20190927,LAWRENCE,MV,M,28,M,H,DR
MSP - DFS,2019-0A1-012271,20190927,LAWRENCE,MV,M,28,M,H,DR
MSP - DFS,2019-0B5-003940,20190927,RUSSELL,90Z,W,34,M,W,PR
MSP - DFS,2019-0H4-006375,20190927,BOSTON,90Z,W,35,M,W,BRA
MSP - DFS,2019-0H4-006375,20190927,BOSTON,MV,M,35,M,W,BRA
MSP - DFS,2019-0H4-006375,20190927,BOSTON,MV,O,35,M,W,BRA
MSP - DFS,2019-0A1-012261,20190927,LAWRENCE,90Z,W,37,F,H,DR
MSP - DFS,2019-0A6-008245,20190927,LYNNFIELD,90Z,W,37,M,H,DR
MSP - DFS,2019-0A6-008245,20190927,LYNNFIELD,90Z,W,37,M,H,DR
MSP - DFS,2019-0H9-009908,20190927,BOSTON,90Z,W,38,F,H,PR
MSP - DFS,2019-0H7-005385,20190927,QUINCY,13A,F,46,M,H,PR
MSP - DFS,2019-0H7-005385,20190927,QUINCY,90Z,M,46,M,H,PR
MSP - DFS,2019-0H7-005385,20190927,QUINCY,MV,M,46,M,H,PR
MSP - DFS,2019-0B6-008823,20190928,HATFIELD,90Z,W,30,M,B,JM
MSP - DFS,2019-0A4-008646,20190928,STONEHAM,90D,M,31,M,B,HB
MSP - DFS,2019-0A4-008646,20190928,STONEHAM,MV,O,31,M,B,HB
MSP - DFS,2019-0D2-004704,20190928,EASTHAM,90D,M,34,F,W,ITAL
MSP - DFS,2019-0D2-004704,20190928,EASTHAM,90D,M,34,F,W,ITAL
MSP - DFS,2019-0D2-004704,20190928,EASTHAM,90D,M,34,F,W,ITAL
MSP - DFS,2019-0D2-004704,20190928,EASTHAM,90D,M,34,F,W,ITAL
MSP - DFS,2019-0D2-004704,20190928,EASTHAM,90G,M,34,F,W,ITAL
MSP - DFS,2019-0D2-004704,20190928,EASTHAM,90G,M,34,F,W,ITAL
MSP - DFS,2019-0D2-004704,20190928,EASTHAM,MV,M,34,F,W,ITAL
MSP - DFS,2019-0D2-004704,20190928,EASTHAM,MV,M,34,F,W,ITAL
MSP - DFS,2019-0D2-004704,20190928,EASTHAM,MV,M,34,F,W,ITAL
MSP - DFS,2019-0D2-004704,20190928,EASTHAM,MV,M,34,F,W,ITAL
MSP - DFS,2019-0D2-004704,20190928,EASTHAM,MV,O,34,F,W,ITAL
MSP - DFS,2019-0D2-004704,20190928,EASTHAM,MV,O,34,F,W,ITAL
MSP - DFS,2019-0C6-006647,20190928,WEST BOYLSTON,90Z,W,36,M,W,P
MSP - DFS,2019-0H3-007004,20190928,SHARON,520,F,47,M,J,IR
MSP - DFS,2019-0H3-007004,20190928,SHARON,520,F,47,M,J,IR
MSP - DFS,2019-0H3-007004,20190928,SHARON,520,F,47,M,J,IR
MSP - DFS,2019-0H3-007004,20190928,SHARON,520,F,47,M,J,IR
MSP - DFS,2019-0H3-007004,20190928,SHARON,13A-13C,M,47,M,J,IR
MSP - DFS,2019-0H3-007004,20190928,SHARON,35A,F,47,M,J,IR
MSP - DFS,2019-0H3-007004,20190928,SHARON,"520,35A",F,47,M,J,IR
MSP - DFS,2019-0H3-007004,20190928,SHARON,90D,M,47,M,J,IR
MSP - DFS,2019-0H3-007004,20190928,SHARON,90D,M,47,M,J,IR
MSP - DFS,2019-0H3-007004,20190928,SHARON,90G,M,47,M,J,IR
MSP - DFS,2019-0H3-007004,20190928,SHARON,90Z,F,47,M,J,IR
MSP - DFS,2019-0H3-007004,20190928,SHARON,MV,M,47,M,J,IR
MSP - DFS,2019-0H3-007004,20190928,SHARON,MV,M,47,M,J,IR
MSP - DFS,2019-0C4-004768,20190928,HARVARD,90Z,W,49,M,H,DR
MSP - DFS,2019-0D4-005736,20190929,TAUNTON,90Z,W,20,F,O,CN
MSP - DFS,2019-0C6-006658,20190929,WORCESTER,90D,M,20,M,H,JO
MSP - DFS,2019-0C6-006658,20190929,WORCESTER,MV,M,20,M,H,JO
MSP - DFS,2019-0A4-008673,20190929,STONEHAM,90Z,W,24,M,H,DR
MSP - DFS,2019-0A1-012344,20190929,LOWELL,90D,M,28,M,O,CA
MSP - DFS,2019-0B4-005159,20190929,PITTSFIELD,MV,M,35,M,B,JM
MSP - DFS,2019-0B4-005159,20190929,PITTSFIELD,MV,M,35,M,B,JM
MSP - DFS,2019-0C2-006978,20190929,MILFORD,90D,M,38,M,H,CC
MSP - DFS,2019-0C2-006978,20190929,MILFORD,MV,M,38,M,H,CC
MSP - DFS,2019-0C2-006978,20190929,MILFORD,MV,M,38,M,H,CC
MSP - DFS,2019-0H9-009974,20190929,BOSTON,90D,M,39,M,B,DR
MSP - DFS,2019-0H9-009974,20190929,BOSTON,MV,M,39,M,B,DR
MSP - DFS,2019-0H9-009974,20190929,BOSTON,MV,M,39,M,B,DR
MSP - DFS,2019-0H9-009974,20190929,BOSTON,MV,M,39,M,B,DR
MSP - DFS,2019-0H9-009974,20190929,BOSTON,MV,M,39,M,B,DR
MSP - DFS,2019-0H9-009974,20190929,BOSTON,MV,M,39,M,B,DR
MSP - DFS,2019-0H9-009974,20190929,BOSTON,MV,M,39,M,B,DR
MSP - DFS,2019-0CX-010304,20190929,BRIMFIELD,90Z,W,45,M,H,PR
MSP - DFS,2019-0A1-012341,20190929,LOWELL,90D,M,63,M,O,VM
MSP - DFS,2019-0D4-005757,20190930,TAUNTON,35A,F,22,F,W,ITAL
MSP - DFS,2019-0D4-005757,20190930,TAUNTON,35A,F,22,F,W,ITAL
MSP - DFS,2019-0D3-007982,20190930,NEW BEDFORD,90Z,W,25,M,W,U
MSP - DFS,2019-0D3-007982,20190930,NEW BEDFORD,90Z,W,25,M,W,U
MSP - DFS,2019-0D3-007982,20190930,NEW BEDFORD,90Z,W,25,M,W,U
MSP - DFS,2019-0D3-007982,20190930,NEW BEDFORD,90Z,W,25,M,W,U
MSP - DFS,2019-0D3-007982,20190930,NEW BEDFORD,90Z,W,25,M,W,U
MSP - DFS,2019-0A1-012420,20190930,STONEHAM,90D,M,34,M,B,NG
MSP - DFS,2019-0A1-012420,20190930,ANDOVER,90D,M,34,M,B,NG
MSP - DFS,2019-0A1-012420,20190930,STONEHAM,90G,M,34,M,B,NG
MSP - DFS,2019-0A1-012420,20190930,ANDOVER,90G,M,34,M,B,NG
MSP - DFS,2019-0A1-012420,20190930,ANDOVER,MV,M,34,M,B,NG
MSP - DFS,2019-0A1-012420,20190930,STONEHAM,MV,M,34,M,B,NG
MSP - DFS,2019-0A1-012420,20190930,STONEHAM,MV,M,34,M,B,NG
MSP - DFS,2019-0A1-012420,20190930,ANDOVER,MV,M,34,M,B,NG
MSP - DFS,2019-GEE-001028,20190930,EVERETT,90,M,51,F,O,VM
MSP - DFS,2019-GEE-001028,20190930,EVERETT,13A-13B,F,51,F,O,VM
MSP - DFS,2019-0B3-006323,20190930,SPRINGFIELD,90Z,W,55,M,B,JM
MSP - DFS,2019-0B3-006323,20190930,SPRINGFIELD,MV,M,55,M,B,JM
MSP - DFS,2019-0B3-006323,20190930,SPRINGFIELD,MV,O,55,M,B,JM
MSP - DFS,2019-0D4-005773,20191001,BROCKTON,90,M,20,M,H,U
MSP - DFS,2019-0D4-005773,20191001,BROCKTON,13A or 13B,M,20,M,H,U
MSP - DFS,2019-0D4-005773,20191001,BROCKTON,13A-13C,M,20,M,H,U
MSP - DFS,2019-0D4-005771,20191001,TAUNTON,520,F,23,M,B,HT
MSP - DFS,2019-0D4-005771,20191001,TAUNTON,520,F,23,M,B,HT
MSP - DFS,2019-0D4-005771,20191001,TAUNTON,520,F,23,M,B,HT
MSP - DFS,2019-0D4-005771,20191001,TAUNTON,520,F,23,M,B,HT
MSP - DFS,2019-0D4-005771,20191001,TAUNTON,"250,520",F,23,M,B,HT
MSP - DFS,2019-0D4-005771,20191001,TAUNTON,35A,F,23,M,B,HT
MSP - DFS,2019-0D4-005771,20191001,TAUNTON,35A,F,23,M,B,HT
MSP - DFS,2019-0D4-005771,20191001,TAUNTON,35A,F,23,M,B,HT
MSP - DFS,2019-0D4-005771,20191001,TAUNTON,35A,F,23,M,B,HT
MSP - DFS,2019-0D4-005771,20191001,TAUNTON,90Z,W,23,M,B,HT
MSP - DFS,2019-0H7-005455,20191001,MILTON,90Z,M,29,M,B,JM
MSP - DFS,2019-0C5-003624,20191001,STURBRIDGE,250,M,31,M,H,DR
MSP - DFS,2019-0C5-003624,20191001,STURBRIDGE,MV,M,31,M,H,DR
MSP - DFS,2019-0C5-003624,20191001,STURBRIDGE,MV,M,31,M,H,DR
MSP - DFS,2019-0C5-003624,20191001,STURBRIDGE,MV,M,31,M,H,DR
MSP - DFS,2019-0CX-010378,20191001,MILLBURY,90D,M,36,M,H,HB
MSP - DFS,2019-0CX-010378,20191001,MILLBURY,90G,M,36,M,H,HB
MSP - DFS,2019-0CX-010378,20191001,MILLBURY,MV,M,36,M,H,HB
MSP - DFS,2019-0CX-010378,20191001,MILLBURY,MV,M,36,M,H,HB
MSP - DFS,2019-0CX-010378,20191001,MILLBURY,MV,M,36,M,H,HB
MSP - DFS,2019-0CX-010378,20191001,MILLBURY,MV,M,36,M,H,HB
MSP - DFS,2019-0D3-007993,20191001,SWANSEA,90Z,W,41,M,H,JM
MSP - DFS,2019-0C5-003628,20191001,STURBRIDGE,90Z,M,43,M,B,HT
MSP - DFS,2019-0C5-003628,20191001,STURBRIDGE,MV,M,43,M,B,HT
MSP - DFS,2019-0A6-008400,20191002,LYNNFIELD,MV,M,27,M,W,ITAL
MSP - DFS,2019-0A6-008400,20191002,LYNNFIELD,MV,M,27,M,W,ITAL
MSP - DFS,2019-0A6-008400,20191002,LYNNFIELD,MV,M,27,M,W,ITAL
MSP - DFS,2019-0C4-004813,20191002,LEOMINSTER,MV,M,34,F,H,PR
MSP - DFS,2019-0C4-004813,20191002,LEOMINSTER,MV,M,34,F,H,PR
MSP - DFS,2019-0C4-004813,20191002,LEOMINSTER,MV,M,34,F,H,PR
MSP - DFS,2019-0CX-010386,20191002,WESTBOROUGH,90Z,W,36,M,H,HB
MSP - DFS,2019-0A2-006468,20191002,HAVERHILL,MV,M,42,M,H,PR
MSP - DFS,2019-0A2-006468,20191002,HAVERHILL,MV,M,42,M,H,PR
MSP - DFS,2019-0A2-006468,20191002,HAVERHILL,MV,M,42,M,H,PR
MSP - DFS,2019-0B3-006390,20191002,WEST SPRINGFIELD,520,F,56,M,W,SX
MSP - DFS,2019-0B3-006390,20191002,WEST SPRINGFIELD,520,F,56,M,W,SX
MSP - DFS,2019-0B3-006390,20191002,WEST SPRINGFIELD,520,F,56,M,W,SX
MSP - DFS,2019-0B3-006390,20191002,WEST SPRINGFIELD,13A,F,56,M,W,SX
MSP - DFS,2019-0B3-006390,20191002,WEST SPRINGFIELD,MV,M,56,M,W,SX
MSP - DFS,2019-0B3-006390,20191002,WEST SPRINGFIELD,MV,M,56,M,W,SX
MSP - DFS,2019-0D3-008059,20191003,NEW BEDFORD,MV,M,23,M,H,PR
MSP - DFS,2019-0D3-008059,20191003,NEW BEDFORD,MV,M,23,M,H,PR
MSP - DFS,2019-0B3-006405,20191003,SPRINGFIELD,90Z,W,27,M,H,PR
MSP - DFS,2019-0B3-006405,20191003,SPRINGFIELD,90Z,W,27,M,H,PR
MSP - DFS,2019-0B3-006418,20191003,SPRINGFIELD,35A,F,33,M,H,PR
MSP - DFS,2019-0B3-006418,20191003,SPRINGFIELD,MV,M,33,M,H,PR
MSP - DFS,2019-0B3-006418,20191003,SPRINGFIELD,MV,M,33,M,H,PR
MSP - DFS,2019-0B3-006418,20191003,SPRINGFIELD,MV,M,33,M,H,PR
MSP - DFS,2019-0B3-006418,20191003,SPRINGFIELD,MV,M,33,M,H,PR
MSP - DFS,2019-0B3-006418,20191003,SPRINGFIELD,MV,M,33,M,H,PR
MSP - DFS,2019-0A5-007355,20191003,LYNN,90Z,W,34,M,H,CB
MSP - DFS,2019-0CX-010412,20191003,CHARLTON,90Z,W,34,M,W,BRA
MSP - DFS,2019-0CX-010412,20191003,CHARLTON,MV,M,34,M,W,BRA
MSP - DFS,2019-0C3-006103,20191003,OAKHAM,90Z,M,36,F,W,U
MSP - DFS,2019-0H4-006571,20191004,CAMBRIDGE,90D,M,23,M,W,TURK
MSP - DFS,2019-0H4-006571,20191004,CAMBRIDGE,MV,M,23,M,W,TURK
MSP - DFS,2019-0H4-006571,20191004,CAMBRIDGE,MV,O,23,M,W,TURK
MSP - DFS,2019-0C5-003655,20191004,STURBRIDGE,MV,M,25,M,H,BRA
MSP - DFS,2019-0C5-003655,20191004,STURBRIDGE,MV,M,25,M,H,BRA
MSP - DFS,2019-0H6-007074,20191004,BOSTON,35A,F,32,M,W,IRE
MSP - DFS,2019-0H6-007074,20191004,BOSTON,MV,M,32,M,W,IRE
MSP - DFS,2019-0H6-007074,20191004,BOSTON,MV,M,32,M,W,IRE
MSP - DFS,2019-0H9-010144,20191004,BOSTON,90Z,W,34,M,B,HT
MSP - DFS,2019-0H9-010144,20191004,BOSTON,MV,M,34,M,B,HT
MSP - DFS,2019-0A6-008440,20191004,WOBURN,90D,M,36,M,H,PR
MSP - DFS,2019-0A6-008440,20191004,WOBURN,MV,M,36,M,H,PR
MSP - DFS,2019-0A6-008440,20191004,WOBURN,MV,O,36,M,H,PR
MSP - DFS,2019-0D6-000722,20191004,NANTUCKET,MV,M,36,M,W,BRA
MSP - DFS,2019-0D6-000722,20191004,NANTUCKET,MV,M,36,M,W,BRA
MSP - DFS,2019-0C4-004840,20191004,FITCHBURG,90Z,W,54,M,U,MM
MSP - DFS,2019-0B3-006449,20191004,CHICOPEE,35A,F,28,F,H,PR
MSP - DFS,2019-0B3-006449,20191004,CHICOPEE,35A,F,28,F,H,PR
MSP - DFS,2019-0B3-006449,20191004,CHICOPEE,35A,F,28,F,H,PR
MSP - DFS,2019-0B3-006449,20191004,CHICOPEE,90Z,O,28,F,H,PR
MSP - DFS,2019-0A2-006517,20191005,HAVERHILL,90Z,W,20,F,H,PR
MSP - DFS,2019-0A2-006517,20191005,HAVERHILL,90Z,W,20,F,H,PR
MSP - DFS,2019-0D3-008137,20191005,SOMERSET,MV,M,28,M,H,BRA
MSP - DFS,2019-0D3-008137,20191005,SOMERSET,MV,M,28,M,H,BRA
MSP - DFS,2019-0H9-010178,20191005,BOSTON,90D,M,29,M,H,PR
MSP - DFS,2019-0H9-010178,20191005,BOSTON,MV,M,29,M,H,PR
MSP - DFS,2019-0H9-010178,20191005,BOSTON,MV,M,29,M,H,PR
MSP - DFS,2019-0H9-010178,20191005,BOSTON,MV,M,29,M,H,PR
MSP - DFS,2019-0CX-010469,20191005,AUBURN,90D,M,34,M,H,HB
MSP - DFS,2019-0CX-010469,20191005,AUBURN,90G,M,34,M,H,HB
MSP - DFS,2019-0CX-010469,20191005,AUBURN,MV,M,34,M,H,HB
MSP - DFS,2019-0H9-010176,20191005,BOSTON,MV,M,35,M,H,DR
MSP - DFS,2019-0H9-010176,20191005,BOSTON,MV,M,35,M,H,DR
MSP - DFS,2019-0H9-010176,20191005,BOSTON,MV,M,35,M,H,DR
MSP - DFS,2019-0H9-010176,20191005,BOSTON,MV,M,35,M,H,DR
MSP - DFS,2019-0B8-005573,20191005,LUDLOW,35A,F,40,M,H,PR
MSP - DFS,2019-0B8-005573,20191005,LUDLOW,90D,M,40,M,H,PR
MSP - DFS,2019-0B8-005573,20191005,LUDLOW,90D,M,40,M,H,PR
MSP - DFS,2019-0B8-005573,20191005,LUDLOW,MV,M,40,M,H,PR
MSP - DFS,2019-0B8-005573,20191005,LUDLOW,MV,M,40,M,H,PR
MSP - DFS,2019-0B8-005573,20191005,LUDLOW,MV,M,40,M,H,PR
MSP - DFS,2019-0C5-003668,20191005,AUBURN,240,M,42,M,H,PR
MSP - DFS,2019-0C5-003668,20191005,AUBURN,280,F,42,M,H,PR
MSP - DFS,2019-0C5-003668,20191005,AUBURN,90D,M,42,M,H,PR
MSP - DFS,2019-0C5-003668,20191005,AUBURN,MV,M,42,M,H,PR
MSP - DFS,2019-0C5-003668,20191005,AUBURN,MV,M,42,M,H,PR
MSP - DFS,2019-0C5-003668,20191005,AUBURN,MV,M,42,M,H,PR
MSP - DFS,2019-0C5-003668,20191005,AUBURN,MV,M,42,M,H,PR
MSP - DFS,2019-0A6-008515,20191006,LYNNFIELD,MV,M,21,M,H,BRA
MSP - DFS,2019-0A6-008515,20191006,LYNNFIELD,MV,M,21,M,H,BRA
MSP - DFS,2019-0A6-008515,20191006,LYNNFIELD,MV,M,21,M,H,BRA
MSP - DFS,2019-0A6-008515,20191006,LYNNFIELD,MV,M,21,M,H,BRA
MSP - DFS,2019-0F1-051779,20191006,BOSTON,13A,F,35,M,H,PR
MSP - DFS,2019-0C4-004870,20191006,LANCASTER,90D,M,36,F,H,PR
MSP - DFS,2019-0C4-004870,20191006,LANCASTER,MV,M,36,F,H,PR
MSP - DFS,2019-0C4-004870,20191006,LANCASTER,MV,M,36,F,H,PR
MSP - DFS,2019-0A1-012636,20191006,ANDOVER,90D,M,42,M,H,PR
MSP - DFS,2019-0A1-012636,20191006,ANDOVER,MV,M,42,M,H,PR
MSP - DFS,2019-0H6-007155,20191007,BOSTON,90Z,W,33,M,H,PR
MSP - DFS,2019-0D3-008184,20191007,FALL RIVER,35A,F,43,F,H,PR
MSP - DFS,2019-0D4-005910,20191008,WEST BRIDGEWATER,90Z,W,26,M,H,PR
MSP - DFS,2019-0CX-010564,20191008,AUBURN,MV,M,41,M,H,PR
MSP - DFS,2019-0CX-010564,20191008,AUBURN,MV,M,41,M,H,PR
MSP - DFS,2019-0CX-010564,20191008,AUBURN,MV,M,41,M,H,PR
MSP - DFS,2019-0CX-010564,20191008,AUBURN,MV,M,41,M,H,PR
MSP - DFS,2019-0D1-005315,20191008,NORWELL,90Z,W,53,M,W,U
MSP - DFS,2019-0D1-005315,20191008,NORWELL,90Z,W,53,M,W,U
MSP - DFS,2019-0C5-003702,20191008,STURBRIDGE,35A,F,54,M,H,DR
MSP - DFS,2019-0C5-003702,20191008,STURBRIDGE,MV,M,54,M,H,DR
MSP - DFS,2019-0H9-010309,20191009,BOSTON,90Z,W,21,M,W,BRA
MSP - DFS,2019-0H9-010309,20191009,BOSTON,MV,M,21,M,W,BRA
MSP - DFS,2019-0H9-010309,20191009,BOSTON,MV,M,21,M,W,BRA
MSP - DFS,2019-0A1-012753,20191009,LAWRENCE,35A,F,22,M,B,DR
MSP - DFS,2019-0A1-012753,20191009,LAWRENCE,35A,F,22,M,B,DR
MSP - DFS,2019-0C6-006894,20191009,WEST BOYLSTON,MV,M,23,M,J,EY
MSP - DFS,2019-0C6-006894,20191009,WEST BOYLSTON,MV,M,23,M,J,EY
MSP - DFS,2019-0A6-008576,20191009,PEABODY,90Z,W,25,M,W,IRE
MSP - DFS,2019-0H7-005666,20191009,RANDOLPH,90Z,W,43,M,H,PR
MSP - DFS,2019-0D7-006273,20191010,BOURNE,90Z,W,22,M,H,PR
MSP - DFS,2019-0H6-007230,20191010,BOSTON,90D,M,36,M,H,CC
MSP - DFS,2019-0H6-007230,20191010,BOSTON,90D,M,36,M,H,CC
MSP - DFS,2019-0C5-003718,20191010,OXFORD,90Z,W,36,M,H,PR
MSP - DFS,2019-0C5-003718,20191010,OXFORD,MV,M,36,M,H,PR
MSP - DFS,2019-0H6-007230,20191010,BOSTON,MV,M,36,M,H,CC
MSP - DFS,2019-0H6-007230,20191010,BOSTON,MV,M,36,M,H,CC
MSP - DFS,2019-0C5-003718,20191010,OXFORD,MV,M,36,M,H,PR
MSP - DFS,2019-0C5-003718,20191010,OXFORD,MV,M,36,M,H,PR
MSP - DFS,2019-0CX-010616,20191010,AUBURN,90Z,W,53,M,J,IS
MSP - DFS,2019-0H6-007220,20191010,BOSTON,90Z,W,54,F,H,PR
MSP - DFS,2019-0H6-007228,20191010,BOSTON,35A,F,58,M,W,EN
MSP - DFS,2019-0H7-005739,20191011,CANTON,MV,M,24,M,H,BRA
MSP - DFS,2019-0A1-012811,20191011,LAWRENCE,280,F,34,M,B,JM
MSP - DFS,2019-0CX-010655,20191011,WARREN,MV,M,52,M,W,IRE
MSP - DFS,2019-0CX-010655,20191011,WARREN,MV,M,52,M,W,IRE
MSP - DFS,2019-0CX-010655,20191011,WARREN,MV,M,52,M,W,IRE
MSP - DFS,2019-0B6-009285,20191012,HOLYOKE,280,F,23,M,H,PR
MSP - DFS,2019-0H9-010433,20191012,BOSTON,MV,M,26,U,H,MM
MSP - DFS,2019-0B6-009296,20191012,HOLYOKE,90Z,W,30,M,H,PR
MSP - DFS,2019-0B6-009296,20191012,HOLYOKE,90Z,W,30,M,H,PR
MSP - DFS,2019-0B6-009296,20191012,HOLYOKE,90Z,W,30,M,H,PR
MSP - DFS,2019-0B6-009296,20191012,HOLYOKE,MV,M,30,M,H,PR
MSP - DFS,2019-0B6-009296,20191012,HOLYOKE,MV,O,30,M,H,PR
MSP - DFS,2019-0B3-006655,20191012,WEST SPRINGFIELD,90D,M,35,F,H,PR
MSP - DFS,2019-0B3-006655,20191012,WEST SPRINGFIELD,MV,M,35,F,H,PR
MSP - DFS,2019-0C4-004951,20191012,BOXBOROUGH,90Z,W,47,M,H,BRA
MSP - DFS,2019-0C4-004951,20191012,BOXBOROUGH,90Z,W,47,M,H,BRA
MSP - DFS,2019-0C4-004951,20191012,BOXBOROUGH,90Z,W,47,M,H,BRA
MSP - DFS,2019-0C4-004951,20191012,BOXBOROUGH,MV,M,47,M,H,BRA
MSP - DFS,2019-0H4-006889,20191012,BOSTON,90D,M,52,M,W,BRA
MSP - DFS,2019-0H4-006889,20191012,BOSTON,MV,M,52,M,W,BRA
MSP - DFS,2019-0C2-007257,20191013,MILLBURY,90Z,W,24,M,H,DR
MSP - DFS,2019-0C2-007257,20191013,MILLBURY,90Z,W,24,M,H,DR
MSP - DFS,2019-0C6-006974,20191013,WORCESTER,280,F,25,M,W,IRE
MSP - DFS,2019-0C6-006974,20191013,WORCESTER,90D,M,25,M,W,IRE
MSP - DFS,2019-0C6-006974,20191013,WORCESTER,MV,M,25,M,W,IRE
MSP - DFS,2019-0C6-006974,20191013,WORCESTER,MV,M,25,M,W,IRE
MSP - DFS,2019-0C6-006974,20191013,WORCESTER,MV,M,25,M,W,IRE
MSP - DFS,2019-0A3-009547,20191013,LEXINGTON,13A-13C,M,46,F,H,PR
MSP - DFS,2019-0A3-009547,20191013,LEXINGTON,90D,M,46,F,H,PR
MSP - DFS,2019-0A3-009547,20191013,LEXINGTON,MV,M,46,F,H,PR
MSP - DFS,2019-0A3-009547,20191013,LEXINGTON,MV,M,46,F,H,PR
MSP - DFS,2019-0B3-006704,20191013,CHICOPEE,MV,M,46,M,H,PR
MSP - DFS,2019-0A3-009547,20191013,LEXINGTON,MV,M,46,F,H,PR
MSP - DFS,2019-0D4-006021,20191013,MIDDLEBOROUGH,90D,M,47,M,H,BRA
MSP - DFS,2019-0D4-006021,20191013,MIDDLEBOROUGH,MV,M,47,M,H,BRA
MSP - DFS,2019-0D4-006021,20191013,MIDDLEBOROUGH,MV,M,47,M,H,BRA
MSP - DFS,2019-0D4-006021,20191013,MIDDLEBOROUGH,MV,M,47,M,H,BRA
MSP - DFS,2019-0B6-009362,20191014,HOLYOKE,90Z,W,30,M,H,PR
MSP - DFS,2019-0B6-009362,20191014,HOLYOKE,90Z,W,30,M,H,PR
MSP - DFS,2019-0B6-009362,20191014,HOLYOKE,MV,M,30,M,H,PR
MSP - DFS,2019-0B6-009362,20191014,HOLYOKE,MV,M,30,M,H,PR
MSP - DFS,2019-0B6-009362,20191014,HOLYOKE,MV,M,30,M,H,PR
MSP - DFS,2019-0D3-008437,20191014,FALL RIVER,MV,M,35,U,H,PR
MSP - DFS,2019-0D3-008437,20191014,FALL RIVER,MV,M,35,U,H,PR
MSP - DFS,2019-0B2-005959,20191014,BERNARDSTON,90Z,W,36,M,H,PR
MSP - DFS,2019-0H9-010512,20191014,BOSTON,90Z,W,44,M,W,BRA
MSP - DFS,2019-0H9-010512,20191014,BOSTON,90Z,W,44,M,W,BRA
MSP - DFS,2019-0H9-010512,20191014,BOSTON,90Z,W,44,M,W,BRA
MSP - DFS,2019-0H4-006998,20191015,BOSTON,26A,M,21,M,W,P
MSP - DFS,2019-0H4-006998,20191015,BOSTON,35A,F,21,M,W,P
MSP - DFS,2019-0H4-006998,20191015,BOSTON,35A,F,21,M,W,P
MSP - DFS,2019-0H4-006998,20191015,BOSTON,90D,M,21,M,W,P
MSP - DFS,2019-0H4-006998,20191015,BOSTON,MV,M,21,M,W,P
MSP - DFS,2019-0C4-005000,20191015,FITCHBURG,90Z,W,27,M,H,PR
MSP - DFS,2019-0C4-005000,20191015,FITCHBURG,MV,M,27,M,H,PR
MSP - DFS,2019-0C4-005000,20191015,FITCHBURG,MV,M,27,M,H,PR
MSP - DFS,2019-0C4-005000,20191015,FITCHBURG,MV,M,27,M,H,PR
MSP - DFS,2019-0A6-008768,20191015,DANVERS,90Z,W,37,M,H,DR
MSP - DFS,2019-0A5-007630,20191015,REVERE,90Z,F,39,M,H,PR
MSP - DFS,2019-0D1-005407,20191015,PLYMOUTH,MV,M,40,M,H,BRA
MSP - DFS,2019-0D1-005407,20191015,PLYMOUTH,MV,M,40,M,H,BRA
MSP - DFS,2019-0D1-005407,20191015,PLYMOUTH,MV,M,40,M,H,BRA
MSP - DFS,2019-0A5-007630,20191015,REVERE,35A,F,42,M,H,DR
MSP - DFS,2019-0A5-007630,20191015,REVERE,35A,F,42,M,H,DR
MSP - DFS,2019-0A5-007630,20191015,REVERE,90Z,F,42,M,H,DR
MSP - DFS,2019-0A5-007630,20191015,REVERE,35A,F,44,M,H,DR
MSP - DFS,2019-0A5-007630,20191015,REVERE,90Z,F,44,M,H,DR
MSP - DFS,2019-0A5-007630,20191015,REVERE,90Z,F,46,M,H,PR
MSP - DFS,2019-0A5-007651,20191016,REVERE,35A,F,33,M,W,IRE
MSP - DFS,2019-0A5-007651,20191016,REVERE,90D,M,33,M,W,IRE
MSP - DFS,2019-0A5-007651,20191016,REVERE,MV,M,33,M,W,IRE
MSP - DFS,2019-0A5-007651,20191016,REVERE,MV,M,33,M,W,IRE
MSP - DFS,2019-0C2-007325,20191016,UXBRIDGE,MV,M,35,M,H,PR
MSP - DFS,2019-0B3-006752,20191016,SPRINGFIELD,90Z,W,39,M,H,DR
MSP - DFS,2019-0H8-006749,20191016,BOSTON,90Z,W,61,M,O,CN
MSP - DFS,2019-0H8-006749,20191016,BOSTON,MV,M,61,M,O,CN
MSP - DFS,2019-0H7-005907,20191017,AVON,35A,F,31,M,W,SX
MSP - DFS,2019-0H7-005907,20191017,AVON,90Z,F,31,M,W,SX
MSP - DFS,2019-0H7-005907,20191017,AVON,MV,M,31,M,W,SX
MSP - DFS,2019-0H7-005907,20191017,AVON,MV,M,31,M,W,SX
MSP - DFS,2019-0D2-005010,20191017,BARNSTABLE,90Z,W,57,M,B,HT
MSP - DFS,2019-0B8-005828,20191017,WESTFIELD,90Z,W,58,M,B,HT
MSP - DFS,2019-0B8-005828,20191017,WESTFIELD,MV,M,58,M,B,HT
MSP - DFS,2019-0C2-007396,20191018,FOXBOROUGH,280,F,24,M,H,PR
MSP - DFS,2019-0C2-007396,20191018,FOXBOROUGH,90J,M,24,M,H,PR
MSP - DFS,2019-0C2-007396,20191018,FOXBOROUGH,90Z,F,24,M,H,PR
MSP - DFS,2019-0A3-009709,20191018,BEDFORD,90Z,W,31,M,H,PR
MSP - DFS,2019-0A3-009709,20191018,BEDFORD,90Z,W,31,M,H,PR
MSP - DFS,2019-0A3-009709,20191018,BEDFORD,90Z,W,31,M,H,PR
MSP - DFS,2019-0A3-009709,20191018,BEDFORD,90Z,W,31,M,H,PR
MSP - DFS,2019-0A3-009709,20191018,BEDFORD,90Z,W,31,M,H,PR
MSP - DFS,2019-0A5-007699,20191018,LYNN,MV,M,34,M,O,CA
MSP - DFS,2019-0A5-007699,20191018,LYNN,MV,M,34,M,O,CA
MSP - DFS,2019-0A5-007699,20191018,LYNN,MV,M,34,M,O,CA
MSP - DFS,2019-0A5-007699,20191018,LYNN,MV,M,34,M,O,CA
MSP - DFS,2019-0A5-007699,20191018,LYNN,MV,M,34,M,O,CA
MSP - DFS,2019-0A5-007704,20191018,REVERE,13A,F,36,M,W,ITAL
MSP - DFS,2019-0A5-007704,20191018,REVERE,13A or 13B,M,36,M,W,ITAL
MSP - DFS,2019-0A5-007704,20191018,REVERE,35A,M,36,M,W,ITAL
MSP - DFS,2019-0A5-007704,20191018,REVERE,35A,F,36,M,W,ITAL
MSP - DFS,2019-0A5-007704,20191018,REVERE,35A,F,36,M,W,ITAL
MSP - DFS,2019-0A5-007704,20191018,REVERE,MV,M,36,M,W,ITAL
MSP - DFS,2019-0A5-007704,20191018,REVERE,MV,M,36,M,W,ITAL
MSP - DFS,2019-0A5-007704,20191018,REVERE,MV,M,36,M,W,ITAL
MSP - DFS,2019-0A3-009684,20191018,BILLERICA,90D,M,37,M,O,CA
MSP - DFS,2019-0A3-009684,20191018,BILLERICA,MV,M,37,M,O,CA
MSP - DFS,2019-0A4-009164,20191018,EVERETT,MV,M,37,M,W,BRA
MSP - DFS,2019-0A4-009164,20191018,EVERETT,MV,M,37,M,W,BRA
MSP - DFS,2019-0D3-008587,20191018,NEW BEDFORD,35A,F,45,M,W,U
MSP - DFS,2019-0D3-008587,20191018,NEW BEDFORD,MV,M,45,M,W,U
MSP - DFS,2019-0H8-006852,20191019,NEWTON,90Z,W,21,M,B,HT
MSP - DFS,2019-0H8-006852,20191019,NEWTON,MV,M,21,M,B,HT
MSP - DFS,2019-0B6-009556,20191019,HOLYOKE,90Z,W,21,M,H,PR
MSP - DFS,2019-0A4-009196,20191019,EVERETT,90D,M,21,M,U,BRA
MSP - DFS,2019-0A4-009196,20191019,EVERETT,MV,M,21,M,U,BRA
MSP - DFS,2019-0A3-009716,20191019,WALTHAM,90D,M,31,M,W,EY
MSP - DFS,2019-0CX-010957,20191019,MILLBURY,90Z,W,32,M,B,SOMI
MSP - DFS,2019-0H8-006828,20191019,BOSTON,90D,M,35,M,J,LE
MSP - DFS,2019-0H8-006828,20191019,BOSTON,MV,M,35,M,J,LE
MSP - DFS,2019-0H8-006828,20191019,BOSTON,MV,M,35,M,J,LE
MSP - DFS,2019-0H8-006828,20191019,BOSTON,MV,M,35,M,J,LE
MSP - DFS,2019-0H8-006828,20191019,BOSTON,MV,M,35,M,J,LE
MSP - DFS,2019-0A6-008950,20191019,PEABODY,90D,M,45,U,H,BRA
MSP - DFS,2019-0A6-008950,20191019,PEABODY,MV,M,45,U,H,BRA
MSP - DFS,2019-0A1-013143,20191020,TEWKSBURY,90D,M,23,F,H,HT
MSP - DFS,2019-0C4-005064,20191020,HARVARD,90D,M,24,F,W,U
MSP - DFS,2019-0C4-005064,20191020,HARVARD,MV,M,24,F,W,U
MSP - DFS,2019-0A6-008958,20191020,WOBURN,90D,M,26,F,O,CA
MSP - DFS,2019-0A6-008958,20191020,WOBURN,MV,M,26,F,O,CA
MSP - DFS,2019-0A6-008958,20191020,WOBURN,MV,M,26,F,O,CA
MSP - DFS,2019-0A6-008958,20191020,WOBURN,MV,O,26,F,O,CA
MSP - DFS,2019-0B4-005765,20191020,PITTSFIELD,90Z,W,29,M,H,PR
MSP - DFS,2019-0B4-005765,20191020,PITTSFIELD,90Z,O,29,M,H,PR
MSP - DFS,2019-0B4-005765,20191020,PITTSFIELD,MV,M,29,M,H,PR
MSP - DFS,2019-0C5-003832,20191020,PALMER,90Z,W,33,M,H,PR
MSP - DFS,2019-0C5-003832,20191020,PALMER,90Z,W,33,M,H,PR
MSP - DFS,2019-0C5-003832,20191020,PALMER,90Z,W,33,M,H,PR
MSP - DFS,2019-0C5-003832,20191020,PALMER,90Z,W,33,M,H,PR
MSP - DFS,2019-0A1-013181,20191020,ANDOVER,35A,F,51,M,H,PR
MSP - DFS,2019-0A1-013181,20191020,ANDOVER,MV,M,51,M,H,PR
MSP - DFS,2019-0A1-013181,20191020,ANDOVER,MV,M,51,M,H,PR
MSP - DFS,2019-0H6-007515,20191021,BOSTON,90D,M,29,M,H,DR
MSP - DFS,2019-0H6-007515,20191021,BOSTON,MV,M,29,M,H,DR
MSP - DFS,2019-0CX-011036,20191021,WARREN,MV,M,29,M,W,FR
MSP - DFS,2019-0CX-011036,20191021,WARREN,MV,M,29,M,W,FR
MSP - DFS,2019-0A4-009253,20191021,EVERETT,90D,M,30,M,H,PR
MSP - DFS,2019-0A4-009253,20191021,EVERETT,MV,M,30,M,H,PR
MSP - DFS,2019-0A4-009253,20191021,EVERETT,MV,M,30,M,H,PR
MSP - DFS,2019-0A4-009273,20191021,STONEHAM,90Z,W,33,M,W,CB
MSP - DFS,2019-0H4-007235,20191021,BOSTON,90D,M,35,M,H,HB
MSP - DFS,2019-0H4-007235,20191021,BOSTON,90G,M,35,M,H,HB
MSP - DFS,2019-0H4-007235,20191021,BOSTON,MV,M,35,M,H,HB
MSP - DFS,2019-0H9-010809,20191021,BOSTON,MV,M,40,M,H,BRA
MSP - DFS,2019-0H8-006891,20191021,WESTON,90Z,W,46,M,H,BRA
MSP - DFS,2019-0H8-006891,20191021,WESTON,MV,M,46,M,H,BRA
MSP - DFS,2019-0H8-006891,20191021,WESTON,MV,M,46,M,H,BRA
MSP - DFS,2019-0CX-011039,20191021,GRAFTON,90D,M,47,M,W,G
MSP - DFS,2019-0CX-011039,20191021,GRAFTON,MV,M,47,M,W,G
MSP - DFS,2019-0A3-009765,20191021,LOWELL,90Z,W,48,F,W,BRA
MSP - DFS,2019-0A3-009765,20191021,LOWELL,MV,M,48,F,W,BRA
MSP - DFS,2019-0A3-009765,20191021,LOWELL,MV,,48,F,W,BRA
MSP - DFS,2019-0A5-007756,20191021,LYNN,90D,M,49,M,B,DR
MSP - DFS,2019-0A5-007756,20191021,LYNN,MV,M,49,M,B,DR
MSP - DFS,2019-0A5-007756,20191021,LYNN,MV,M,49,M,B,DR
MSP - DFS,2019-0H9-010819,20191021,BOSTON,MV,M,55,M,H,HB
MSP - DFS,2019-0H9-010819,20191021,BOSTON,MV,O,55,M,H,HB
MSP - DFS,2019-0A2-006883,20191022,HAVERHILL,90Z,W,22,M,H,DR
MSP - DFS,2019-0A2-006883,20191022,HAVERHILL,MV,M,22,M,H,DR
MSP - DFS,2019-0A2-006883,20191022,HAVERHILL,MV,M,22,M,H,DR
MSP - DFS,2019-0A2-006883,20191022,HAVERHILL,MV,M,22,M,H,DR
MSP - DFS,2019-0B3-006931,20191022,SPRINGFIELD,90Z,W,41,M,H,PR
MSP - DFS,2019-0B3-006931,20191022,SPRINGFIELD,90Z,W,41,M,H,PR
MSP - DFS,2019-0D4-006209,20191022,TAUNTON,MV,M,41,F,W,IRE
MSP - DFS,2019-0D4-006209,20191022,TAUNTON,MV,M,41,F,W,IRE
MSP - DFS,2019-0D4-006209,20191022,TAUNTON,MV,O,41,F,W,IRE
MSP - DFS,2019-0A5-007804,20191023,REVERE,13A,F,25,M,H,PR
MSP - DFS,2019-0A5-007804,20191023,CHELSEA,13A,F,25,M,H,PR
MSP - DFS,2019-0A5-007804,20191023,REVERE,13A,F,25,M,H,PR
MSP - DFS,2019-0A5-007804,20191023,CHELSEA,13A,F,25,M,H,PR
MSP - DFS,2019-0A5-007804,20191023,REVERE,13A,F,25,M,H,PR
MSP - DFS,2019-0A5-007804,20191023,CHELSEA,13A,F,25,M,H,PR
MSP - DFS,2019-0A5-007804,20191023,CHELSEA,13A,F,25,M,H,PR
MSP - DFS,2019-0A5-007804,20191023,REVERE,13A,F,25,M,H,PR
MSP - DFS,2019-0A5-007804,20191023,REVERE,90Z,W,25,M,H,PR
MSP - DFS,2019-0A5-007804,20191023,CHELSEA,90Z,W,25,M,H,PR
MSP - DFS,2019-0A1-013254,20191023,WOBURN,35A,F,30,M,O,CN
MSP - DFS,2019-0A1-013284,20191023,LAWRENCE,35A,F,33,M,H,DR
MSP - DFS,2019-0A1-013284,20191023,LAWRENCE,35A,F,33,M,H,DR
MSP - DFS,2019-0A1-013284,20191023,LAWRENCE,35A,F,33,M,H,DR
MSP - DFS,2019-0A1-013284,20191023,LAWRENCE,35A,F,33,M,H,DR
MSP - DFS,2019-0A1-013284,20191023,LAWRENCE,MV,M,33,M,H,DR
MSP - DFS,2019-0A6-009081,20191023,WAKEFIELD,90D,M,39,M,W,IRE
MSP - DFS,2019-0A6-009081,20191023,WAKEFIELD,MV,M,39,M,W,IRE
MSP - DFS,2019-0A6-009081,20191023,WAKEFIELD,MV,M,39,M,W,IRE
MSP - DFS,2019-0A6-009081,20191023,WAKEFIELD,MV,O,39,M,W,IRE
MSP - DFS,2019-0D7-006601,20191023,BOURNE,90Z,W,45,U,H,BRA
MSP - DFS,2019-0D7-006601,20191023,BOURNE,MV,M,45,U,H,BRA
MSP - DFS,2019-0A1-013254,20191023,WOBURN,35A,F,46,M,O,CN
MSP - DFS,2019-0A5-007826,20191023,CHELSEA,90Z,W,50,M,H,HB
MSP - DFS,2019-0H6-007584,20191023,BOSTON,90Z,W,59,M,W,P
MSP - DFS,2019-0A5-007852,20191024,SAUGUS,90D,M,37,M,H,MM
MSP - DFS,2019-0A5-007852,20191024,SAUGUS,MV,M,37,M,H,MM
MSP - DFS,2019-0A5-007852,20191024,SAUGUS,MV,O,37,M,H,MM
MSP - DFS,2019-0H6-007610,20191024,BOSTON,90Z,W,55,M,I,AMI
MSP - DFS,2019-0H6-007610,20191024,BOSTON,MV,M,55,M,I,AMI
MSP - DFS,2019-0H6-007610,20191024,BOSTON,MV,M,55,M,I,AMI
MSP - DFS,2019-0H6-007610,20191024,BOSTON,MV,M,55,M,I,AMI
MSP - DFS,2019-0H3-007819,20191025,NORTH ATTLEBOROUGH,MV,M,22,M,B,HT
MSP - DFS,2019-0H3-007819,20191025,NORTH ATTLEBOROUGH,MV,M,22,M,B,HT
MSP - DFS,2019-0A6-009132,20191025,LYNN,90Z,W,35,M,H,DR
MSP - DFS,2019-0A6-009132,20191025,LYNN,MV,M,35,M,H,DR
MSP - DFS,2019-0H4-007388,20191025,BOSTON,90D,M,37,M,H,MM
MSP - DFS,2019-0H4-007388,20191025,BOSTON,MV,M,37,M,H,MM
MSP - DFS,2019-0H4-007388,20191025,BOSTON,MV,M,37,M,H,MM
MSP - DFS,2019-0C6-007317,20191025,WORCESTER,90Z,M,37,M,W,IRE
MSP - DFS,2019-0D3-008821,20191025,NEW BEDFORD,MV,M,38,M,H,PR
MSP - DFS,2019-0D3-008821,20191025,NEW BEDFORD,MV,M,38,M,H,PR
MSP - DFS,2019-0H6-007647,20191025,QUINCY,90D,M,40,M,H,DR
MSP - DFS,2019-0C2-007564,20191025,MILFORD,MV,M,40,M,H,DR
MSP - DFS,2019-0C2-007564,20191025,MILFORD,MV,M,40,M,H,DR
MSP - DFS,2019-0C2-007564,20191025,MILFORD,MV,M,40,M,H,DR
MSP - DFS,2019-0H6-007647,20191025,QUINCY,MV,O,40,M,H,DR
MSP - DFS,2019-0A1-013389,20191026,ANDOVER,90Z,W,19,F,H,DR
MSP - DFS,2019-0A6-009190,20191026,DANVERS,90D,M,23,M,W,IRE
MSP - DFS,2019-0A6-009190,20191026,DANVERS,MV,M,23,M,W,IRE
MSP - DFS,2019-0A6-009190,20191026,DANVERS,MV,M,23,M,W,IRE
MSP - DFS,2019-0C6-007375,20191026,WORCESTER,90D,M,24,M,H,BRA
MSP - DFS,2019-0A6-009175,20191026,PEABODY,90D,M,27,M,H,DR
MSP - DFS,2019-0B3-007029,20191026,SPRINGFIELD,90Z,W,32,M,H,PR
MSP - DFS,2019-0B3-007029,20191026,SPRINGFIELD,MV,M,32,M,H,PR
MSP - DFS,2019-0B3-007029,20191026,SPRINGFIELD,MV,M,32,M,H,PR
MSP - DFS,2019-0H6-007685,20191026,MILTON,90D,M,41,M,B,JM
MSP - DFS,2019-0D7-006707,20191027,BOURNE,MV,M,20,M,W,BRA
MSP - DFS,2019-0D7-006707,20191027,BOURNE,MV,M,20,M,W,BRA
MSP - DFS,2019-0D7-006707,20191027,BOURNE,MV,M,20,M,W,BRA
MSP - DFS,2019-0D3-008876,20191027,NEW BEDFORD,90D,M,22,M,O,VM
MSP - DFS,2019-0D3-008876,20191027,NEW BEDFORD,MV,M,22,M,O,VM
MSP - DFS,2019-0D3-008876,20191027,NEW BEDFORD,MV,O,22,M,O,VM
MSP - DFS,2019-0D3-008876,20191027,NEW BEDFORD,MV,M,22,M,O,VM
MSP - DFS,2019-0D3-008876,20191027,NEW BEDFORD,MV,M,22,M,O,VM
MSP - DFS,2019-0H6-007696,20191027,BOSTON,90G,M,24,M,H,AMI
MSP - DFS,2019-0H6-007696,20191027,BOSTON,90Z,W,24,M,H,AMI
MSP - DFS,2019-0H6-007696,20191027,BOSTON,MV,M,24,M,H,AMI
MSP - DFS,2019-0H6-007696,20191027,BOSTON,MV,M,24,M,H,AMI
MSP - DFS,2019-0H6-007696,20191027,BOSTON,MV,O,24,M,H,AMI
MSP - DFS,2019-0A6-009212,20191027,READING,13A,F,25,M,B,JM
MSP - DFS,2019-0A6-009212,20191027,READING,MV,M,25,M,B,JM
MSP - DFS,2019-0D1-005674,20191027,DUXBURY,90D,M,26,M,B,HT
MSP - DFS,2019-0D1-005674,20191027,DUXBURY,MV,M,26,M,B,HT
MSP - DFS,2019-0D2-005193,20191027,BARNSTABLE,90Z,W,28,F,W,FR
MSP - DFS,2019-0H4-007446,20191027,BOSTON,90,M,32,M,W,ITAL
MSP - DFS,2019-0H4-007446,20191027,BOSTON,250,M,32,M,W,ITAL
MSP - DFS,2019-0H4-007446,20191027,BOSTON,26A,M,32,M,W,ITAL
MSP - DFS,2019-0H4-007446,20191027,BOSTON,90D,M,32,M,W,ITAL
MSP - DFS,2019-0H4-007446,20191027,BOSTON,90D,M,32,M,W,ITAL
MSP - DFS,2019-0H4-007446,20191027,BOSTON,90G,M,32,M,W,ITAL
MSP - DFS,2019-0H4-007446,20191027,BOSTON,MV,M,32,M,W,ITAL
MSP - DFS,2019-0D4-006320,20191027,BRIDGEWATER,90D,M,33,M,O,VM
MSP - DFS,2019-0D4-006320,20191027,BRIDGEWATER,MV,M,33,M,O,VM
MSP - DFS,2019-0D4-006320,20191027,BRIDGEWATER,MV,M,33,M,O,VM
MSP - DFS,2019-0B3-007041,20191027,SPRINGFIELD,90D,M,33,M,H,PR
MSP - DFS,2019-0B3-007041,20191027,SPRINGFIELD,MV,M,33,M,H,PR
MSP - DFS,2019-0B3-007041,20191027,SPRINGFIELD,MV,M,33,M,H,PR
MSP - DFS,2019-0A6-009204,20191027,WOBURN,90D,M,34,M,H,HB
MSP - DFS,2019-0A6-009204,20191027,WOBURN,MV,M,34,M,H,HB
MSP - DFS,2019-0A4-009478,20191027,MEDFORD,90D,M,41,M,B,HT
MSP - DFS,2019-0A4-009478,20191027,MEDFORD,MV,M,41,M,B,HT
MSP - DFS,2019-0A4-009478,20191027,MEDFORD,MV,M,41,M,B,HT
MSP - DFS,2019-0A4-009483,20191027,STONEHAM,MV,M,47,M,B,HT
MSP - DFS,2019-0A4-009483,20191027,STONEHAM,MV,M,47,M,B,HT
MSP - DFS,2019-0CX-011278,20191028,MILLBURY,90Z,W,27,F,W,P
MSP - DFS,2019-0D3-008907,20191028,FALL RIVER,MV,M,33,M,H,PR
MSP - DFS,2019-0D3-008907,20191028,FALL RIVER,MV,M,33,M,H,PR
MSP - DFS,2019-0H9-011056,20191028,BOSTON,26A,M,35,M,H,BRA
MSP - DFS,2019-0H9-011056,20191028,BOSTON,MV,M,35,M,H,BRA
MSP - DFS,2019-0H9-011056,20191028,BOSTON,MV,M,35,M,H,BRA
MSP - DFS,2019-0H9-011056,20191028,BOSTON,MV,M,35,M,H,BRA
MSP - DFS,2019-0A1-013490,20191028,LAWRENCE,90Z,W,36,M,B,DR
MSP - DFS,2019-0H4-007491,20191028,WATERTOWN,90Z,W,41,M,H,BRA
MSP - DFS,2019-0H6-007736,20191028,BOSTON,13A,F,57,M,W,IRE
MSP - DFS,2019-0H6-007736,20191028,BOSTON,13A,F,57,M,W,IRE
MSP - DFS,2019-0H6-007736,20191028,BOSTON,13B-13C,F,57,M,W,IRE
MSP - DFS,2019-0H2-007690,20191029,MILTON,35A,F,26,M,H,DR
MSP - DFS,2019-0H2-007690,20191029,MILTON,MV,M,26,M,H,DR
MSP - DFS,2019-0H2-007690,20191029,MILTON,MV,,26,M,H,DR
MSP - DFS,2019-0H2-007690,20191029,MILTON,MV,M,26,M,H,DR
MSP - DFS,2019-0A5-007966,20191029,REVERE,35A,F,27,M,H,PR
MSP - DFS,2019-0A5-007966,20191029,REVERE,MV,M,27,M,H,PR
MSP - DFS,2019-0A5-007966,20191029,REVERE,MV,M,27,M,H,PR
MSP - DFS,2019-0D3-008963,20191029,NEW BEDFORD,90Z,W,32,M,B,U
MSP - DFS,2019-0C6-007450,20191029,WORCESTER,35A,F,32,M,H,DR
MSP - DFS,2019-0C6-007450,20191029,WORCESTER,35A,F,32,M,H,DR
MSP - DFS,2019-0C6-007450,20191029,WORCESTER,35A,F,32,M,H,DR
MSP - DFS,2019-0C6-007450,20191029,WORCESTER,35A,F,32,M,H,DR
MSP - DFS,2019-0C6-007450,20191029,WORCESTER,90Z,F,32,M,H,DR
MSP - DFS,2019-0H2-007690,20191029,MILTON,520,F,33,M,H,DR
MSP - DFS,2019-0H2-007690,20191029,MILTON,35A,F,33,M,H,DR
MSP - DFS,2019-0F1-056833,20191029,BOSTON,90Z,M,35,M,O,CN
MSP - DFS,2019-0D3-008960,20191029,NEW BEDFORD,35A,F,35,M,W,U
MSP - DFS,2019-0D3-008960,20191029,NEW BEDFORD,35A,F,35,M,W,U
MSP - DFS,2019-0D3-008960,20191029,NEW BEDFORD,90Z,W,35,M,W,U
MSP - DFS,2019-0D3-008960,20191029,NEW BEDFORD,MV,M,35,M,W,U
MSP - DFS,2019-0D3-008960,20191029,NEW BEDFORD,MV,M,35,M,W,U
MSP - DFS,2019-0H9-011070,20191029,BOSTON,MV,M,37,M,H,PR
MSP - DFS,2019-0H9-011070,20191029,BOSTON,MV,M,37,M,H,PR
MSP - DFS,2019-0F1-056861,20191029,BOSTON,MV,M,40,M,B,HT
MSP - DFS,2019-0C6-007450,20191029,WORCESTER,35A,F,42,M,H,PR
MSP - DFS,2019-0C6-007450,20191029,WORCESTER,35A,F,42,M,H,PR
MSP - DFS,2019-0C6-007450,20191029,WORCESTER,35A,F,42,M,H,PR
MSP - DFS,2019-0C6-007450,20191029,WORCESTER,35A,F,42,M,H,PR
MSP - DFS,2019-0C6-007450,20191029,WORCESTER,90Z,F,42,M,H,PR
MSP - DFS,2019-0H3-007973,20191029,FOXBOROUGH,90Z,W,45,M,W,PR
MSP - DFS,2019-0CX-011306,20191029,AUBURN,90Z,W,47,M,H,PR
MSP - DFS,2019-0D2-005237,20191029,BARNSTABLE,90Z,W,54,M,W,IRE
MSP - DFS,2019-0H2-007735,20191030,FRAMINGHAM,35A,F,20,M,H,DR
MSP - DFS,2019-0F1-056960,20191030,BOSTON,90Z,W,20,M,H,U
MSP - DFS,2019-0F1-056960,20191030,BOSTON,90Z,W,20,M,H,U
MSP - DFS,2019-0F1-056960,20191030,BOSTON,90Z,W,20,M,H,U
MSP - DFS,2019-0H2-007735,20191030,FRAMINGHAM,90Z,F,20,M,H,DR
MSP - DFS,2019-0A1-013596,20191030,LAWRENCE,250,M,27,M,H,DR
MSP - DFS,2019-0A1-013596,20191030,LAWRENCE,26A,M,27,M,H,DR
MSP - DFS,2019-0A1-013596,20191030,LAWRENCE,MV,M,27,M,H,DR
MSP - DFS,2019-0A1-013596,20191030,LAWRENCE,MV,M,27,M,H,DR
MSP - DFS,2019-0A1-013596,20191030,LAWRENCE,MV,M,27,M,H,DR
MSP - DFS,2019-0H2-007735,20191030,FRAMINGHAM,520,F,36,M,H,PR
MSP - DFS,2019-0H2-007735,20191030,FRAMINGHAM,35A,F,36,M,H,PR
MSP - DFS,2019-0H2-007735,20191030,FRAMINGHAM,35A,F,36,M,H,DR
MSP - DFS,2019-0H2-007735,20191030,FRAMINGHAM,90Z,W,36,M,H,DR
MSP - DFS,2019-0H2-007735,20191030,FRAMINGHAM,90Z,W,36,M,H,DR
MSP - DFS,2019-0H2-007735,20191030,FRAMINGHAM,90Z,F,36,M,H,PR
MSP - DFS,2019-0H2-007735,20191030,FRAMINGHAM,90Z,F,36,M,H,DR
MSP - DFS,2019-0B2-006265,20191030,GREENFIELD,35A,F,48,M,W,U
MSP - DFS,2019-0B2-006265,20191030,GREENFIELD,MV,M,48,M,W,U
MSP - DFS,2019-0B2-006265,20191030,GREENFIELD,MV,M,48,M,W,U
MSP - DFS,2019-0D6-000762,20191031,NANTUCKET,MV,M,23,M,H,BRA
MSP - DFS,2019-0D6-000762,20191031,NANTUCKET,MV,M,23,M,H,BRA
MSP - DFS,2019-0A3-010180,20191031,BEDFORD,MV,M,32,M,H,IQ
MSP - DFS,2019-0A3-010180,20191031,BEDFORD,MV,M,32,M,H,IQ
MSP - DFS,2019-0B2-006281,20191031,GREENFIELD,35A,F,38,M,B,U
MSP - DFS,2019-0B2-006281,20191031,GREENFIELD,90Z,W,38,M,B,U
MSP - DFS,2019-0B2-006281,20191031,GREENFIELD,90Z,F,38,M,B,U
MSP - DFS,2019-0B2-006281,20191031,GREENFIELD,MV,M,38,M,B,U
MSP - DFS,2019-0B2-006281,20191031,GREENFIELD,MV,M,38,M,B,U
MSP - DFS,2019-0B2-006281,20191031,GREENFIELD,MV,O,38,M,B,U
MSP - DFS,2019-0A5-008025,20191031,REVERE,90D,M,66,M,W,FR
MSP - DFS,2019-0A5-008025,20191031,REVERE,MV,M,66,M,W,FR
MSP - DFS,2019-0B6-009993,20191101,WHATELY,90Z,W,20,M,W,U
MSP - DFS,2019-0B6-009993,20191101,WHATELY,90Z,W,20,M,W,U
MSP - DFS,2019-0H2-007796,20191101,CANTON,90D,M,23,U,J,TURK
MSP - DFS,2019-0H2-007796,20191101,CANTON,90D,M,23,U,J,TURK
MSP - DFS,2019-0A6-009392,20191101,SAUGUS,90Z,W,25,F,O,CN
MSP - DFS,2019-0D4-006440,20191101,RAYNHAM,90Z,W,27,M,H,PR
MSP - DFS,2019-0D4-006440,20191101,RAYNHAM,MV,M,27,M,H,PR
MSP - DFS,2019-0D1-005756,20191101,ABINGTON,90Z,W,41,F,W,ITAL
MSP - DFS,2019-0D1-005756,20191101,ABINGTON,90Z,W,45,M,W,FR
MSP - DFS,2019-0F1-057414,20191101,BOSTON,MV,M,63,M,B,HT
MSP - DFS,2019-0C5-003973,20191102,STURBRIDGE,35A,F,24,M,H,HB
MSP - DFS,2019-0C5-003973,20191102,STURBRIDGE,MV,M,24,M,H,HB
MSP - DFS,2019-0C5-003973,20191102,STURBRIDGE,MV,M,24,M,H,HB
MSP - DFS,2019-0C5-003973,20191102,STURBRIDGE,MV,M,24,M,H,HB
MSP - DFS,2019-0A5-008054,20191102,CHELSEA,90D,M,26,M,O,CA
MSP - DFS,2019-0A5-008054,20191102,CHELSEA,MV,M,26,M,O,CA
MSP - DFS,2019-0A5-008054,20191102,CHELSEA,MV,O,26,M,O,CA
MSP - DFS,2019-0D3-009100,20191102,FALL RIVER,13A,F,33,M,B,HT
MSP - DFS,2019-0B3-007171,20191102,SPRINGFIELD,MV,M,33,M,H,PR
MSP - DFS,2019-0B3-007171,20191102,SPRINGFIELD,MV,M,33,M,H,PR
MSP - DFS,2019-0D7-006867,20191102,WAREHAM,90,M,34,M,H,PR
MSP - DFS,2019-0D7-006867,20191102,WAREHAM,C90C,M,34,M,H,PR
MSP - DFS,2019-0B6-010011,20191102,EASTHAMPTON,90Z,W,36,F,W,EN
MSP - DFS,2019-0A1-013667,20191102,TYNGSBOROUGH,90D,M,38,F,W,PR
MSP - DFS,2019-0A1-013667,20191102,TYNGSBOROUGH,MV,M,38,F,W,PR
MSP - DFS,2019-0A5-008053,20191102,REVERE,90D,M,39,M,O,U
MSP - DFS,2019-0A5-008053,20191102,REVERE,MV,M,39,M,O,U
MSP - DFS,2019-0A4-009663,20191102,EVERETT,26A,O,40,M,O,CN
MSP - DFS,2019-0A4-009663,20191102,EVERETT,"26A,270,23D,23H",F,40,M,O,CN
MSP - DFS,2019-0A4-009663,20191102,EVERETT,90Z,F,40,M,O,CN
MSP - DFS,2019-0D3-009120,20191102,NEW BEDFORD,90Z,W,44,F,B,ITAL
MSP - DFS,2019-0C5-003977,20191102,BRIMFIELD,520,F,60,M,W,P
MSP - DFS,2019-0C5-003977,20191102,BRIMFIELD,520,F,60,M,W,P
MSP - DFS,2019-0C5-003977,20191102,BRIMFIELD,520,F,60,M,W,P
MSP - DFS,2019-0C5-003977,20191102,BRIMFIELD,520,F,60,M,W,P
MSP - DFS,2019-0C5-003977,20191102,BRIMFIELD,520,F,60,M,W,P
MSP - DFS,2019-0C5-003977,20191102,BRIMFIELD,35A,F,60,M,W,P
MSP - DFS,2019-0C5-003977,20191102,BRIMFIELD,MV,M,60,M,W,P
MSP - DFS,2019-0B4-006146,20191103,NORTH ADAMS,90Z,W,24,F,H,PR
MSP - DFS,2019-0B4-006146,20191103,NORTH ADAMS,MV,M,24,F,H,PR
MSP - DFS,2019-0A5-008073,20191103,REVERE,90D,M,25,M,H,DR
MSP - DFS,2019-0A5-008073,20191103,REVERE,90G,M,25,M,H,DR
MSP - DFS,2019-0A4-009681,20191103,MEDFORD,90D,M,26,M,H,DR
MSP - DFS,2019-0A4-009681,20191103,MEDFORD,MV,M,26,M,H,DR
MSP - DFS,2019-0A4-009681,20191103,MEDFORD,MV,M,26,M,H,DR
MSP - DFS,2019-0A4-009681,20191103,MEDFORD,MV,M,26,M,H,DR
MSP - DFS,2019-0A3-010271,20191103,LEXINGTON,90Z,W,29,F,W,U
MSP - DFS,2019-0H3-008181,20191103,MANSFIELD,90Z,W,31,F,B,HT
MSP - DFS,2019-0H9-011296,20191103,BOSTON,90D,M,34,M,B,HT
MSP - DFS,2019-0H9-011296,20191103,BOSTON,MV,M,34,M,B,HT
MSP - DFS,2019-0H9-011296,20191103,BOSTON,MV,M,34,M,B,HT
MSP - DFS,2019-0H9-011296,20191103,BOSTON,MV,M,34,M,B,HT
MSP - DFS,2019-0H4-007664,20191103,BOSTON,290,F,35,M,H,BRA
MSP - DFS,2019-0H4-007664,20191103,BOSTON,90D,M,35,M,H,BRA
MSP - DFS,2019-0H4-007664,20191103,BOSTON,MV,M,35,M,H,BRA
MSP - DFS,2019-0H4-007664,20191103,BOSTON,MV,M,35,M,H,BRA
MSP - DFS,2019-0C4-005313,20191103,BOLTON,90D,M,46,M,O,VM
MSP - DFS,2019-0C4-005313,20191103,BOLTON,MV,M,46,M,O,VM
MSP - DFS,2019-0F1-058074,20191104,BOSTON,90Z,M,23,M,B,U
MSP - DFS,2019-0H9-011349,20191104,BOSTON,35A,M,25,M,H,PR
MSP - DFS,2019-0H9-011349,20191104,BOSTON,35A,F,25,M,H,PR
MSP - DFS,2019-0H9-011349,20191104,BOSTON,35A,F,25,M,H,PR
MSP - DFS,2019-0H9-011349,20191104,BOSTON,MV,M,25,M,H,PR
MSP - DFS,2019-0H9-011349,20191104,BOSTON,MV,M,25,M,H,PR
MSP - DFS,2019-0H9-011349,20191104,BOSTON,MV,M,25,M,H,PR
MSP - DFS,2019-0B3-007243,20191104,SPRINGFIELD,90Z,W,28,M,H,PR
MSP - DFS,2019-0B3-007243,20191104,SPRINGFIELD,MV,M,28,M,H,PR
MSP - DFS,2019-0B3-007243,20191104,SPRINGFIELD,MV,M,28,M,H,PR
MSP - DFS,2019-0B3-007243,20191104,SPRINGFIELD,MV,M,28,M,H,PR
MSP - DFS,2019-0B3-007243,20191104,SPRINGFIELD,MV,M,28,M,H,PR
MSP - DFS,2019-0B3-007243,20191104,SPRINGFIELD,MV,M,28,M,H,PR
MSP - DFS,2019-0B3-007243,20191104,SPRINGFIELD,MV,M,28,M,H,PR
MSP - DFS,2019-0A6-009522,20191104,PEABODY,90Z,W,28,F,W,ITAL
MSP - DFS,2019-0A6-009522,20191104,PEABODY,90Z,W,28,F,W,ITAL
MSP - DFS,2019-0A6-009522,20191104,PEABODY,MV,M,28,F,W,ITAL
MSP - DFS,2019-0B8-006240,20191104,CHICOPEE,MV,M,29,M,H,PR
MSP - DFS,2019-0B8-006240,20191104,CHICOPEE,MV,M,29,M,H,PR
MSP - DFS,2019-0A6-009524,20191104,LYNN,26A,M,35,M,H,PR
MSP - DFS,2019-0A6-009524,20191104,LYNN,MV,M,35,M,H,PR
MSP - DFS,2019-0A6-009524,20191104,LYNN,MV,M,35,M,H,PR
MSP - DFS,2019-0A6-009524,20191104,LYNN,MV,M,35,M,H,PR
MSP - DFS,2019-0B3-007227,20191104,CHICOPEE,13A-13C,M,38,M,H,PR
MSP - DFS,2019-0B3-007227,20191104,CHICOPEE,90D,M,38,M,H,PR
MSP - DFS,2019-0B3-007227,20191104,CHICOPEE,MV,M,38,M,H,PR
MSP - DFS,2019-0B3-007227,20191104,CHICOPEE,MV,M,38,M,H,PR
MSP - DFS,2019-0A6-009522,20191104,PEABODY,90Z,W,40,M,H,DR
MSP - DFS,2019-0A6-009522,20191104,PEABODY,90Z,W,40,M,H,DR
MSP - DFS,2019-0A6-009522,20191104,PEABODY,MV,M,40,M,H,DR
MSP - DFS,2019-0H3-008234,20191105,SHARON,90Z,F,21,M,I,AMI
MSP - DFS,2019-0H3-008234,20191105,SHARON,90Z,F,24,M,H,PR
MSP - DFS,2019-0A6-009533,20191105,PEABODY,90Z,W,26,M,H,DR
MSP - DFS,2019-0H3-008234,20191105,SHARON,90Z,F,26,M,H,DR
MSP - DFS,2019-0H3-008234,20191105,SHARON,MV,M,26,M,H,DR
MSP - DFS,2019-0H3-008234,20191105,SHARON,MV,M,26,M,H,DR
MSP - DFS,2019-0H3-008234,20191105,SHARON,MV,M,26,M,H,DR
MSP - DFS,2019-0H7-006469,20191105,BELMONT,90Z,W,36,M,W,IRE
MSP - DFS,2019-0C6-007650,20191105,WORCESTER,90Z,W,39,M,H,PR
MSP - DFS,2019-0F1-058420,20191105,BOSTON,90Z,W,41,M,W,SX
MSP - DFS,2019-0B2-006396,20191105,GREENFIELD,MV,M,45,M,H,CB
MSP - DFS,2019-0B2-006396,20191105,GREENFIELD,MV,M,45,M,H,CB
MSP - DFS,2019-0B2-006396,20191105,GREENFIELD,MV,M,45,M,H,CB
MSP - DFS,2019-0B2-006396,20191105,GREENFIELD,MV,M,45,M,H,CB
MSP - DFS,2019-0D7-006985,20191106,BOURNE,90Z,W,24,M,H,DR
MSP - DFS,2019-0CX-011562,20191106,STURBRIDGE,MV,M,33,M,H,DR
MSP - DFS,2019-0CX-011562,20191106,STURBRIDGE,MV,M,33,M,H,DR
MSP - DFS,2019-0CX-011562,20191106,STURBRIDGE,MV,M,33,M,H,DR
MSP - DFS,2019-0A1-013798,20191106,LAWRENCE,90Z,W,37,M,H,PR
MSP - DFS,2019-0A1-013798,20191106,LAWRENCE,MV,M,37,M,H,PR
MSP - DFS,2019-0A1-013798,20191106,LAWRENCE,MV,M,37,M,H,PR
MSP - DFS,2019-0C2-007866,20191106,UXBRIDGE,90Z,W,39,M,H,PR
MSP - DFS,2019-0C2-007866,20191106,UXBRIDGE,90Z,W,39,M,H,PR
MSP - DFS,2019-0C2-007866,20191106,UXBRIDGE,90Z,W,39,M,H,PR
MSP - DFS,2019-0CX-011576,20191107,GRAFTON,290,M,36,M,W,IRE
MSP - DFS,2019-0CX-011576,20191107,GRAFTON,90D,M,36,M,W,IRE
MSP - DFS,2019-0CX-011576,20191107,GRAFTON,MV,M,36,M,W,IRE
MSP - DFS,2019-0CX-011576,20191107,GRAFTON,MV,M,36,M,W,IRE
MSP - DFS,2019-0CX-011576,20191107,GRAFTON,MV,M,36,M,W,IRE
MSP - DFS,2019-0H7-006520,20191107,BOSTON,90Z,W,46,F,H,DR
MSP - DFS,2019-0A6-009607,20191107,LYNNFIELD,90Z,W,74,M,W,SX
MSP - DFS,2019-0A6-009607,20191107,LYNNFIELD,90Z,W,74,M,W,SX
MSP - DFS,2019-0A6-009607,20191107,LYNNFIELD,MV,M,74,M,W,SX
MSP - DFS,2019-0A6-009607,20191107,LYNNFIELD,MV,M,74,M,W,SX
MSP - DFS,2019-0A6-009607,20191107,LYNNFIELD,MV,O,74,M,W,SX
MSP - DFS,2019-0A6-009607,20191107,LYNNFIELD,MV,O,74,M,W,SX
MSP - DFS,2019-0B8-006326,20191108,CHICOPEE,35A,F,39,M,H,PR
MSP - DFS,2019-0B8-006326,20191108,CHICOPEE,MV,M,39,M,H,PR
MSP - DFS,2019-0B8-006326,20191108,CHICOPEE,MV,M,39,M,H,PR
MSP - DFS,2019-0B8-006326,20191108,CHICOPEE,MV,M,39,M,H,PR
MSP - DFS,2019-0H4-007823,20191108,CAMBRIDGE,90Z,W,51,M,J,BRA
MSP - DFS,2019-0H4-007823,20191108,CAMBRIDGE,90Z,W,51,M,J,BRA
MSP - DFS,2019-0B3-007362,20191109,SPRINGFIELD,520,F,20,M,H,PR
MSP - DFS,2019-0B3-007362,20191109,SPRINGFIELD,520,F,20,M,H,PR
MSP - DFS,2019-0B3-007362,20191109,SPRINGFIELD,520,F,20,M,H,PR
MSP - DFS,2019-0B3-007362,20191109,SPRINGFIELD,520,F,20,M,H,PR
MSP - DFS,2019-0H3-008323,20191109,ATTLEBORO,90Z,W,21,M,H,DR
MSP - DFS,2019-0H3-008323,20191109,ATTLEBORO,MV,M,21,M,H,DR
MSP - DFS,2019-0H3-008323,20191109,ATTLEBORO,MV,M,21,M,H,DR
MSP - DFS,2019-0B3-007362,20191109,SPRINGFIELD,520,F,22,M,H,PR
MSP - DFS,2019-0B3-007362,20191109,SPRINGFIELD,520,F,22,M,H,PR
MSP - DFS,2019-0B3-007362,20191109,SPRINGFIELD,520,F,22,M,H,PR
MSP - DFS,2019-0B3-007362,20191109,SPRINGFIELD,520,F,22,M,H,PR
MSP - DFS,2019-0B3-007362,20191109,SPRINGFIELD,520,F,22,M,H,PR
MSP - DFS,2019-0B3-007362,20191109,SPRINGFIELD,520,F,22,M,H,PR
MSP - DFS,2019-0A5-008228,20191109,CHELSEA,MV,M,22,M,H,DR
MSP - DFS,2019-0B3-007362,20191109,SPRINGFIELD,MV,M,22,M,H,PR
MSP - DFS,2019-0A5-008228,20191109,CHELSEA,MV,M,22,M,H,DR
MSP - DFS,2019-0C2-007917,20191109,SUTTON,90Z,W,24,M,H,PR
MSP - DFS,2019-0H3-008328,20191109,FOXBOROUGH,90D,M,25,F,W,ITAL
MSP - DFS,2019-0H3-008328,20191109,FOXBOROUGH,MV,M,25,F,W,ITAL
MSP - DFS,2019-0H3-008328,20191109,FOXBOROUGH,MV,O,25,F,W,ITAL
MSP - DFS,2019-0C4-005438,20191109,LEOMINSTER,90Z,W,27,M,H,PR
MSP - DFS,2019-0C4-005438,20191109,LEOMINSTER,MV,M,27,M,H,PR
MSP - DFS,2019-0A5-008217,20191109,LYNN,13A-13C,M,28,F,W,U
MSP - DFS,2019-0A5-008217,20191109,LYNN,90D,M,28,F,W,U
MSP - DFS,2019-0A5-008217,20191109,LYNN,MV,M,28,F,W,U
MSP - DFS,2019-0A5-008217,20191109,LYNN,MV,M,28,F,W,U
MSP - DFS,2019-0A5-008217,20191109,LYNN,MV,M,28,F,W,U
MSP - DFS,2019-0B3-007380,20191109,SPRINGFIELD,90Z,W,29,M,H,PR
MSP - DFS,2019-0B3-007380,20191109,SPRINGFIELD,MV,M,29,M,H,PR
MSP - DFS,2019-0B3-007380,20191109,SPRINGFIELD,MV,M,29,M,H,PR
MSP - DFS,2019-0B3-007380,20191109,SPRINGFIELD,MV,M,29,M,H,PR
MSP - DFS,2019-0B3-007380,20191109,SPRINGFIELD,MV,M,29,M,H,PR
MSP - DFS,2019-0B3-007380,20191109,SPRINGFIELD,MV,M,29,M,H,PR
MSP - DFS,2019-0B3-007380,20191109,SPRINGFIELD,MV,M,29,M,H,PR
MSP - DFS,2019-0C4-005423,20191109,LEOMINSTER,90D,M,30,F,H,PR
MSP - DFS,2019-0A4-009860,20191109,EVERETT,90Z,W,30,U,H,BRA
MSP - DFS,2019-0B3-007375,20191109,SPRINGFIELD,90Z,W,30,M,H,PR
MSP - DFS,2019-0A4-009860,20191109,EVERETT,MV,M,30,U,H,BRA
MSP - DFS,2019-0B3-007375,20191109,SPRINGFIELD,MV,M,30,M,H,PR
MSP - DFS,2019-0A4-009860,20191109,EVERETT,MV,M,30,U,H,BRA
MSP - DFS,2019-0C4-005423,20191109,LEOMINSTER,MV,M,30,F,H,PR
MSP - DFS,2019-0C6-007780,20191109,WORCESTER,90D,M,32,F,H,BRA
MSP - DFS,2019-0C6-007780,20191109,WORCESTER,MV,M,32,F,H,BRA
MSP - DFS,2019-0C6-007780,20191109,WORCESTER,MV,M,32,F,H,BRA
MSP - DFS,2019-0C6-007780,20191109,WORCESTER,MV,M,32,F,H,BRA
MSP - DFS,2019-0C6-007780,20191109,WORCESTER,MV,M,32,F,H,BRA
MSP - DFS,2019-0C6-007772,20191109,STERLING,90G,M,34,M,H,PR
MSP - DFS,2019-0C6-007772,20191109,STERLING,MV,M,34,M,H,PR
MSP - DFS,2019-0C6-007772,20191109,STERLING,MV,M,34,M,H,PR
MSP - DFS,2019-0C6-007772,20191109,STERLING,MV,M,34,M,H,PR
MSP - DFS,2019-0C4-005434,20191109,LEOMINSTER,90Z,W,35,M,H,PR
MSP - DFS,2019-0C4-005434,20191109,LEOMINSTER,90Z,W,35,M,H,PR
MSP - DFS,2019-0C4-005434,20191109,LEOMINSTER,MV,M,35,M,H,PR
MSP - DFS,2019-0H7-006560,20191109,RANDOLPH,520,F,42,M,B,JM
MSP - DFS,2019-0H7-006560,20191109,RANDOLPH,90D,M,42,M,B,JM
MSP - DFS,2019-0C6-007784,20191109,WORCESTER,90D,M,58,F,H,PR
MSP - DFS,2019-0C6-007784,20191109,WORCESTER,MV,M,58,F,H,PR
MSP - DFS,2019-0C6-007784,20191109,WORCESTER,MV,M,58,F,H,PR
MSP - DFS,2019-0H4-007878,20191110,BOSTON,90D,M,22,M,W,BRA
MSP - DFS,2019-0C6-007804,20191110,WORCESTER,90Z,W,23,M,H,DR
MSP - DFS,2019-0C6-007804,20191110,WORCESTER,90Z,W,23,M,H,DR
MSP - DFS,2019-0B3-007403,20191110,CHICOPEE,90Z,W,25,M,H,PR
MSP - DFS,2019-0A4-009880,20191110,EVERETT,90,M,25,F,W,U
MSP - DFS,2019-0A4-009880,20191110,EVERETT,13A-13B,F,25,F,W,U
MSP - DFS,2019-0A4-009880,20191110,EVERETT,90J,M,25,F,W,U
MSP - DFS,2019-0C4-005447,20191110,FITCHBURG,90D,M,27,F,H,PR
MSP - DFS,2019-0C4-005447,20191110,FITCHBURG,MV,M,27,F,H,PR
MSP - DFS,2019-0A5-008237,20191110,LYNN,MV,M,28,M,H,DR
MSP - DFS,2019-0A5-008237,20191110,LYNN,MV,M,28,M,H,DR
MSP - DFS,2019-0B3-007392,20191110,CHICOPEE,90,M,31,F,H,PR
MSP - DFS,2019-0B3-007392,20191110,CHICOPEE,290,O,31,F,H,PR
MSP - DFS,2019-0B3-007392,20191110,CHICOPEE,13A-13C,M,31,F,H,PR
MSP - DFS,2019-0B3-007392,20191110,CHICOPEE,35A,F,31,F,H,PR
MSP - DFS,2019-0B3-007412,20191110,SPRINGFIELD,90D,M,31,M,H,MM
MSP - DFS,2019-0B3-007412,20191110,SPRINGFIELD,90D,M,31,M,H,MM
MSP - DFS,2019-0B3-007392,20191110,CHICOPEE,90G,M,31,F,H,PR
MSP - DFS,2019-0B3-007392,20191110,CHICOPEE,C90C,M,31,F,H,PR
MSP - DFS,2019-0B3-007412,20191110,SPRINGFIELD,MV,M,31,M,H,MM
MSP - DFS,2019-0B3-007412,20191110,SPRINGFIELD,MV,M,31,M,H,MM
MSP - DFS,2019-0B3-007412,20191110,SPRINGFIELD,MV,M,31,M,H,MM
MSP - DFS,2019-0B3-007412,20191110,SPRINGFIELD,MV,M,31,M,H,MM
MSP - DFS,2019-0B3-007392,20191110,CHICOPEE,MV,M,31,F,H,PR
MSP - DFS,2019-0H7-006599,20191110,BOSTON,26A,M,36,M,B,JM
MSP - DFS,2019-0H7-006599,20191110,BOSTON,90Z,W,36,M,B,JM
MSP - DFS,2019-0H7-006599,20191110,BOSTON,MV,M,36,M,B,JM
MSP - DFS,2019-0H7-006599,20191110,BOSTON,MV,M,36,M,B,JM
MSP - DFS,2019-0H7-006599,20191110,BOSTON,MV,M,36,M,B,JM
MSP - DFS,2019-0H7-006599,20191110,BOSTON,MV,M,36,M,B,JM
MSP - DFS,2019-0H7-006599,20191110,BOSTON,MV,M,36,M,B,JM
MSP - DFS,2019-0H7-006599,20191110,BOSTON,MV,M,36,M,B,JM
MSP - DFS,2019-0H7-006599,20191110,BOSTON,MV,M,36,M,B,JM
MSP - DFS,2019-0A3-010531,20191110,ACTON,90J,M,37,M,H,PR
MSP - DFS,2019-0B4-006307,20191110,ADAMS,90Z,W,38,M,W,U
MSP - DFS,2019-0B4-006307,20191110,ADAMS,MV,M,38,M,W,U
MSP - DFS,2019-0B4-006307,20191110,ADAMS,MV,M,38,M,W,U
MSP - DFS,2019-0B3-007409,20191110,SPRINGFIELD,90Z,W,42,M,H,PR
MSP - DFS,2019-0D4-006650,20191110,BROCKTON,35A,F,51,M,H,U
MSP - DFS,2019-0D4-006650,20191110,BROCKTON,90D,M,51,M,H,U
MSP - DFS,2019-0D4-006650,20191110,BROCKTON,MV,M,51,M,H,U
MSP - DFS,2019-0D4-006650,20191110,BROCKTON,MV,M,51,M,H,U
MSP - DFS,2019-0D4-006650,20191110,BROCKTON,MV,M,51,M,H,U
MSP - DFS,2019-0D4-006650,20191110,BROCKTON,MV,M,51,M,H,U
MSP - DFS,2019-0C2-007977,20191111,MILLBURY,90D,M,25,M,B,JM
MSP - DFS,2019-0C2-007977,20191111,MILLBURY,MV,M,25,M,B,JM
MSP - DFS,2019-0A1-014002,20191111,LOWELL,MV,M,25,M,H,DR
MSP - DFS,2019-0A1-014002,20191111,LOWELL,MV,M,25,M,H,DR
MSP - DFS,2019-0H9-011617,20191111,BOSTON,90G,M,27,F,H,CB
MSP - DFS,2019-0D3-009473,20191111,NEW BEDFORD,90Z,W,27,M,H,PR
MSP - DFS,2019-0H9-011617,20191111,BOSTON,MV,M,27,F,H,CB
MSP - DFS,2019-0H9-011617,20191111,BOSTON,MV,M,27,F,H,CB
MSP - DFS,2019-0B3-007453,20191111,CHICOPEE,90Z,W,27,U,W,SY
MSP - DFS,2019-0A4-009929,20191111,MEDFORD,90Z,W,28,M,W,BRA
MSP - DFS,2019-0D2-005468,20191111,BARNSTABLE,90Z,W,30,M,W,BRA
MSP - DFS,2019-0D2-005468,20191111,BARNSTABLE,90Z,W,30,M,W,BRA
MSP - DFS,2019-0D2-005468,20191111,BARNSTABLE,MV,M,30,M,W,BRA
MSP - DFS,2019-0D2-005468,20191111,BARNSTABLE,MV,M,30,M,W,BRA
MSP - DFS,2019-0A5-008285,20191111,LYNN,90Z,W,39,M,W,FR
MSP - DFS,2019-0C6-007833,20191111,WORCESTER,90Z,W,43,M,H,PR
MSP - DFS,2019-0C6-007833,20191111,WORCESTER,MV,M,43,M,H,PR
MSP - DFS,2019-0H4-007927,20191111,ARLINGTON,90D,M,43,M,J,GR
MSP - DFS,2019-0H4-007927,20191111,ARLINGTON,MV,M,43,M,J,GR
MSP - DFS,2019-0C2-008002,20191111,HOPKINTON,MV,M,46,M,H,PR
MSP - DFS,2019-0C2-008002,20191111,HOPKINTON,MV,M,46,M,H,PR
MSP - DFS,2019-0C6-007844,20191112,WORCESTER,90Z,W,27,F,H,PR
MSP - DFS,2019-0H3-008379,20191112,CANTON,90D,M,28,F,B,HB
MSP - DFS,2019-0H3-008379,20191112,PLAINVILLE,90D,M,28,F,B,HB
MSP - DFS,2019-0H3-008379,20191112,CANTON,MV,M,28,F,B,HB
MSP - DFS,2019-0H3-008379,20191112,PLAINVILLE,MV,M,28,F,B,HB
MSP - DFS,2019-0H3-008379,20191112,CANTON,MV,M,28,F,B,HB
MSP - DFS,2019-0H3-008379,20191112,PLAINVILLE,MV,M,28,F,B,HB
MSP - DFS,2019-0A5-008308,20191112,CHELSEA,35A,F,28,M,H,DR
MSP - DFS,2019-0A5-008308,20191112,CHELSEA,35A,F,28,M,H,DR
MSP - DFS,2019-0A5-008308,20191112,CHELSEA,90Z,F,28,M,H,DR
MSP - DFS,2019-0H9-011647,20191112,BOSTON,90D,M,32,F,B,JM
MSP - DFS,2019-0H9-011647,20191112,BOSTON,MV,M,32,F,B,JM
MSP - DFS,2019-0H9-011647,20191112,BOSTON,MV,M,32,F,B,JM
MSP - DFS,2019-0H9-011647,20191112,BOSTON,MV,M,32,F,B,JM
MSP - DFS,2019-0H9-011647,20191112,BOSTON,MV,,32,F,B,JM
MSP - DFS,2019-0H9-011647,20191112,BOSTON,MV,M,32,F,B,JM
MSP - DFS,2019-0H9-011647,20191112,BOSTON,MV,M,32,F,B,JM
MSP - DFS,2019-0H3-008391,20191112,MANSFIELD,90Z,W,32,M,H,DR
MSP - DFS,2019-0H3-008391,20191112,MANSFIELD,90Z,W,32,M,H,DR
MSP - DFS,2019-0H7-006655,20191112,BOSTON,90,M,33,M,H,PR
MSP - DFS,2019-0H7-006655,20191112,BOSTON,13A,F,33,M,H,PR
MSP - DFS,2019-0H7-006655,20191112,BOSTON,13A-13B,F,33,M,H,PR
MSP - DFS,2019-0H7-006655,20191112,BOSTON,90Z,W,33,M,H,PR
MSP - DFS,2019-0D7-007137,20191112,MARION,90Z,W,34,M,H,PR
MSP - DFS,2019-0A5-008308,20191112,CHELSEA,35A,F,35,F,H,DR
MSP - DFS,2019-0A5-008308,20191112,CHELSEA,35A,F,35,F,H,DR
MSP - DFS,2019-0C5-004099,20191112,MILLBURY,35A,F,35,M,H,PR
MSP - DFS,2019-0C5-004099,20191112,MILLBURY,90Z,F,35,M,H,PR
MSP - DFS,2019-0A5-008308,20191112,CHELSEA,90Z,F,35,F,H,DR
MSP - DFS,2019-0D7-007137,20191112,MARION,90Z,W,41,M,H,PR
MSP - DFS,2019-0D7-007137,20191112,MARION,90Z,M,41,M,H,PR
MSP - DFS,2019-0A6-009736,20191112,BEVERLY,90Z,W,45,M,W,BRA
MSP - DFS,2019-0A6-009736,20191112,BEVERLY,90Z,W,45,M,W,BRA
MSP - DFS,2019-0A6-009736,20191112,BEVERLY,90Z,W,45,M,W,BRA
MSP - DFS,2019-0A6-009736,20191112,BEVERLY,90Z,W,45,M,W,BRA
MSP - DFS,2019-0A6-009736,20191112,BEVERLY,MV,M,45,M,W,BRA
MSP - DFS,2019-0A6-009736,20191112,BEVERLY,MV,M,45,M,W,BRA
MSP - DFS,2019-0A6-009736,20191112,BEVERLY,MV,M,45,M,W,BRA
MSP - DFS,2019-0A6-009736,20191112,BEVERLY,MV,O,45,M,W,BRA
MSP - DFS,2019-0A1-014041,20191112,LAWRENCE,35A,F,46,M,H,DR
MSP - DFS,2019-0A1-014041,20191112,LAWRENCE,35A,F,46,M,H,DR
MSP - DFS,2019-0H7-006668,20191113,CANTON,90Z,W,34,M,B,NG
MSP - DFS,2019-0H7-006673,20191113,BRAINTREE,90Z,W,38,M,B,HT
MSP - DFS,2019-0H7-006673,20191113,BRAINTREE,MV,M,38,M,B,HT
MSP - DFS,2019-0B3-007512,20191113,SPRINGFIELD,90Z,W,38,M,H,PR
MSP - DFS,2019-0A1-014078,20191113,METHUEN,250,M,40,M,H,DR
MSP - DFS,2019-0A1-014078,20191113,METHUEN,26A,M,40,M,H,DR
MSP - DFS,2019-0A1-014078,20191113,METHUEN,35A,F,40,M,H,DR
MSP - DFS,2019-0A1-014078,20191113,METHUEN,90Z,W,40,M,H,DR
MSP - DFS,2019-0A1-014078,20191113,METHUEN,90Z,W,40,M,H,DR
MSP - DFS,2019-0B6-010397,20191114,HOLYOKE,90Z,W,23,M,H,PR
MSP - DFS,2019-0CX-011803,20191114,STURBRIDGE,MV,M,23,M,H,DR
MSP - DFS,2019-0CX-011803,20191114,STURBRIDGE,MV,M,23,M,H,DR
MSP - DFS,2019-0CX-011803,20191114,STURBRIDGE,MV,M,23,M,H,DR
MSP - DFS,2019-0CX-011803,20191114,STURBRIDGE,MV,M,23,M,H,DR
MSP - DFS,2019-0CX-011803,20191114,STURBRIDGE,MV,M,23,M,H,DR
MSP - DFS,2019-0CX-011803,20191114,STURBRIDGE,MV,M,23,M,H,DR
MSP - DFS,2019-0CX-011803,20191114,STURBRIDGE,MV,M,23,M,H,DR
MSP - DFS,2019-0B3-007545,20191114,SPRINGFIELD,MV,M,32,M,H,PR
MSP - DFS,2019-0B3-007545,20191114,SPRINGFIELD,MV,M,32,M,H,PR
MSP - DFS,2019-0CX-011803,20191114,STURBRIDGE,35A,F,36,M,H,DR
MSP - DFS,2019-0B1-005265,20191114,GREAT BARRINGTON,MV,M,38,M,W,IRE
MSP - DFS,2019-0B1-005265,20191114,GREAT BARRINGTON,MV,M,38,M,W,IRE
MSP - DFS,2019-0B1-005265,20191114,GREAT BARRINGTON,MV,M,38,M,W,IRE
MSP - DFS,2019-0H2-008167,20191114,WESTWOOD,MV,M,44,M,W,U
MSP - DFS,2019-0H7-006703,20191114,AVON,520,F,49,M,B,JM
MSP - DFS,2019-0H7-006703,20191114,AVON,520,F,49,M,B,JM
MSP - DFS,2019-0H7-006703,20191114,AVON,520,F,49,M,B,JM
MSP - DFS,2019-0H7-006703,20191114,AVON,520,F,49,M,B,JM
MSP - DFS,2019-0H7-006703,20191114,AVON,520,F,49,M,B,JM
MSP - DFS,2019-0H7-006703,20191114,AVON,90Z,O,49,M,B,JM
MSP - DFS,2019-0H7-006703,20191114,AVON,MV,M,49,M,B,JM
MSP - DFS,2019-0H7-006703,20191114,AVON,MV,M,49,M,B,JM
MSP - DFS,2019-0H7-006703,20191114,AVON,MV,M,49,M,B,JM
MSP - DFS,2019-0H7-006703,20191114,AVON,MV,M,49,M,B,JM
MSP - DFS,2019-0H7-006703,20191114,AVON,MV,M,49,M,B,JM
MSP - DFS,2019-0H7-006703,20191114,AVON,MV,M,49,M,B,JM
MSP - DFS,2019-0A3-010674,20191115,BURLINGTON,90Z,W,24,M,H,DR
MSP - DFS,2019-0A3-010674,20191115,BURLINGTON,90Z,W,24,M,H,DR
MSP - DFS,2019-0A3-010674,20191115,BURLINGTON,90Z,W,24,M,H,DR
MSP - DFS,2019-0A3-010674,20191115,BURLINGTON,90Z,W,24,M,H,DR
MSP - DFS,2019-0A3-010674,20191115,BURLINGTON,MV,M,24,M,H,DR
MSP - DFS,2019-0A3-010674,20191115,BURLINGTON,MV,M,24,M,H,DR
MSP - DFS,2019-0C7-008485,20191115,WARE,MV,M,26,M,H,PR
MSP - DFS,2019-0C7-008485,20191115,WARE,MV,O,26,M,H,PR
MSP - DFS,2019-0H8-007486,20191115,WESTON,,,31,M,W,VM
MSP - DFS,2019-0H8-007486,20191115,WESTON,90D,M,31,M,W,VM
MSP - DFS,2019-0H8-007486,20191115,WESTON,MV,M,31,M,W,VM
MSP - DFS,2019-0H2-008209,20191116,FRAMINGHAM,520,F,24,M,B,JM
MSP - DFS,2019-0H2-008209,20191116,FRAMINGHAM,520,F,24,M,B,JM
MSP - DFS,2019-0H2-008209,20191116,FRAMINGHAM,520,F,24,M,B,JM
MSP - DFS,2019-0H2-008209,20191116,FRAMINGHAM,"250,520",F,24,M,B,JM
MSP - DFS,2019-0H2-008209,20191116,FRAMINGHAM,"520,250",F,24,M,B,JM
MSP - DFS,2019-0H2-008209,20191116,FRAMINGHAM,90D,M,24,M,B,JM
MSP - DFS,2019-0H2-008209,20191116,FRAMINGHAM,90G,M,24,M,B,JM
MSP - DFS,2019-0H2-008209,20191116,FRAMINGHAM,MV,M,24,M,B,JM
MSP - DFS,2019-0H2-008209,20191116,FRAMINGHAM,520,F,25,M,W,BRA
MSP - DFS,2019-0H2-008209,20191116,FRAMINGHAM,520,F,25,M,W,BRA
MSP - DFS,2019-0H2-008209,20191116,FRAMINGHAM,520,F,25,M,W,BRA
MSP - DFS,2019-0H2-008209,20191116,FRAMINGHAM,"250,520",F,25,M,W,BRA
MSP - DFS,2019-0H2-008209,20191116,FRAMINGHAM,"520,250",F,25,M,W,BRA
MSP - DFS,2019-0H2-008209,20191116,FRAMINGHAM,90G,M,25,M,W,BRA
MSP - DFS,2019-0D6-000782,20191116,NANTUCKET,MV,M,26,M,H,DR
MSP - DFS,2019-0D6-000782,20191116,NANTUCKET,MV,M,26,M,H,DR
MSP - DFS,2019-0A6-009900,20191116,READING,90D,M,27,F,H,U
MSP - DFS,2019-0B3-007598,20191116,SPRINGFIELD,90Z,W,27,M,H,PR
MSP - DFS,2019-0B3-007598,20191116,SPRINGFIELD,90Z,W,27,M,H,PR
MSP - DFS,2019-0B3-007598,20191116,SPRINGFIELD,90Z,W,27,M,H,PR
MSP - DFS,2019-0A6-009900,20191116,READING,MV,M,27,F,H,U
MSP - DFS,2019-0A6-009900,20191116,READING,MV,M,27,F,H,U
MSP - DFS,2019-0A6-009900,20191116,READING,MV,M,27,F,H,U
MSP - DFS,2019-0A5-008410,20191116,LYNN,90Z,F,28,M,H,DR
MSP - DFS,2019-0A5-008410,20191116,LYNN,35A,F,29,M,H,DR
MSP - DFS,2019-0A5-008410,20191116,LYNN,90Z,F,29,M,H,DR
MSP - DFS,2019-0A5-008410,20191116,LYNN,MV,M,29,M,H,DR
MSP - DFS,2019-0B1-005291,20191116,LENOX,MV,M,31,M,H,BRA
MSP - DFS,2019-0B1-005291,20191116,LENOX,MV,,31,M,H,BRA
MSP - DFS,2019-0C4-005563,20191116,MARLBOROUGH,MV,M,38,M,W,BRA
MSP - DFS,2019-0C4-005563,20191116,MARLBOROUGH,MV,M,38,M,W,BRA
MSP - DFS,2019-0C4-005563,20191116,MARLBOROUGH,MV,M,38,M,W,BRA
MSP - DFS,2019-0D3-009631,20191116,FREETOWN,90D,M,48,M,W,BRA
MSP - DFS,2019-0D3-009631,20191116,FREETOWN,MV,M,48,M,W,BRA
MSP - DFS,2019-0D3-009631,20191116,FREETOWN,MV,M,48,M,W,BRA
MSP - DFS,2019-0H8-007542,20191117,WESTON,90D,M,25,M,H,BRA
MSP - DFS,2019-0H8-007542,20191117,WESTON,90D,M,25,M,H,BRA
MSP - DFS,2019-0H8-007542,20191117,WESTON,MV,M,25,M,H,BRA
MSP - DFS,2019-0H8-007541,20191117,NATICK,90D,M,27,M,W,BRA
MSP - DFS,2019-0H8-007541,20191117,NATICK,90D,M,27,M,W,BRA
MSP - DFS,2019-0H8-007541,20191117,NATICK,MV,M,27,M,W,BRA
MSP - DFS,2019-0C5-004205,20191117,STURBRIDGE,90Z,W,33,M,H,PR
MSP - DFS,2019-0C5-004205,20191117,STURBRIDGE,MV,M,33,M,H,PR
MSP - DFS,2019-0C5-004205,20191117,STURBRIDGE,MV,M,33,M,H,PR
MSP - DFS,2019-0C5-004198,20191117,STURBRIDGE,90Z,W,38,M,H,DR
MSP - DFS,2019-0CX-011923,20191117,CHARLTON,280,F,44,M,H,PR
MSP - DFS,2019-0CX-011923,20191117,CHARLTON,35A,F,44,M,H,PR
MSP - DFS,2019-0CX-011923,20191117,CHARLTON,35A,F,44,M,H,PR
MSP - DFS,2019-0CX-011923,20191117,CHARLTON,90Z,W,44,M,H,PR
MSP - DFS,2019-0CX-011923,20191117,CHARLTON,90Z,W,44,M,H,PR
MSP - DFS,2019-0CX-011923,20191117,CHARLTON,90Z,F,44,M,H,PR
MSP - DFS,2019-0CX-011923,20191117,CHARLTON,280,F,45,M,H,PR
MSP - DFS,2019-0CX-011923,20191117,CHARLTON,90Z,F,45,M,H,PR
MSP - DFS,2019-0CX-011923,20191117,CHARLTON,MV,M,45,M,H,PR
MSP - DFS,2019-0H8-007540,20191117,WESTON,MV,M,51,M,H,BRA
MSP - DFS,2019-0H8-007540,20191117,WESTON,MV,M,51,M,H,BRA
MSP - DFS,2019-0CX-011923,20191117,CHARLTON,280,F,53,M,H,PR
MSP - DFS,2019-0A3-010756,20191117,CHELMSFORD,90D,M,53,F,H,PR
MSP - DFS,2019-0CX-011923,20191117,CHARLTON,90Z,F,53,M,H,PR
MSP - DFS,2019-0A3-010756,20191117,CHELMSFORD,MV,M,53,F,H,PR
MSP - DFS,2019-0A3-010756,20191117,CHELMSFORD,MV,M,53,F,H,PR
MSP - DFS,2019-0A3-010789,20191117,BEDFORD,90D,M,57,M,B,HT
MSP - DFS,2019-0A3-010789,20191117,BEDFORD,90G,M,57,M,B,HT
MSP - DFS,2019-0A3-010789,20191117,BEDFORD,MV,M,57,M,B,HT
MSP - DFS,2019-0A3-010789,20191117,BEDFORD,MV,M,57,M,B,HT
MSP - DFS,2019-0A3-010789,20191117,BEDFORD,MV,M,57,M,B,HT
MSP - DFS,2019-0A3-010789,20191117,BEDFORD,MV,M,57,M,B,HT
MSP - DFS,2019-0A6-009941,20191117,DANVERS,"520,35A",F,57,M,H,MM
MSP - DFS,2019-0A6-009941,20191117,DANVERS,90D,M,57,M,H,MM
MSP - DFS,2019-0A6-009941,20191117,DANVERS,MV,M,57,M,H,MM
MSP - DFS,2019-0D3-009694,20191118,NEW BEDFORD,90Z,W,19,M,H,HB
MSP - DFS,2019-0B2-006597,20191118,SHELBURNE,520,F,22,M,J,EY
MSP - DFS,2019-0B2-006597,20191118,SHELBURNE,MV,M,22,M,J,EY
MSP - DFS,2019-0B2-006597,20191118,SHELBURNE,MV,M,22,M,J,EY
MSP - DFS,2019-0D4-006863,20191118,BROCKTON,90Z,W,25,F,W,U
MSP - DFS,2019-0H4-008135,20191118,BOSTON,90D,M,29,M,O,THAI
MSP - DFS,2019-0H4-008135,20191118,BOSTON,MV,M,29,M,O,THAI
MSP - DFS,2019-0H4-008135,20191118,BOSTON,MV,M,29,M,O,THAI
MSP - DFS,2019-0C4-005584,20191118,HARVARD,90Z,W,31,M,O,CN
MSP - DFS,2019-0A6-009964,20191118,WAKEFIELD,90D,M,32,M,W,BRA
MSP - DFS,2019-0A6-009964,20191118,WAKEFIELD,MV,M,32,M,W,BRA
MSP - DFS,2019-0H2-008272,20191118,FRAMINGHAM,90D,M,35,M,H,BRA
MSP - DFS,2019-0H2-008272,20191118,FRAMINGHAM,MV,M,35,M,H,BRA
MSP - DFS,2019-0H2-008272,20191118,FRAMINGHAM,MV,M,35,M,H,BRA
MSP - DFS,2019-0A4-010097,20191118,EVERETT,90,M,42,M,W,IRE
MSP - DFS,2019-0A4-010097,20191118,EVERETT,13A or 13B,M,42,M,W,IRE
MSP - DFS,2019-0A4-010097,20191118,EVERETT,13A-13C,M,42,M,W,IRE
MSP - DFS,2019-0D4-006834,20191118,TAUNTON,90D,M,50,M,H,PR
MSP - DFS,2019-0D4-006834,20191118,TAUNTON,MV,M,50,M,H,PR
MSP - DFS,2019-0D4-006834,20191118,TAUNTON,MV,M,50,M,H,PR
MSP - DFS,2019-0A5-008475,20191118,REVERE,90D,M,64,F,W,IRE
MSP - DFS,2019-0A5-008475,20191118,REVERE,MV,M,64,F,W,IRE
MSP - DFS,2019-0A2-007552,20191119,AMESBURY,MV,M,21,M,W,PR
MSP - DFS,2019-0A2-007552,20191119,AMESBURY,MV,M,21,M,W,PR
MSP - DFS,2019-0A2-007552,20191119,AMESBURY,MV,M,21,M,W,PR
MSP - DFS,2019-0H9-011919,20191119,BOSTON,90D,M,22,M,O,CN
MSP - DFS,2019-0H9-011919,20191119,BOSTON,MV,M,22,M,O,CN
MSP - DFS,2019-0H9-011919,20191119,BOSTON,MV,M,22,M,O,CN
MSP - DFS,2019-0C4-005604,20191119,LANCASTER,90Z,W,22,M,H,U
MSP - DFS,2019-0B5-004924,20191119,WESTFIELD,90Z,W,22,M,H,PR
MSP - DFS,2019-0C4-005604,20191119,LANCASTER,MV,M,22,M,H,U
MSP - DFS,2019-0C4-005604,20191119,LANCASTER,MV,M,22,M,H,U
MSP - DFS,2019-0C4-005604,20191119,LANCASTER,MV,M,22,M,H,U
MSP - DFS,2019-0C4-005604,20191119,LANCASTER,MV,M,22,M,H,U
MSP - DFS,2019-0C4-005604,20191119,LANCASTER,MV,M,22,M,H,U
MSP - DFS,2019-0B5-004924,20191119,WESTFIELD,MV,M,22,M,H,PR
MSP - DFS,2019-0B5-004924,20191119,WESTFIELD,MV,M,22,M,H,PR
MSP - DFS,2019-0C2-008205,20191119,WORCESTER,90Z,W,28,M,B,HT
MSP - DFS,2019-0C2-008205,20191119,WORCESTER,MV,M,28,M,B,HT
MSP - DFS,2019-0C2-008205,20191119,WORCESTER,MV,M,28,M,B,HT
MSP - DFS,2019-0C4-005610,20191119,LITTLETON,MV,M,31,M,H,PR
MSP - DFS,2019-0H4-008193,20191119,BOSTON,90Z,W,55,M,H,PR
MSP - DFS,2019-0H4-008193,20191119,BOSTON,MV,M,55,M,H,PR
MSP - DFS,2019-0H4-008193,20191119,BOSTON,MV,M,55,M,H,PR
MSP - DFS,2019-0H4-008214,20191120,BOSTON,90Z,W,22,U,J,AMI
MSP - DFS,2019-0C4-005621,20191120,FRAMINGHAM,90Z,W,22,U,W,BRA
MSP - DFS,2019-0C4-005621,20191120,FRAMINGHAM,MV,M,22,U,W,BRA
MSP - DFS,2019-0C4-005621,20191120,FRAMINGHAM,MV,O,22,U,W,BRA
MSP - DFS,2019-0H2-008328,20191120,CANTON,35A,F,29,M,H,U
MSP - DFS,2019-0B3-007706,20191120,SPRINGFIELD,90Z,W,29,M,H,PR
MSP - DFS,2019-0H9-011947,20191120,BOSTON,MV,M,29,M,H,MM
MSP - DFS,2019-0B3-007706,20191120,SPRINGFIELD,MV,M,29,M,H,PR
MSP - DFS,2019-0B3-007706,20191120,SPRINGFIELD,MV,M,29,M,H,PR
MSP - DFS,2019-0H2-008328,20191120,CANTON,MV,M,29,M,H,U
MSP - DFS,2019-0H9-011947,20191120,BOSTON,MV,M,29,M,H,MM
MSP - DFS,2019-0H2-008328,20191120,CANTON,MV,M,29,M,H,U
MSP - DFS,2019-0C6-008086,20191120,WORCESTER,MV,M,30,F,W,IRE
MSP - DFS,2019-0C6-008086,20191120,WORCESTER,MV,M,30,F,W,IRE
MSP - DFS,2019-0C6-008086,20191120,WORCESTER,MV,M,30,F,W,IRE
MSP - DFS,2019-0C6-008086,20191120,WORCESTER,MV,M,30,F,W,IRE
MSP - DFS,2019-0A1-014340,20191120,WILMINGTON,MV,M,37,M,H,PR
MSP - DFS,2019-0A1-014340,20191120,WILMINGTON,MV,M,37,M,H,PR
MSP - DFS,2019-0F1-061604,20191120,BOSTON,90Z,M,40,M,H,DR
MSP - DFS,2019-0A5-008538,20191121,LYNN,90Z,W,22,M,B,HT
MSP - DFS,2019-0A6-010123,20191121,DANVERS,90Z,W,27,M,H,DR
MSP - DFS,2019-0A6-010123,20191121,DANVERS,MV,M,27,M,H,DR
MSP - DFS,2019-0C4-005642,20191121,LEOMINSTER,90Z,W,29,M,H,PR
MSP - DFS,2019-0C4-005642,20191121,LEOMINSTER,MV,M,29,M,H,PR
MSP - DFS,2019-0H4-008278,20191121,BOSTON,90D,M,38,M,H,PR
MSP - DFS,2019-0H4-008278,20191121,BOSTON,MV,M,38,M,H,PR
MSP - DFS,2019-0H3-008707,20191121,WRENTHAM,90D,M,42,F,H,PR
MSP - DFS,2019-0H3-008707,20191121,WRENTHAM,MV,M,42,F,H,PR
MSP - DFS,2019-0H3-008707,20191121,WRENTHAM,MV,M,42,F,H,PR
MSP - DFS,2019-0D7-007411,20191121,BOURNE,90J,F,43,M,H,MM
MSP - DFS,2019-0H7-006916,20191121,BROCKTON,90D,M,55,M,B,HT
MSP - DFS,2019-0H7-006916,20191121,BROCKTON,MV,M,55,M,B,HT
MSP - DFS,2019-0H7-006916,20191121,BROCKTON,MV,M,55,M,B,HT
MSP - DFS,2019-0B8-006598,20191121,CHICOPEE,90Z,W,59,M,H,PR
MSP - DFS,2019-0B8-006598,20191121,CHICOPEE,90Z,W,59,M,H,PR
MSP - DFS,2019-0F1-062051,20191122,BOSTON,90Z,W,24,M,B,HT
MSP - DFS,2019-0D2-005676,20191122,YARMOUTH,MV,M,31,M,W,BRA
MSP - DFS,2019-0D2-005676,20191122,YARMOUTH,MV,M,31,M,W,BRA
MSP - DFS,2019-0H8-007653,20191122,BOSTON,90D,F,45,M,H,PR
MSP - DFS,2019-0H8-007653,20191122,BOSTON,90G,M,45,M,H,PR
MSP - DFS,2019-0H8-007653,20191122,BOSTON,MV,M,45,M,H,PR
MSP - DFS,2019-0H8-007653,20191122,BOSTON,MV,M,45,M,H,PR
MSP - DFS,2019-0A3-010941,20191122,LEXINGTON,35A,F,50,M,H,MM
MSP - DFS,2019-0A3-010941,20191122,LEXINGTON,MV,M,50,M,H,MM
MSP - DFS,2019-0A3-010941,20191122,LEXINGTON,MV,M,50,M,H,MM
MSP - DFS,2019-0H6-008429,20191123,BOSTON,90Z,W,20,M,H,PR
MSP - DFS,2019-0A6-010212,20191123,LYNN,90Z,W,22,M,H,DR
MSP - DFS,2019-0A6-010212,20191123,LYNN,90Z,W,22,M,H,DR
MSP - DFS,2019-0A6-010212,20191123,LYNN,MV,M,22,M,H,DR
MSP - DFS,2019-0A6-010212,20191123,LYNN,MV,M,22,M,H,DR
MSP - DFS,2019-0A6-010212,20191123,LYNN,MV,,22,M,H,DR
MSP - DFS,2019-0A6-010212,20191123,LYNN,MV,M,22,M,H,DR
MSP - DFS,2019-0C6-008154,20191123,AUBURN,90D,M,23,M,H,PR
MSP - DFS,2019-0C6-008154,20191123,AUBURN,MV,M,23,M,H,PR
MSP - DFS,2019-0C6-008154,20191123,AUBURN,MV,M,23,M,H,PR
MSP - DFS,2019-0C6-008154,20191123,AUBURN,MV,M,23,M,H,PR
MSP - DFS,2019-0D3-009850,20191123,FALL RIVER,90Z,W,24,M,W,U
MSP - DFS,2019-0D3-009850,20191123,FALL RIVER,90Z,W,24,M,W,U
MSP - DFS,2019-0D4-006990,20191123,BRIDGEWATER,90Z,W,30,M,W,IRE
MSP - DFS,2019-0D4-006990,20191123,BRIDGEWATER,90Z,W,30,M,W,IRE
MSP - DFS,2019-0D4-006990,20191123,BRIDGEWATER,90Z,W,30,M,W,IRE
MSP - DFS,2019-0D4-006990,20191123,BRIDGEWATER,90Z,W,30,M,W,IRE
MSP - DFS,2019-0D4-006990,20191123,BRIDGEWATER,90Z,W,30,M,W,IRE
MSP - DFS,2019-0D4-006990,20191123,BRIDGEWATER,MV,M,30,M,W,IRE
MSP - DFS,2019-0H9-012102,20191123,BOSTON,MV,M,37,M,I,AMI
MSP - DFS,2019-0H9-012102,20191123,BOSTON,MV,M,37,M,I,AMI
MSP - DFS,2019-0C4-005683,20191123,MARLBOROUGH,90D,M,41,M,H,DR
MSP - DFS,2019-0C4-005683,20191123,MARLBOROUGH,MV,M,41,M,H,DR
MSP - DFS,2019-0C4-005683,20191123,MARLBOROUGH,MV,M,41,M,H,DR
MSP - DFS,2019-0A2-007657,20191123,HAVERHILL,90D,M,41,M,U,LE
MSP - DFS,2019-0A2-007657,20191123,HAVERHILL,MV,M,41,M,U,LE
MSP - DFS,2019-GEU-003176,20191123,PLAINVILLE,90D,M,53,F,W,EN
MSP - DFS,2019-GEU-003176,20191123,PLAINVILLE,90D,M,53,F,W,EN
MSP - DFS,2019-0D2-005717,20191123,BARNSTABLE,90D,M,55,M,W,U
MSP - DFS,2019-0D2-005717,20191123,BARNSTABLE,90D,M,55,M,W,U
MSP - DFS,2019-0D2-005717,20191123,BARNSTABLE,MV,M,55,M,W,U
MSP - DFS,2019-0D2-005717,20191123,BARNSTABLE,MV,M,55,M,W,U
MSP - DFS,2019-0H8-007680,20191123,FRAMINGHAM,MV,M,68,M,H,CC
MSP - DFS,2019-0H8-007680,20191123,FRAMINGHAM,MV,M,68,M,H,CC
MSP - DFS,2019-0C6-008188,20191124,WORCESTER,90Z,W,22,M,H,DR
MSP - DFS,2019-0C6-008188,20191124,WORCESTER,MV,M,22,M,H,DR
MSP - DFS,2019-0C6-008188,20191124,WORCESTER,MV,M,22,M,H,DR
MSP - DFS,2019-0H7-006970,20191124,DEDHAM,90D,M,23,M,H,BRA
MSP - DFS,2019-0H7-006970,20191124,DEDHAM,MV,M,23,M,H,BRA
MSP - DFS,2019-0H7-006970,20191124,DEDHAM,MV,M,23,M,H,BRA
MSP - DFS,2019-0H7-006970,20191124,DEDHAM,MV,M,23,M,H,BRA
MSP - DFS,2019-0B3-007804,20191124,SPRINGFIELD,90Z,W,31,M,H,PR
MSP - DFS,2019-0B3-007804,20191124,SPRINGFIELD,90Z,W,31,M,H,PR
MSP - DFS,2019-0B3-007804,20191124,SPRINGFIELD,MV,M,31,M,H,PR
MSP - DFS,2019-0B3-007804,20191124,SPRINGFIELD,MV,M,31,M,H,PR
MSP - DFS,2019-0B3-007804,20191124,SPRINGFIELD,MV,M,31,M,H,PR
MSP - DFS,2019-0B3-007804,20191124,SPRINGFIELD,MV,M,31,M,H,PR
MSP - DFS,2019-0B3-007804,20191124,SPRINGFIELD,MV,M,31,M,H,PR
MSP - DFS,2019-0B3-007804,20191124,SPRINGFIELD,MV,M,31,M,H,PR
MSP - DFS,2019-0B3-007804,20191124,SPRINGFIELD,MV,M,31,M,H,PR
MSP - DFS,2019-0B3-007804,20191124,SPRINGFIELD,MV,M,31,M,H,PR
MSP - DFS,2019-0C2-008326,20191124,WORCESTER,90D,M,32,M,J,EY
MSP - DFS,2019-0C2-008326,20191124,WORCESTER,MV,M,32,M,J,EY
MSP - DFS,2019-0H4-008344,20191124,CAMBRIDGE,90D,M,36,M,H,DR
MSP - DFS,2019-0H4-008344,20191124,CAMBRIDGE,MV,M,36,M,H,DR
MSP - DFS,2019-0H4-008344,20191124,CAMBRIDGE,MV,M,36,M,H,DR
MSP - DFS,2019-0D3-009879,20191124,NEW BEDFORD,90Z,W,37,M,W,IRE
MSP - DFS,2019-0D3-009879,20191124,NEW BEDFORD,90Z,W,37,M,W,IRE
MSP - DFS,2019-0CX-012148,20191124,HOPKINTON,90D,M,45,F,W,SX
MSP - DFS,2019-0CX-012148,20191124,HOPKINTON,90G,M,45,F,W,SX
MSP - DFS,2019-0CX-012148,20191124,HOPKINTON,MV,M,45,F,W,SX
MSP - DFS,2019-0A1-014498,20191124,ANDOVER,90D,M,53,M,H,PR
MSP - DFS,2019-0A1-014498,20191124,ANDOVER,90D,M,53,M,H,PR
MSP - DFS,2019-0A1-014498,20191124,ANDOVER,MV,M,53,M,H,PR
MSP - DFS,2019-0A1-014498,20191124,ANDOVER,MV,M,53,M,H,PR
MSP - DFS,2019-0H4-008351,20191124,BOSTON,90Z,W,59,M,H,BRA
MSP - DFS,2019-0H4-008351,20191124,BOSTON,MV,M,59,M,H,BRA
MSP - DFS,2019-0H4-008380,20191125,BOSTON,35A,M,20,M,B,HT
MSP - DFS,2019-0H4-008380,20191125,BOSTON,35A,M,20,M,B,HT
MSP - DFS,2019-0H4-008380,20191125,BOSTON,35A,F,20,M,B,HT
MSP - DFS,2019-0A1-014576,20191125,LAWRENCE,MV,M,22,M,H,DR
MSP - DFS,2019-0A1-014576,20191125,LAWRENCE,MV,M,22,M,H,DR
MSP - DFS,2019-0A1-014576,20191125,LAWRENCE,MV,M,22,M,H,DR
MSP - DFS,2019-0A1-014576,20191125,LAWRENCE,MV,M,22,M,H,DR
MSP - DFS,2019-0A1-014576,20191125,LAWRENCE,MV,M,22,M,H,DR
MSP - DFS,2019-0A1-014576,20191125,LAWRENCE,MV,M,22,M,H,DR
MSP - DFS,2019-0H7-007000,20191125,BROCKTON,90Z,W,24,M,H,DR
MSP - DFS,2019-0H7-007000,20191125,BROCKTON,MV,M,24,M,H,DR
MSP - DFS,2019-0H7-007000,20191125,BROCKTON,MV,M,24,M,H,DR
MSP - DFS,2019-0H7-007000,20191125,BROCKTON,MV,M,24,M,H,DR
MSP - DFS,2019-0H7-007000,20191125,BROCKTON,MV,M,24,M,H,DR
MSP - DFS,2019-0H4-008380,20191125,BOSTON,MV,M,27,M,B,HT
MSP - DFS,2019-0H4-008380,20191125,BOSTON,MV,M,27,M,B,HT
MSP - DFS,2019-0H4-008380,20191125,BOSTON,MV,O,27,M,B,HT
MSP - DFS,2019-0C2-008342,20191125,MILFORD,90D,M,35,M,H,BRA
MSP - DFS,2019-0C2-008342,20191125,MILFORD,MV,M,35,M,H,BRA
MSP - DFS,2019-0C2-008342,20191125,MILFORD,MV,M,35,M,H,BRA
MSP - DFS,2019-0C2-008342,20191125,MILFORD,MV,M,35,M,H,BRA
MSP - DFS,2019-0B3-007809,20191125,SPRINGFIELD,35A,F,39,M,H,MM
MSP - DFS,2019-0B3-007809,20191125,SPRINGFIELD,90D,M,39,M,H,MM
MSP - DFS,2019-0B3-007809,20191125,SPRINGFIELD,90D,M,39,M,H,MM
MSP - DFS,2019-0B3-007809,20191125,SPRINGFIELD,90G,M,39,M,H,MM
MSP - DFS,2019-0B3-007809,20191125,SPRINGFIELD,MV,M,39,M,H,MM
MSP - DFS,2019-0D4-007078,20191126,TAUNTON,520,F,21,M,B,HT
MSP - DFS,2019-0D4-007078,20191126,TAUNTON,520,F,21,M,B,HT
MSP - DFS,2019-0D4-007078,20191126,TAUNTON,520,F,21,M,B,HT
MSP - DFS,2019-0D4-007078,20191126,TAUNTON,35A,F,21,M,B,HT
MSP - DFS,2019-0D4-007078,20191126,TAUNTON,35A,F,21,M,B,HT
MSP - DFS,2019-0D4-007078,20191126,TAUNTON,90Z,F,21,M,B,HT
MSP - DFS,2019-0H4-008407,20191126,BOSTON,90Z,W,23,M,H,PR
MSP - DFS,2019-0D4-007078,20191126,TAUNTON,520,F,24,M,B,HT
MSP - DFS,2019-0D4-007078,20191126,TAUNTON,35A,F,24,M,B,HT
MSP - DFS,2019-0D4-007078,20191126,TAUNTON,90Z,F,24,M,B,HT
MSP - DFS,2019-0D7-007572,20191126,WAREHAM,35A,F,25,M,W,GR
MSP - DFS,2019-0D7-007572,20191126,WAREHAM,35A,F,25,M,W,GR
MSP - DFS,2019-0D7-007572,20191126,WAREHAM,90G,M,25,M,W,GR
MSP - DFS,2019-0D7-007572,20191126,WAREHAM,MV,M,25,M,W,GR
MSP - DFS,2019-0C9-004183,20191126,AYER,90Z,W,30,M,W,ITAL
MSP - DFS,2019-0C4-005753,20191126,FITCHBURG,90Z,W,35,F,H,PR
MSP - DFS,2019-0C2-008370,20191126,WORCESTER,MV,M,38,M,H,PR
MSP - DFS,2019-0C2-008370,20191126,WORCESTER,MV,M,38,M,H,PR
MSP - DFS,2019-0H9-012171,20191126,BOSTON,90D,M,39,F,H,PR
MSP - DFS,2019-0H9-012171,20191126,BOSTON,90D,M,39,F,H,PR
MSP - DFS,2019-0H9-012171,20191126,BOSTON,90Z,W,39,F,H,PR
MSP - DFS,2019-0H9-012171,20191126,BOSTON,MV,M,39,F,H,PR
MSP - DFS,2019-0H9-012171,20191126,BOSTON,MV,M,39,F,H,PR
MSP - DFS,2019-0H9-012171,20191126,BOSTON,MV,M,39,F,H,PR
MSP - DFS,2019-0H6-008530,20191126,BOSTON,90Z,W,50,M,H,PR
MSP - DFS,2019-0H6-008530,20191126,BOSTON,90Z,W,50,M,H,PR
MSP - DFS,2019-0H6-008530,20191126,BOSTON,90Z,W,50,M,H,PR
MSP - DFS,2019-0H6-008530,20191126,BOSTON,90Z,W,50,M,H,PR
MSP - DFS,2019-0H6-008530,20191126,BOSTON,90Z,W,50,M,H,PR
MSP - DFS,2019-0A6-010287,20191126,BEVERLY,90Z,W,50,M,W,BRA
MSP - DFS,2019-0CX-012246,20191126,CHARLTON,90J,M,51,M,W,G
MSP - DFS,2019-0F1-062969,20191126,BOSTON,90Z,W,59,M,B,NG
MSP - DFS,2019-0D4-007119,20191127,BROCKTON,90Z,W,24,F,W,BRA
MSP - DFS,2019-0D4-007119,20191127,BROCKTON,90Z,W,24,F,W,BRA
MSP - DFS,2019-0D4-007119,20191127,BROCKTON,90Z,W,24,F,W,BRA
MSP - DFS,2019-0D4-007119,20191127,BROCKTON,90Z,W,24,F,W,BRA
MSP - DFS,2019-0B3-007864,20191127,LONGMEADOW,90D,M,29,M,O,THAI
MSP - DFS,2019-0B3-007864,20191127,LONGMEADOW,90G,M,29,M,O,THAI
MSP - DFS,2019-0B3-007864,20191127,LONGMEADOW,MV,M,29,M,O,THAI
MSP - DFS,2019-0B3-007864,20191127,LONGMEADOW,MV,M,29,M,O,THAI
MSP - DFS,2019-0H4-008471,20191127,BOSTON,35A,M,29,M,W,BRA
MSP - DFS,2019-0H4-008471,20191127,BOSTON,90D,M,29,M,W,BRA
MSP - DFS,2019-0H4-008471,20191127,BOSTON,90D,M,29,M,W,BRA
MSP - DFS,2019-0H4-008471,20191127,BOSTON,90G,M,29,M,W,BRA
MSP - DFS,2019-0H4-008471,20191127,BOSTON,90Z,W,29,M,W,BRA
MSP - DFS,2019-0H4-008471,20191127,BOSTON,90Z,W,29,M,W,BRA
MSP - DFS,2019-0H4-008471,20191127,BOSTON,90Z,W,29,M,W,BRA
MSP - DFS,2019-0H4-008471,20191127,BOSTON,MV,M,29,M,W,BRA
MSP - DFS,2019-0H4-008471,20191127,BOSTON,MV,M,29,M,W,BRA
MSP - DFS,2019-0H9-012232,20191127,BOSTON,520,F,37,M,W,ITAL
MSP - DFS,2019-0H9-012232,20191127,BOSTON,35A,F,37,M,W,ITAL
MSP - DFS,2019-0H9-012232,20191127,BOSTON,35A,F,37,M,W,ITAL
MSP - DFS,2019-0H9-012232,20191127,BOSTON,90Z,W,37,M,W,ITAL
MSP - DFS,2019-0H9-012232,20191127,BOSTON,MV,M,37,M,W,ITAL
MSP - DFS,2019-GEU-003177,20191127,PLAINVILLE,90Z,W,43,M,O,CN
MSP - DFS,2019-0H3-008862,20191127,PLAINVILLE,90D,M,44,F,W,ITAL
MSP - DFS,2019-0H3-008862,20191127,PLAINVILLE,MV,M,44,F,W,ITAL
MSP - DFS,2019-0H3-008862,20191127,PLAINVILLE,MV,M,44,F,W,ITAL
MSP - DFS,2019-0H3-008862,20191127,PLAINVILLE,MV,M,44,F,W,ITAL
MSP - DFS,2019-0A6-010358,20191128,BURLINGTON,90Z,W,24,M,H,BRA
MSP - DFS,2019-0A4-010393,20191128,EVERETT,90D,M,25,M,H,BRA
MSP - DFS,2019-0A4-010393,20191128,EVERETT,MV,M,25,M,H,BRA
MSP - DFS,2019-0C7-008756,20191128,GRANBY,MV,M,32,M,H,MM
MSP - DFS,2019-0C7-008756,20191128,GRANBY,MV,M,32,M,H,MM
MSP - DFS,2019-0H3-008870,20191128,MANSFIELD,90D,M,38,F,W,IRE
MSP - DFS,2019-0H3-008870,20191128,MANSFIELD,MV,M,38,F,W,IRE
MSP - DFS,2019-0H7-007075,20191128,RANDOLPH,90Z,W,39,M,B,HT
MSP - DFS,2019-0H7-007075,20191128,RANDOLPH,90Z,W,39,M,B,HT
MSP - DFS,2019-0A1-014658,20191128,WILMINGTON,90D,M,46,M,H,BRA
MSP - DFS,2019-0A1-014658,20191128,WILMINGTON,MV,M,46,M,H,BRA
MSP - DFS,2019-0A6-010379,20191128,WENHAM,13A,F,58,M,W,IRE
MSP - DFS,2019-0A6-010379,20191128,WENHAM,13A,F,58,M,W,IRE
MSP - DFS,2019-0A6-010379,20191128,WENHAM,90D,M,58,M,W,IRE
MSP - DFS,2019-0A6-010379,20191128,WENHAM,MV,M,58,M,W,IRE
MSP - DFS,2019-0A6-010379,20191128,WENHAM,MV,M,58,M,W,IRE
MSP - DFS,2019-0A6-010379,20191128,WENHAM,MV,M,58,M,W,IRE
MSP - DFS,2019-0A6-010379,20191128,WENHAM,MV,O,58,M,W,IRE
MSP - DFS,2019-0F1-063426,20191129,BOSTON,90Z,W,21,F,W,U
MSP - DFS,2019-0H3-008901,20191129,WALPOLE,90,M,25,M,B,DR
MSP - DFS,2019-0H3-008901,20191129,WALPOLE,13A or 13B,M,25,M,B,DR
MSP - DFS,2019-0H3-008901,20191129,WALPOLE,13A-13C,M,25,M,B,DR
MSP - DFS,2019-0H3-008901,20191129,WALPOLE,90D,M,25,M,B,DR
MSP - DFS,2019-0H3-008901,20191129,WALPOLE,90G,M,25,M,B,DR
MSP - DFS,2019-0H3-008901,20191129,WALPOLE,MV,M,25,M,B,DR
MSP - DFS,2019-0H3-008901,20191129,WALPOLE,MV,M,25,M,B,DR
MSP - DFS,2019-0H3-008901,20191129,WALPOLE,MV,M,25,M,B,DR
MSP - DFS,2019-0H3-008901,20191129,WALPOLE,MV,M,25,M,B,DR
MSP - DFS,2019-0H3-008901,20191129,WALPOLE,MV,M,25,M,B,DR
MSP - DFS,2019-0B3-007949,20191129,SPRINGFIELD,90Z,W,25,M,H,PR
MSP - DFS,2019-0H9-012259,20191129,BOSTON,90Z,W,30,M,H,PR
MSP - DFS,2019-0H9-012258,20191129,BOSTON,13A,F,31,M,H,HB
MSP - DFS,2019-0B3-007954,20191129,SPRINGFIELD,90Z,W,33,M,H,PR
MSP - DFS,2019-0B3-007954,20191129,SPRINGFIELD,90Z,W,33,M,H,PR
MSP - DFS,2019-0B3-007954,20191129,SPRINGFIELD,MV,M,33,M,H,PR
MSP - DFS,2019-0B3-007954,20191129,SPRINGFIELD,MV,M,33,M,H,PR
MSP - DFS,2019-0B3-007954,20191129,SPRINGFIELD,MV,M,33,M,H,PR
MSP - DFS,2019-0D4-007166,20191129,TAUNTON,90Z,W,35,M,W,U
MSP - DFS,2019-0D4-007166,20191129,TAUNTON,MV,M,35,M,W,U
MSP - DFS,2019-0D4-007177,20191130,RAYNHAM,90Z,W,21,M,B,U
MSP - DFS,2019-0D4-007177,20191130,RAYNHAM,90Z,W,21,M,B,U
MSP - DFS,2019-0D4-007177,20191130,RAYNHAM,90Z,W,21,M,B,U
MSP - DFS,2019-0D4-007177,20191130,RAYNHAM,90Z,W,21,M,B,U
MSP - DFS,2019-0D4-007177,20191130,RAYNHAM,90Z,W,21,M,B,U
MSP - DFS,2019-0D4-007177,20191130,RAYNHAM,90Z,W,21,M,B,U
MSP - DFS,2019-0D4-007177,20191130,RAYNHAM,90Z,W,21,M,B,U
MSP - DFS,2019-0D4-007190,20191130,BROCKTON,35A,F,23,M,W,IRE
MSP - DFS,2019-0D4-007190,20191130,BROCKTON,35A,F,23,M,W,IRE
MSP - DFS,2019-0A3-011240,20191130,LINCOLN,90Z,W,27,F,H,PR
MSP - DFS,2019-0A3-011240,20191130,LINCOLN,MV,M,27,F,H,PR
MSP - DFS,2019-0D7-007666,20191130,BOURNE,13A-13C,M,28,M,W,IRE
MSP - DFS,2019-0D7-007666,20191130,BOURNE,90D,M,28,M,W,IRE
MSP - DFS,2019-0D7-007666,20191130,BOURNE,MV,M,28,M,W,IRE
MSP - DFS,2019-0D7-007666,20191130,BOURNE,MV,M,28,M,W,IRE
MSP - DFS,2019-0D7-007666,20191130,BOURNE,MV,M,28,M,W,IRE
MSP - DFS,2019-0D7-007666,20191130,BOURNE,MV,M,28,M,W,IRE
MSP - DFS,2019-0H4-008539,20191130,BOSTON,90Z,W,30,M,H,PR
MSP - DFS,2019-0A6-010421,20191130,DANVERS,90C,M,48,U,H,BRA
MSP - DFS,2019-0A6-010421,20191130,DANVERS,C90C,M,48,U,H,BRA
MSP - DFS,2019-0A6-010421,20191130,DANVERS,MV,M,48,U,H,BRA
MSP - DFS,2019-0A6-010421,20191130,DANVERS,MV,M,48,U,H,BRA
MSP - DFS,2019-0A6-010421,20191130,DANVERS,MV,M,48,U,H,BRA
MSP - DFS,2019-0A6-010421,20191130,DANVERS,MV,M,48,U,H,BRA
MSP - DFS,2019-0A6-010421,20191130,DANVERS,MV,O,48,U,H,BRA
MSP - DFS,2019-0A6-010433,20191130,PEABODY,90Z,W,64,M,H,DR
MSP - DFS,2019-0A6-010433,20191130,PEABODY,90Z,W,64,M,H,DR
MSP - DFS,2019-0H4-008542,20191201,BOSTON,35A,F,20,M,H,DR
MSP - DFS,2019-0H4-008542,20191201,BOSTON,35A,F,20,M,H,DR
MSP - DFS,2019-0H4-008542,20191201,BOSTON,90Z,W,20,M,H,DR
MSP - DFS,2019-0H4-008542,20191201,BOSTON,MV,M,20,M,H,DR
MSP - DFS,2019-0H4-008542,20191201,BOSTON,MV,M,20,M,H,DR
MSP - DFS,2019-0A5-008749,20191201,SAUGUS,90D,M,26,M,B,DR
MSP - DFS,2019-0A5-008749,20191201,SAUGUS,MV,M,26,M,B,DR
MSP - DFS,2019-0A5-008749,20191201,SAUGUS,MV,M,26,M,B,DR
MSP - DFS,2019-0F1-064067,20191201,BOSTON,90Z,W,45,M,H,DR
MSP - DFS,2019-0B3-007992,20191201,SPRINGFIELD,90,M,48,M,H,MM
MSP - DFS,2019-0B3-007992,20191201,SPRINGFIELD,13A-13C,M,48,M,H,MM
MSP - DFS,2019-0B3-007992,20191201,SPRINGFIELD,90J,M,48,M,H,MM
MSP - DFS,2019-0F1-064196,20191202,BOSTON,90,M,31,M,W,EN
MSP - DFS,2019-0F1-064196,20191202,BOSTON,90J,M,31,M,W,EN
MSP - DFS,2019-0F1-064196,20191202,BOSTON,90Z,M,31,M,W,EN
MSP - DFS,2019-0D4-007273,20191203,TAUNTON,35A,F,29,M,H,DR
MSP - DFS,2019-0D4-007273,20191203,TAUNTON,35A,F,29,M,H,DR
MSP - DFS,2019-0D4-007273,20191203,TAUNTON,MV,M,29,M,H,DR
MSP - DFS,2019-0D4-007273,20191203,TAUNTON,MV,M,29,M,H,DR
MSP - DFS,2019-0H6-008697,20191203,BOSTON,90D,M,31,M,O,VM
MSP - DFS,2019-0H6-008697,20191203,BOSTON,MV,M,31,M,O,VM
MSP - DFS,2019-0H6-008697,20191203,BOSTON,MV,O,31,M,O,VM
MSP - DFS,2019-0H6-008697,20191203,BOSTON,MV,O,31,M,O,VM
MSP - DFS,2019-0H6-008697,20191203,BOSTON,MV,O,31,M,O,VM
MSP - DFS,2019-0A5-008831,20191203,REVERE,90Z,W,34,M,H,DR
MSP - DFS,2019-0C6-008486,20191203,SHREWSBURY,MV,M,34,M,W,IRE
MSP - DFS,2019-0C6-008486,20191203,SHREWSBURY,MV,M,34,M,W,IRE
MSP - DFS,2019-0F1-064310,20191203,BOSTON,90,M,39,M,W,IRE
MSP - DFS,2019-0F1-064310,20191203,BOSTON,90Z,M,39,M,W,IRE
MSP - DFS,2019-0C4-005885,20191203,FITCHBURG,90Z,W,57,M,H,PR
MSP - DFS,2019-0H2-008718,20191204,DEDHAM,MV,M,26,M,J,IQ
MSP - DFS,2019-0H2-008718,20191204,DEDHAM,MV,M,26,M,J,IQ
MSP - DFS,2019-0H2-008686,20191204,DEDHAM,90D,M,40,U,H,BRA
MSP - DFS,2019-0H2-008686,20191204,DEDHAM,MV,M,40,U,H,BRA
MSP - DFS,2019-0H2-008686,20191204,DEDHAM,MV,M,40,U,H,BRA
MSP - DFS,2019-0D3-010215,20191204,FALL RIVER,90Z,W,41,M,H,PR
MSP - DFS,2019-0D3-010215,20191204,FALL RIVER,90Z,W,41,M,H,PR
MSP - DFS,2019-0A6-010578,20191204,DANVERS,90D,M,41,F,W,P
MSP - DFS,2019-0A6-010578,20191204,DANVERS,90G,M,41,F,W,P
MSP - DFS,2019-0H2-008692,20191204,WESTWOOD,35A,F,45,F,H,PR
MSP - DFS,2019-0H2-008692,20191204,WESTWOOD,MV,M,45,F,H,PR
MSP - DFS,2019-0H2-008692,20191204,WESTWOOD,MV,M,45,F,H,PR
MSP - DFS,2019-0H2-008692,20191204,WESTWOOD,MV,M,45,F,H,PR
MSP - DFS,2019-0H2-008692,20191204,WESTWOOD,MV,M,45,F,H,PR
MSP - DFS,2019-0H2-008692,20191204,WESTWOOD,MV,M,45,F,H,PR
MSP - DFS,2019-0H6-008712,20191204,BOSTON,90Z,W,68,F,W,RO
MSP - DFS,2019-0D7-007800,20191205,BOURNE,MV,M,30,M,W,U
MSP - DFS,2019-0D7-007800,20191205,BOURNE,MV,M,30,M,W,U
MSP - DFS,2019-0D4-007312,20191205,BROCKTON,90Z,W,31,M,W,U
MSP - DFS,2019-0H4-008669,20191205,BOSTON,35A,F,32,M,H,PR
MSP - DFS,2019-0H4-008669,20191205,BOSTON,90Z,W,32,M,H,PR
MSP - DFS,2019-0A6-010607,20191205,SAUGUS,35A,F,32,M,W,FR
MSP - DFS,2019-0A6-010607,20191205,SAUGUS,90D,F,32,M,W,FR
MSP - DFS,2019-0A6-010607,20191205,SAUGUS,MV,M,32,M,W,FR
MSP - DFS,2019-0A6-010607,20191205,SAUGUS,MV,M,32,M,W,FR
MSP - DFS,2019-0C1-005554,20191205,PHILLIPSTON,90Z,W,36,F,W,U
MSP - DFS,2019-0D4-007317,20191205,BROCKTON,13A-13C,M,58,M,H,DR
MSP - DFS,2019-0D4-007317,20191205,BROCKTON,90Z,W,58,M,H,DR
MSP - DFS,2019-0D4-007317,20191205,BROCKTON,90Z,W,58,M,H,DR
MSP - DFS,2019-0H1-004004,20191206,BOSTON,90J,F,22,M,W,U
MSP - DFS,2019-0B3-008210,20191206,CHICOPEE,90D,F,24,M,H,PR
MSP - DFS,2019-0B3-008210,20191206,CHICOPEE,90G,M,24,M,H,PR
MSP - DFS,2019-0B3-008210,20191206,CHICOPEE,MV,M,24,M,H,PR
MSP - DFS,2019-0B3-008210,20191206,CHICOPEE,MV,M,24,M,H,PR
MSP - DFS,2019-0B3-008210,20191206,CHICOPEE,MV,M,24,M,H,PR
MSP - DFS,2019-0B3-008210,20191206,CHICOPEE,MV,M,24,M,H,PR
MSP - DFS,2019-0H1-004004,20191206,BOSTON,90J,F,26,M,W,U
MSP - DFS,2019-0H1-004004,20191206,BOSTON,90J,F,27,M,W,IRE
MSP - DFS,2019-0B2-006969,20191206,MONTAGUE,90Z,W,29,M,B,JM
MSP - DFS,2019-0B2-006969,20191206,MONTAGUE,90Z,W,29,M,B,JM
MSP - DFS,2019-0B2-006969,20191206,MONTAGUE,90Z,W,29,M,B,JM
MSP - DFS,2019-0B2-006969,20191206,MONTAGUE,90Z,W,29,M,B,JM
MSP - DFS,2019-0B2-006969,20191206,MONTAGUE,90Z,W,29,M,B,JM
MSP - DFS,2019-0H1-004004,20191206,BOSTON,90J,F,30,M,W,IRE
MSP - DFS,2019-0C2-008643,20191206,WESTBOROUGH,90Z,W,31,M,W,EN
MSP - DFS,2019-0A6-010620,20191206,LYNNFIELD,90Z,W,40,M,H,DR
MSP - DFS,2019-0D6-000792,20191206,NANTUCKET,MV,M,45,M,H,MM
MSP - DFS,2019-0D6-000792,20191206,NANTUCKET,MV,M,45,M,H,MM
MSP - DFS,2019-0D6-000792,20191206,NANTUCKET,MV,M,45,M,H,MM
MSP - DFS,2019-0B4-006885,20191206,PITTSFIELD,90D,M,53,F,W,FR
MSP - DFS,2019-0B4-006885,20191206,PITTSFIELD,MV,M,53,F,W,FR
MSP - DFS,2019-0B4-006885,20191206,PITTSFIELD,MV,M,53,F,W,FR
MSP - DFS,2019-0H6-008784,20191207,BOSTON,90D,M,22,M,O,CN
MSP - DFS,2019-0H4-008722,20191207,BOSTON,90D,M,22,F,J,IR
MSP - DFS,2019-0H4-008722,20191207,BOSTON,MV,M,22,F,J,IR
MSP - DFS,2019-0H4-008722,20191207,BOSTON,MV,,22,F,J,IR
MSP - DFS,2019-0A6-010655,20191207,MALDEN,35A,F,26,M,B,HT
MSP - DFS,2019-0A6-010655,20191207,MALDEN,MV,M,26,M,B,HT
MSP - DFS,2019-0A6-010655,20191207,MALDEN,MV,M,26,M,B,HT
MSP - DFS,2019-0A6-010655,20191207,MALDEN,MV,M,26,M,B,HT
MSP - DFS,2019-0B3-008218,20191207,SPRINGFIELD,90Z,W,27,M,H,PM
MSP - DFS,2019-0H4-008725,20191207,BOSTON,35A,F,31,M,B,JM
MSP - DFS,2019-0A1-015022,20191207,LAWRENCE,MV,M,31,U,H,DR
MSP - DFS,2019-0A1-015022,20191207,LAWRENCE,MV,M,31,U,H,DR
MSP - DFS,2019-0F1-065116,20191207,BOSTON,90Z,W,31,M,W,PR
MSP - DFS,2019-0A6-010659,20191207,LYNNFIELD,90Z,W,34,F,W,IRE
MSP - DFS,2019-0A6-010659,20191207,LYNNFIELD,90Z,W,34,F,W,IRE
MSP - DFS,2019-0A1-015034,20191208,LOWELL,280,F,21,M,H,PR
MSP - DFS,2019-0A1-015034,20191208,LOWELL,90Z,W,21,M,H,PR
MSP - DFS,2019-0D4-007363,20191208,RAYNHAM,90Z,W,44,M,H,PR
MSP - DFS,2019-0F1-065405,20191208,BOSTON,90Z,W,44,M,H,BRA
MSP - DFS,2019-0D4-007363,20191208,RAYNHAM,MV,M,44,M,H,PR
MSP - DFS,2019-0D4-007363,20191208,RAYNHAM,MV,,44,M,H,PR
MSP - DFS,2019-0D7-007873,20191208,PLYMOUTH,90D,M,50,M,W,IRE
MSP - DFS,2019-0D7-007873,20191208,PLYMOUTH,MV,M,50,M,W,IRE
MSP - DFS,2019-0H6-008834,20191209,BOSTON,90D,M,24,M,W,PR
MSP - DFS,2019-0H6-008834,20191209,BOSTON,MV,M,24,M,W,PR
MSP - DFS,2019-0H6-008834,20191209,BOSTON,MV,M,24,M,W,PR
MSP - DFS,2019-0B4-006966,20191209,PITTSFIELD,90Z,W,26,M,W,U
MSP - DFS,2019-0H6-008856,20191209,BOSTON,13A or 13B,M,28,M,H,DR
MSP - DFS,2019-0H6-008856,20191209,BOSTON,13A-13C,M,28,M,H,DR
MSP - DFS,2019-0H6-008856,20191209,BOSTON,35A,F,28,M,H,DR
MSP - DFS,2019-0H6-008856,20191209,BOSTON,35A,F,28,M,H,DR
MSP - DFS,2019-0H6-008856,20191209,BOSTON,MV,M,28,M,H,DR
MSP - DFS,2019-0H6-008856,20191209,BOSTON,MV,M,28,M,H,DR
MSP - DFS,2019-0H6-008856,20191209,BOSTON,MV,M,28,M,H,DR
MSP - DFS,2019-0B2-007009,20191209,BERNARDSTON,35A,F,29,M,H,DR
MSP - DFS,2019-0B2-007009,20191209,BERNARDSTON,35A,F,29,M,H,DR
MSP - DFS,2019-0B2-007009,20191209,BERNARDSTON,35A,F,29,M,H,DR
MSP - DFS,2019-0B2-007009,20191209,BERNARDSTON,90D,M,29,M,H,DR
MSP - DFS,2019-0B2-007009,20191209,BERNARDSTON,MV,M,29,M,H,DR
MSP - DFS,2019-0B2-007009,20191209,BERNARDSTON,MV,M,29,M,H,DR
MSP - DFS,2019-0B2-007009,20191209,BERNARDSTON,MV,M,29,M,H,DR
MSP - DFS,2019-0B2-007009,20191209,BERNARDSTON,MV,M,29,M,H,DR
MSP - DFS,2019-0B2-007009,20191209,BERNARDSTON,MV,M,29,M,H,DR
MSP - DFS,2019-0F1-065727,20191209,BOSTON,90Z,M,41,M,W,P
MSP - DFS,2019-0H7-007365,20191209,MILTON,90Z,W,46,M,B,HT
MSP - DFS,2019-0H7-007365,20191209,MILTON,90Z,W,46,M,B,HT
MSP - DFS,2019-0A5-008991,20191210,REVERE,90D,M,19,M,H,HB
MSP - DFS,2019-0A5-008991,20191210,REVERE,MV,O,19,M,H,HB
MSP - DFS,2019-0B3-008308,20191210,SPRINGFIELD,90Z,W,21,M,B,DR
MSP - DFS,2019-0B4-006986,20191210,PITTSFIELD,90Z,W,21,U,W,U
MSP - DFS,2019-0H2-008868,20191210,FRAMINGHAM,90D,M,23,M,H,PR
MSP - DFS,2019-0H2-008868,20191210,FRAMINGHAM,MV,M,23,M,H,PR
MSP - DFS,2019-0H2-008868,20191210,FRAMINGHAM,MV,M,23,M,H,PR
MSP - DFS,2019-0C4-006010,20191210,FITCHBURG,35A,F,24,M,H,DR
MSP - DFS,2019-0C4-006010,20191210,FITCHBURG,MV,M,24,M,H,DR
MSP - DFS,2019-0A4-010674,20191210,MEDFORD,90D,M,29,M,W,ITAL
MSP - DFS,2019-0A4-010674,20191210,MEDFORD,MV,M,29,M,W,ITAL
MSP - DFS,2019-0D4-007419,20191210,BROCKTON,90Z,W,39,M,W,U
MSP - DFS,2019-0H7-007400,20191210,MILTON,520,F,46,M,O,VM
MSP - DFS,2019-0H7-007400,20191210,MILTON,520,F,46,M,O,VM
MSP - DFS,2019-0H7-007400,20191210,MILTON,520,F,46,M,O,VM
MSP - DFS,2019-0H7-007400,20191210,MILTON,520,F,46,M,O,VM
MSP - DFS,2019-0H7-007400,20191210,MILTON,520,F,46,M,O,VM
MSP - DFS,2019-0H7-007400,20191210,MILTON,520,F,46,M,O,VM
MSP - DFS,2019-0H7-007400,20191210,MILTON,520,F,46,M,O,VM
MSP - DFS,2019-0H7-007400,20191210,MILTON,520,F,46,M,O,VM
MSP - DFS,2019-0H7-007400,20191210,MILTON,520,F,46,M,O,VM
MSP - DFS,2019-0H7-007400,20191210,MILTON,520,F,46,M,O,VM
MSP - DFS,2019-0H7-007400,20191210,MILTON,520,F,46,M,O,VM
MSP - DFS,2019-0H7-007400,20191210,MILTON,520,F,46,M,O,VM
MSP - DFS,2019-0H7-007400,20191210,MILTON,520,F,46,M,O,VM
MSP - DFS,2019-0H7-007400,20191210,MILTON,520,F,46,M,O,VM
MSP - DFS,2019-0H7-007394,20191210,BOSTON,90Z,W,49,M,B,JM
MSP - DFS,2019-0C6-008748,20191211,WORCESTER,90Z,W,24,M,H,DR
MSP - DFS,2019-0C6-008748,20191211,WORCESTER,90Z,W,24,M,H,DR
MSP - DFS,2019-0C6-008748,20191211,WORCESTER,MV,M,24,M,H,DR
MSP - DFS,2019-0C6-008748,20191211,WORCESTER,MV,M,24,M,H,DR
MSP - DFS,2019-0A6-010790,20191211,SAUGUS,90D,M,34,M,H,DR
MSP - DFS,2019-0A6-010790,20191211,SAUGUS,90Z,W,34,M,H,DR
MSP - DFS,2019-0A6-010790,20191211,SAUGUS,90Z,W,34,M,H,DR
MSP - DFS,2019-0A6-010790,20191211,SAUGUS,MV,M,34,M,H,DR
MSP - DFS,2019-0A6-010790,20191211,SAUGUS,MV,M,34,M,H,DR
MSP - DFS,2019-0A6-010790,20191211,SAUGUS,MV,M,34,M,H,DR
MSP - DFS,2019-0A6-010790,20191211,SAUGUS,MV,M,34,M,H,DR
MSP - DFS,2019-0A6-010790,20191211,SAUGUS,MV,M,34,M,H,DR
MSP - DFS,2019-0A6-010790,20191211,SAUGUS,MV,O,34,M,H,DR
MSP - DFS,2019-0C3-007448,20191212,WORCESTER,35A,M,19,M,B,U
MSP - DFS,2019-0C3-007448,20191212,WORCESTER,MV,M,19,M,B,U
MSP - DFS,2019-0C3-007448,20191212,WORCESTER,MV,M,19,M,B,U
MSP - DFS,2019-0C3-007448,20191212,WORCESTER,MV,M,19,M,B,U
MSP - DFS,2019-0A5-009024,20191212,LYNN,90Z,W,23,M,H,DR
MSP - DFS,2019-0A5-009024,20191212,LYNN,90Z,W,23,M,H,DR
MSP - DFS,2019-0A5-009024,20191212,LYNN,90Z,W,23,M,H,DR
MSP - DFS,2019-0A5-009024,20191212,LYNN,90Z,W,23,M,H,DR
MSP - DFS,2019-0A5-009024,20191212,LYNN,MV,M,23,M,H,DR
MSP - DFS,2019-0A5-009024,20191212,LYNN,MV,M,23,M,H,DR
MSP - DFS,2019-0A5-009024,20191212,LYNN,MV,M,23,M,H,DR
MSP - DFS,2019-0H4-008870,20191212,BOSTON,,O,26,M,H,DR
MSP - DFS,2019-0H4-008870,20191212,BOSTON,,O,26,M,H,DR
MSP - DFS,2019-0H4-008870,20191212,BOSTON,MV,M,26,M,H,DR
MSP - DFS,2019-0H7-007455,20191212,CANTON,280,F,31,M,H,DR
MSP - DFS,2019-0H9-012719,20191212,BOSTON,90D,M,32,M,W,BU
MSP - DFS,2019-0H9-012719,20191212,BOSTON,MV,M,32,M,W,BU
MSP - DFS,2019-0H9-012719,20191212,BOSTON,MV,M,32,M,W,BU
MSP - DFS,2019-0H9-012719,20191212,BOSTON,MV,M,32,M,W,BU
MSP - DFS,2019-0H9-012720,20191212,BOSTON,MV,M,49,M,H,MM
MSP - DFS,2019-0H9-012720,20191212,BOSTON,MV,M,49,M,H,MM
MSP - DFS,2019-0H9-012720,20191212,BOSTON,MV,M,49,M,H,MM
MSP - DFS,2019-0H9-012720,20191212,BOSTON,MV,M,49,M,H,MM
MSP - DFS,2019-0A5-009017,20191212,REVERE,90D,M,49,F,W,ITAL
MSP - DFS,2019-0A5-009017,20191212,REVERE,90D,M,49,F,W,ITAL
MSP - DFS,2019-0A5-009017,20191212,REVERE,MV,M,49,F,W,ITAL
MSP - DFS,2019-0A5-009017,20191212,REVERE,MV,M,49,F,W,ITAL
MSP - DFS,2019-0A5-009017,20191212,REVERE,MV,M,49,F,W,ITAL
MSP - DFS,2019-0A5-009017,20191212,REVERE,MV,M,49,F,W,ITAL
MSP - DFS,2019-0D6-000803,20191213,NANTUCKET,MV,M,24,M,H,DR
MSP - DFS,2019-0D6-000803,20191213,NANTUCKET,MV,M,24,M,H,DR
MSP - DFS,2019-0CX-012894,20191213,PALMER,90D,M,26,M,H,CB
MSP - DFS,2019-0A5-009030,20191213,LYNN,90Z,W,29,M,H,DR
MSP - DFS,2019-0H7-007493,20191213,AVON,90D,M,30,M,H,PR
MSP - DFS,2019-0C6-008773,20191213,WORCESTER,90Z,W,32,M,H,CB
MSP - DFS,2019-0C6-008773,20191213,WORCESTER,90Z,W,32,M,H,CB
MSP - DFS,2019-0H6-008957,20191213,BOSTON,90D,M,40,M,W,PM
MSP - DFS,2019-0H6-008957,20191213,BOSTON,90G,M,40,M,W,PM
MSP - DFS,2019-0H6-008957,20191213,BOSTON,MV,M,40,M,W,PM
MSP - DFS,2019-0H6-008957,20191213,BOSTON,MV,M,40,M,W,PM
MSP - DFS,2019-0H9-012783,20191213,BOSTON,35A,F,41,M,H,BRA
MSP - DFS,2019-0H9-012783,20191213,BOSTON,MV,M,41,M,H,BRA
MSP - DFS,2019-0H9-012783,20191213,BOSTON,MV,M,41,M,H,BRA
MSP - DFS,2019-0H9-012783,20191213,BOSTON,MV,M,41,M,H,BRA
MSP - DFS,2019-0H9-012783,20191213,BOSTON,90Z,W,47,M,H,BRA
MSP - DFS,2019-0H9-012783,20191213,BOSTON,MV,M,47,M,H,BRA
MSP - DFS,2019-0A6-010843,20191213,PEABODY,90D,F,52,M,W,P
MSP - DFS,2019-0A6-010843,20191213,PEABODY,MV,M,52,M,W,P
MSP - DFS,2019-0A6-010843,20191213,PEABODY,MV,M,52,M,W,P
MSP - DFS,2019-0A6-010843,20191213,PEABODY,MV,M,52,M,W,P
MSP - DFS,2019-0C6-008823,20191214,WORCESTER,90Z,W,26,F,W,IRE
MSP - DFS,2019-0B2-007127,20191214,GREENFIELD,MV,M,34,M,W,U
MSP - DFS,2019-0B2-007127,20191214,GREENFIELD,MV,M,34,M,W,U
MSP - DFS,2019-0A1-015274,20191214,METHUEN,90D,M,35,M,H,BRA
MSP - DFS,2019-0A1-015274,20191214,METHUEN,MV,M,35,M,H,BRA
MSP - DFS,2019-0H4-008925,20191214,BOSTON,90D,M,37,M,W,GR
MSP - DFS,2019-0H4-008925,20191214,BOSTON,MV,M,37,M,W,GR
MSP - DFS,2019-0C4-006082,20191214,FITCHBURG,90Z,W,49,M,H,PR
MSP - DFS,2019-0C4-006082,20191214,FITCHBURG,90Z,W,49,M,H,PR
MSP - DFS,2019-0C4-006082,20191214,FITCHBURG,90Z,W,49,M,H,PR
MSP - DFS,2019-GEU-003183,20191215,PLAINVILLE,90Z,W,24,M,H,PR
MSP - DFS,2019-GEU-003183,20191215,PLAINVILLE,90Z,W,25,U,H,PR
MSP - DFS,2019-0C5-004624,20191215,STURBRIDGE,13A-13C,M,30,M,O,CN
MSP - DFS,2019-0C5-004624,20191215,STURBRIDGE,35A,F,30,M,O,CN
MSP - DFS,2019-0C5-004624,20191215,STURBRIDGE,35A,F,30,M,O,CN
MSP - DFS,2019-0C5-004624,20191215,STURBRIDGE,MV,M,30,M,O,CN
MSP - DFS,2019-0CX-012979,20191215,WARREN,13A,F,31,M,W,IRE
MSP - DFS,2019-0CX-012979,20191215,WARREN,"510,13C",F,31,M,W,IRE
MSP - DFS,2019-0CX-012979,20191215,WARREN,MV,M,31,M,W,IRE
MSP - DFS,2019-0CX-012979,20191215,WARREN,MV,M,31,M,W,IRE
MSP - DFS,2019-0CX-012979,20191215,WARREN,MV,M,31,M,W,IRE
MSP - DFS,2019-0CX-012979,20191215,WARREN,MV,M,31,M,W,IRE
MSP - DFS,2019-0C6-008852,20191215,WORCESTER,90D,M,34,M,H,PR
MSP - DFS,2019-0C6-008852,20191215,WORCESTER,MV,M,34,M,H,PR
MSP - DFS,2019-0C6-008852,20191215,WORCESTER,MV,M,34,M,H,PR
MSP - DFS,2019-0D4-007545,20191215,RAYNHAM,90D,M,35,M,W,BRA
MSP - DFS,2019-0D4-007545,20191215,RAYNHAM,MV,M,35,M,W,BRA
MSP - DFS,2019-0D4-007545,20191215,RAYNHAM,MV,M,35,M,W,BRA
MSP - DFS,2019-0D4-007545,20191215,RAYNHAM,MV,M,35,M,W,BRA
MSP - DFS,2019-0H6-009018,20191215,QUINCY,90D,M,36,M,W,U
MSP - DFS,2019-0H6-009018,20191215,QUINCY,MV,M,36,M,W,U
MSP - DFS,2019-0H6-009018,20191215,QUINCY,MV,M,36,M,W,U
MSP - DFS,2019-0H6-009018,20191215,QUINCY,MV,O,36,M,W,U
MSP - DFS,2019-0B3-008446,20191215,SPRINGFIELD,90Z,W,38,M,H,PR
MSP - DFS,2019-0B3-008446,20191215,SPRINGFIELD,MV,M,38,M,H,PR
MSP - DFS,2019-0B3-008446,20191215,SPRINGFIELD,MV,M,38,M,H,PR
MSP - DFS,2019-0B3-008446,20191215,SPRINGFIELD,MV,M,38,M,H,PR
MSP - DFS,2019-0D3-010576,20191215,SOMERSET,90D,M,39,M,H,PR
MSP - DFS,2019-0D3-010576,20191215,SOMERSET,MV,M,39,M,H,PR
MSP - DFS,2019-0D3-010576,20191215,SOMERSET,MV,M,39,M,H,PR
MSP - DFS,2019-0B3-008452,20191215,SPRINGFIELD,90Z,W,51,M,H,PR
MSP - DFS,2019-0B3-008452,20191215,SPRINGFIELD,90Z,W,51,M,H,PR
MSP - DFS,2019-0C1-005712,20191215,WESTMINSTER,90D,M,51,M,W,SX
MSP - DFS,2019-0C1-005712,20191215,WESTMINSTER,MV,M,51,M,W,SX
MSP - DFS,2019-0C1-005712,20191215,WESTMINSTER,MV,M,51,M,W,SX
MSP - DFS,2019-0B3-008492,20191216,SPRINGFIELD,90Z,W,21,M,B,PR
MSP - DFS,2019-0C6-008882,20191216,WORCESTER,90Z,W,24,M,H,DR
MSP - DFS,2019-0B3-008486,20191216,SPRINGFIELD,90Z,W,24,M,H,PR
MSP - DFS,2019-0B3-008492,20191216,SPRINGFIELD,MV,M,25,F,H,PR
MSP - DFS,2019-0B3-008492,20191216,SPRINGFIELD,MV,M,25,F,H,PR
MSP - DFS,2019-0B3-008492,20191216,SPRINGFIELD,MV,M,25,F,H,PR
MSP - DFS,2019-0B3-008492,20191216,SPRINGFIELD,MV,M,25,F,H,PR
MSP - DFS,2019-0B3-008492,20191216,SPRINGFIELD,520,F,29,M,H,PR
MSP - DFS,2019-0B3-008492,20191216,SPRINGFIELD,520,F,29,M,H,PR
MSP - DFS,2019-0B3-008492,20191216,SPRINGFIELD,520,F,29,M,H,PR
MSP - DFS,2019-0B3-008492,20191216,SPRINGFIELD,520,F,29,M,H,PR
MSP - DFS,2019-0B3-008492,20191216,SPRINGFIELD,13A-13C,M,29,M,H,PR
MSP - DFS,2019-0B3-008476,20191216,SPRINGFIELD,90Z,W,29,M,H,PR
MSP - DFS,2019-0B3-008476,20191216,SPRINGFIELD,MV,M,29,M,H,PR
MSP - DFS,2019-0A5-009089,20191216,MALDEN,13A-13C,M,29,F,W,SX
MSP - DFS,2019-0A5-009089,20191216,MALDEN,90D,M,29,F,W,SX
MSP - DFS,2019-0A5-009089,20191216,MALDEN,MV,M,29,F,W,SX
MSP - DFS,2019-0H8-008252,20191216,NATICK,90D,M,30,M,H,MM
MSP - DFS,2019-0H8-008252,20191216,NATICK,MV,M,30,M,H,MM
MSP - DFS,2019-0H9-012893,20191216,BOSTON,90Z,W,35,M,H,PR
MSP - DFS,2019-0H9-012893,20191216,BOSTON,90Z,W,35,M,H,PR
MSP - DFS,2019-0H9-012893,20191216,BOSTON,90Z,W,35,M,H,PR
MSP - DFS,2019-0F1-067029,20191216,BOSTON,90Z,W,57,M,W,U
MSP - DFS,2019-0F1-067029,20191216,BOSTON,90Z,W,57,M,W,U
MSP - DFS,2019-0F1-067029,20191216,BOSTON,90Z,M,57,M,W,U
MSP - DFS,2019-0H4-009035,20191217,BOSTON,MV,M,20,M,H,DR
MSP - DFS,2019-0H4-009035,20191217,BOSTON,MV,M,20,M,H,DR
MSP - DFS,2019-0H2-009096,20191217,WESTON,90Z,W,20,M,W,IRE
MSP - DFS,2019-0H2-009096,20191217,WESTON,MV,M,20,M,W,IRE
MSP - DFS,2019-0A6-010931,20191217,LYNNFIELD,MV,M,23,M,H,DR
MSP - DFS,2019-0A6-010931,20191217,LYNNFIELD,MV,M,23,M,H,DR
MSP - DFS,2019-0A6-010931,20191217,LYNNFIELD,MV,O,23,M,H,DR
MSP - DFS,2019-0A6-010931,20191217,LYNNFIELD,90Z,W,24,M,H,DR
MSP - DFS,2019-0C5-004639,20191217,STURBRIDGE,90Z,W,26,M,H,PR
MSP - DFS,2019-0C6-008886,20191217,WORCESTER,90Z,W,28,M,H,PR
MSP - DFS,2019-0C6-008886,20191217,WORCESTER,90Z,W,28,M,H,PR
MSP - DFS,2019-0C6-008886,20191217,WORCESTER,90Z,W,30,F,H,PR
MSP - DFS,2019-0A1-015382,20191217,LAWRENCE,90Z,W,33,M,H,DR
MSP - DFS,2019-0D4-007581,20191217,RAYNHAM,90Z,W,37,M,B,HT
MSP - DFS,2019-0H6-009065,20191217,BOSTON,90Z,W,41,M,H,HB
MSP - DFS,2019-0B4-007179,20191217,DALTON,90Z,W,51,M,W,U
MSP - DFS,2019-0A1-015459,20191218,LAWRENCE,90Z,W,22,M,H,DR
MSP - DFS,2019-0A1-015443,20191218,METHUEN,90Z,W,34,M,H,DR
MSP - DFS,2019-0B3-008552,20191218,SPRINGFIELD,35A,F,35,M,H,PR
MSP - DFS,2019-0B3-008552,20191218,SPRINGFIELD,90Z,W,35,M,H,PR
MSP - DFS,2019-0B3-008552,20191218,SPRINGFIELD,MV,M,35,M,H,PR
MSP - DFS,2019-0H7-007616,20191218,RANDOLPH,90Z,W,42,M,H,PR
MSP - DFS,2019-0B3-008552,20191218,SPRINGFIELD,35A,F,43,F,H,PR
MSP - DFS,2019-0F1-067561,20191218,BOSTON,90Z,M,46,M,O,VM
MSP - DFS,2019-0H4-009083,20191218,CAMBRIDGE,MV,M,59,M,W,GR
MSP - DFS,2019-0H4-009083,20191218,CAMBRIDGE,MV,M,59,M,W,GR
MSP - DFS,2019-0H9-013006,20191219,BOSTON,90Z,W,24,F,H,PR
MSP - DFS,2019-0H4-009118,20191219,BOSTON,90Z,W,27,M,B,JM
MSP - DFS,2019-0A5-009207,20191219,REVERE,90Z,W,27,M,H,DR
MSP - DFS,2019-0B6-011594,20191219,SOUTH HADLEY,35A,F,30,M,B,PR
MSP - DFS,2019-0B6-011594,20191219,SOUTH HADLEY,35A,F,30,M,B,PR
MSP - DFS,2019-0B6-011594,20191219,SOUTH HADLEY,90Z,F,30,M,B,PR
MSP - DFS,2019-0H6-009136,20191219,BOSTON,90Z,W,34,M,W,RO
MSP - DFS,2019-0H6-009136,20191219,BOSTON,90Z,W,34,M,W,RO
MSP - DFS,2019-0A4-010941,20191219,MEDFORD,90D,M,37,M,B,JM
MSP - DFS,2019-0A4-010941,20191219,MEDFORD,MV,M,37,M,B,JM
MSP - DFS,2019-0A4-010941,20191219,MEDFORD,MV,M,37,M,B,JM
MSP - DFS,2019-0C1-005791,20191220,FITCHBURG,35A,F,29,M,H,PR
MSP - DFS,2019-0C1-005791,20191220,FITCHBURG,35A,F,29,M,H,PR
MSP - DFS,2019-0C1-005791,20191220,FITCHBURG,MV,M,29,M,H,PR
MSP - DFS,2019-0C1-005791,20191220,FITCHBURG,MV,M,29,M,H,PR
MSP - DFS,2019-0C4-006166,20191220,LANCASTER,90Z,W,42,M,H,PR
MSP - DFS,2019-0D3-010759,20191220,DARTMOUTH,90D,M,51,M,H,PR
MSP - DFS,2019-0D3-010759,20191220,DARTMOUTH,MV,M,51,M,H,PR
MSP - DFS,2019-0D3-010759,20191220,DARTMOUTH,MV,M,51,M,H,PR
MSP - DFS,2019-0H6-009157,20191220,BOSTON,90D,M,63,M,B,HB
MSP - DFS,2019-0H6-009157,20191220,BOSTON,MV,M,63,M,B,HB
MSP - DFS,2019-0A4-010994,20191221,MEDFORD,35A,F,26,M,H,PR
MSP - DFS,2019-0A4-010994,20191221,MEDFORD,35A,F,26,M,H,PR
MSP - DFS,2019-0A4-010994,20191221,MEDFORD,MV,M,27,M,H,PR
MSP - DFS,2019-0CX-013231,20191221,MILLBURY,90D,M,30,M,H,MM
MSP - DFS,2019-0CX-013231,20191221,MILLBURY,90Z,W,30,M,H,MM
MSP - DFS,2019-0CX-013231,20191221,MILLBURY,MV,M,30,M,H,MM
MSP - DFS,2019-0CX-013231,20191221,MILLBURY,MV,M,30,M,H,MM
MSP - DFS,2019-0B3-008646,20191221,SPRINGFIELD,35A,F,32,M,H,PR
MSP - DFS,2019-0B3-008646,20191221,SPRINGFIELD,90Z,W,32,M,H,PR
MSP - DFS,2019-0B3-008646,20191221,SPRINGFIELD,MV,M,32,M,H,PR
MSP - DFS,2019-0H9-013099,20191221,BOSTON,MV,M,37,U,H,BRA
MSP - DFS,2019-0H9-013099,20191221,BOSTON,MV,M,37,U,H,BRA
MSP - DFS,2019-0A6-011090,20191221,PEABODY,90Z,W,50,M,H,BRA
MSP - DFS,2019-0D7-008266,20191221,BOURNE,90D,M,54,M,B,JM
MSP - DFS,2019-0D7-008266,20191221,BOURNE,MV,M,54,M,B,JM
MSP - DFS,2019-0D7-008266,20191221,BOURNE,MV,M,54,M,B,JM
MSP - DFS,2019-0H2-009211,20191222,NEEDHAM,250,M,32,M,H,PR
MSP - DFS,2019-0H2-009211,20191222,NEEDHAM,250,M,32,M,H,PR
MSP - DFS,2019-0H2-009211,20191222,NEEDHAM,250,M,32,M,H,PR
MSP - DFS,2019-0H2-009211,20191222,NEEDHAM,250,M,32,M,H,PR
MSP - DFS,2019-0H2-009211,20191222,NEEDHAM,26A,M,32,M,H,PR
MSP - DFS,2019-0H2-009211,20191222,NEEDHAM,"280,26A",M,32,M,H,PR
MSP - DFS,2019-0H2-009211,20191222,NEEDHAM,90Z,M,32,M,H,PR
MSP - DFS,2019-0H2-009211,20191222,NEEDHAM,MV,M,32,M,H,PR
MSP - DFS,2019-0H2-009211,20191222,NEEDHAM,MV,M,32,M,H,PR
MSP - DFS,2019-0H2-009211,20191222,NEEDHAM,MV,M,32,M,H,PR
MSP - DFS,2019-0H2-009211,20191222,NEEDHAM,MV,M,32,M,H,PR
MSP - DFS,2019-0H2-009211,20191222,NEEDHAM,MV,M,32,M,H,PR
MSP - DFS,2019-0B5-005623,20191222,WESTFIELD,90D,M,32,M,J,TURK
MSP - DFS,2019-0D3-010833,20191222,WESTPORT,90D,M,32,M,J,PR
MSP - DFS,2019-0D3-010833,20191222,WESTPORT,MV,M,32,M,J,PR
MSP - DFS,2019-0D3-010833,20191222,WESTPORT,MV,M,32,M,J,PR
MSP - DFS,2019-0B5-005623,20191222,WESTFIELD,MV,M,32,M,J,TURK
MSP - DFS,2019-0H9-013132,20191222,BOSTON,26C,M,49,M,H,BRA
MSP - DFS,2019-0H9-013132,20191222,BOSTON,"280,26A",M,49,M,H,BRA
MSP - DFS,2019-0H9-013132,20191222,BOSTON,MV,,49,M,H,BRA
MSP - DFS,2019-0H9-013132,20191222,BOSTON,MV,M,49,M,H,BRA
MSP - DFS,2019-0C6-009059,20191222,WORCESTER,90D,M,51,M,H,PR
MSP - DFS,2019-0C6-009059,20191222,WORCESTER,MV,M,51,M,H,PR
MSP - DFS,2019-0CX-013268,20191222,MILLBURY,90Z,W,52,M,H,BRA
MSP - DFS,2019-0C4-006193,20191223,BOXBOROUGH,90Z,W,22,M,H,DR
MSP - DFS,2019-0C4-006193,20191223,BOXBOROUGH,90Z,W,22,M,H,DR
MSP - DFS,2019-0C4-006193,20191223,BOXBOROUGH,90Z,W,22,M,H,DR
MSP - DFS,2019-0C4-006193,20191223,BOXBOROUGH,90Z,W,22,M,H,DR
MSP - DFS,2019-0H4-009193,20191223,BOSTON,26A,M,25,M,O,CN
MSP - DFS,2019-0H4-009193,20191223,BOSTON,26C,M,25,M,O,CN
MSP - DFS,2019-0H4-009193,20191223,BOSTON,90D,M,25,M,O,CN
MSP - DFS,2019-0H4-009193,20191223,BOSTON,MV,M,25,M,O,CN
MSP - DFS,2019-0H4-009193,20191223,BOSTON,MV,M,25,M,O,CN
MSP - DFS,2019-0H4-009193,20191223,BOSTON,MV,M,25,M,O,CN
MSP - DFS,2019-0H4-009193,20191223,BOSTON,MV,M,25,M,O,CN
MSP - DFS,2019-0B2-007291,20191223,MONTAGUE,35A,F,29,F,W,U
MSP - DFS,2019-0B2-007291,20191223,MONTAGUE,35A,F,29,F,W,U
MSP - DFS,2019-0B2-007291,20191223,MONTAGUE,35A,F,29,F,W,U
MSP - DFS,2019-0B2-007291,20191223,MONTAGUE,35A,F,29,F,W,U
MSP - DFS,2019-0B2-007291,20191223,MONTAGUE,35A,F,29,F,W,U
MSP - DFS,2019-0B2-007291,20191223,MONTAGUE,35A,F,29,F,W,U
MSP - DFS,2019-0B2-007291,20191223,MONTAGUE,35A,F,29,F,W,U
MSP - DFS,2019-0B2-007291,20191223,MONTAGUE,35A,F,29,F,W,U
MSP - DFS,2019-0B2-007291,20191223,MONTAGUE,MV,M,29,F,W,U
MSP - DFS,2019-0B2-007291,20191223,MONTAGUE,MV,M,29,F,W,U
MSP - DFS,2019-0B2-007291,20191223,MONTAGUE,MV,M,29,F,W,U
MSP - DFS,2019-0B2-007291,20191223,MONTAGUE,MV,M,29,F,W,U
MSP - DFS,2019-0H4-009195,20191223,BOSTON,90Z,W,35,M,B,HT
MSP - DFS,2019-0A6-011142,20191223,READING,90D,M,36,U,H,BRA
MSP - DFS,2019-0A6-011142,20191223,READING,90Z,W,36,U,H,BRA
MSP - DFS,2019-0A6-011142,20191223,READING,MV,M,36,U,H,BRA
MSP - DFS,2019-GEU-003184,20191223,PLAINVILLE,35A,F,43,F,W,KOR
MSP - DFS,2019-GEU-003184,20191223,PLAINVILLE,MV,M,43,F,W,KOR
MSP - DFS,2019-0H6-009236,20191223,BOSTON,90Z,M,45,M,B,JM
MSP - DFS,2019-0D4-007751,20191223,BERKLEY,90D,M,50,M,H,CC
MSP - DFS,2019-0D4-007751,20191223,BERKLEY,90G,M,50,M,H,CC
MSP - DFS,2019-0D4-007751,20191223,BERKLEY,MV,M,50,M,H,CC
MSP - DFS,2019-0D4-007751,20191223,BERKLEY,MV,M,50,M,H,CC
MSP - DFS,2019-0B3-008745,20191224,SPRINGFIELD,90Z,W,45,U,H,MM
MSP - DFS,2019-0B3-008745,20191224,SPRINGFIELD,MV,M,45,U,H,MM
MSP - DFS,2019-0B3-008745,20191224,SPRINGFIELD,MV,M,45,U,H,MM
MSP - DFS,2019-0B3-008745,20191224,SPRINGFIELD,MV,M,45,U,H,MM
MSP - DFS,2019-0F1-068811,20191224,BOSTON,90Z,M,46,M,B,HT
MSP - DFS,2019-0B6-011788,20191224,LEVERETT,120-13A,F,48,F,O,JA
MSP - DFS,2019-0B6-011788,20191224,LEVERETT,13A,F,48,F,O,JA
MSP - DFS,2019-0B6-011788,20191224,LEVERETT,13A,F,48,F,O,JA
MSP - DFS,2019-0B6-011788,20191224,LEVERETT,13A,F,48,F,O,JA
MSP - DFS,2019-0B6-011788,20191224,LEVERETT,13A,F,48,F,O,JA
MSP - DFS,2019-0B6-011788,20191224,LEVERETT,13A,F,48,F,O,JA
MSP - DFS,2019-0H6-009258,20191224,BOSTON,90Z,W,52,M,H,DR
MSP - DFS,2019-0H6-009258,20191224,BOSTON,MV,M,52,M,H,DR
MSP - DFS,2019-0H6-009258,20191224,BOSTON,MV,M,52,M,H,DR
MSP - DFS,2019-0C5-004772,20191224,WEBSTER,90Z,W,54,M,H,PR
MSP - DFS,2019-0C2-009112,20191224,HOPKINTON,90D,M,57,M,H,CR
MSP - DFS,2019-0A4-011083,20191225,EVERETT,90Z,W,29,M,B,U
MSP - DFS,2019-0H7-007791,20191225,STOUGHTON,90Z,W,50,M,B,HT
MSP - DFS,2019-0H7-007791,20191225,STOUGHTON,90Z,W,50,M,B,HT
MSP - DFS,2019-0H7-007791,20191225,STOUGHTON,MV,M,50,M,B,HT
MSP - DFS,2019-0A1-015698,20191226,METHUEN,90Z,W,41,M,H,PR
MSP - DFS,2019-0A1-015698,20191226,METHUEN,90Z,W,41,M,H,PR
MSP - DFS,2019-0A1-015698,20191226,METHUEN,MV,M,41,M,H,PR
MSP - DFS,2019-0A1-015698,20191226,METHUEN,MV,M,41,M,H,PR
MSP - DFS,2019-0D1-006728,20191226,NORWELL,90D,M,47,M,W,ITAL
MSP - DFS,2019-0D1-006728,20191226,NORWELL,MV,M,47,M,W,ITAL
MSP - DFS,2019-0D4-007856,20191227,TAUNTON,90Z,W,21,M,O,CN
MSP - DFS,2019-0A4-011136,20191227,MEDFORD,35A,F,23,M,H,PR
MSP - DFS,2019-0A4-011136,20191227,MEDFORD,35A,F,23,M,H,PR
MSP - DFS,2019-0A4-011136,20191227,MEDFORD,90Z,W,23,M,H,PR
MSP - DFS,2019-0A4-011136,20191227,MEDFORD,MV,M,23,M,H,PR
MSP - DFS,2019-0A4-011136,20191227,MEDFORD,MV,M,23,M,H,PR
MSP - DFS,2019-0H7-007822,20191227,CANTON,90Z,W,27,F,W,IRE
MSP - DFS,2019-0D4-007855,20191227,BROCKTON,520,F,30,M,B,JM
MSP - DFS,2019-0D4-007855,20191227,BROCKTON,520,F,30,M,B,JM
MSP - DFS,2019-0D4-007855,20191227,BROCKTON,520,F,30,M,B,JM
MSP - DFS,2019-0D4-007855,20191227,BROCKTON,520,F,30,M,B,JM
MSP - DFS,2019-0D4-007855,20191227,BROCKTON,"520,250",F,30,M,B,JM
MSP - DFS,2019-0D4-007855,20191227,BROCKTON,35A,F,30,M,B,JM
MSP - DFS,2019-0B4-007394,20191227,NORTH ADAMS,35A,F,31,M,H,PR
MSP - DFS,2019-0B4-007394,20191227,NORTH ADAMS,35A,F,31,M,H,PR
MSP - DFS,2019-0B4-007394,20191227,NORTH ADAMS,MV,M,31,M,H,PR
MSP - DFS,2019-0B4-007394,20191227,NORTH ADAMS,MV,M,31,M,H,PR
MSP - DFS,2019-0D7-008467,20191227,MARION,90Z,W,32,F,W,PR
MSP - DFS,2019-0D7-008467,20191227,MARION,MV,M,32,F,W,PR
MSP - DFS,2019-0D7-008467,20191227,MARION,MV,M,32,F,W,PR
MSP - DFS,2019-0D7-008467,20191227,MARION,MV,M,32,F,W,PR
MSP - DFS,2019-0D4-007860,20191227,MIDDLEBOROUGH,90Z,W,33,M,W,U
MSP - DFS,2019-0D4-007860,20191227,MIDDLEBOROUGH,MV,M,33,M,W,U
MSP - DFS,2019-0D4-007860,20191227,MIDDLEBOROUGH,MV,M,33,M,W,U
MSP - DFS,2019-0B6-011876,20191227,HOLYOKE,35A,F,34,M,H,PR
MSP - DFS,2019-0B6-011876,20191227,HOLYOKE,35A,F,35,M,H,PR
MSP - DFS,2019-0A3-012138,20191227,WESTFORD,90Z,W,35,M,H,PR
MSP - DFS,2019-0B6-011876,20191227,HOLYOKE,MV,M,35,M,H,PR
MSP - DFS,2019-0B6-011876,20191227,HOLYOKE,MV,M,35,M,H,PR
MSP - DFS,2019-0B6-011876,20191227,HOLYOKE,MV,M,35,M,H,PR
MSP - DFS,2019-0H3-009742,20191228,FRANKLIN,90Z,W,20,M,H,DR
MSP - DFS,2019-0H9-013284,20191228,BOSTON,90Z,W,26,M,O,CN
MSP - DFS,2019-0A4-011175,20191228,EVERETT,90Z,W,28,M,W,BRA
MSP - DFS,2019-0A4-011175,20191228,EVERETT,90Z,W,28,M,W,BRA
MSP - DFS,2019-0A4-011175,20191228,EVERETT,90Z,W,28,M,W,BRA
MSP - DFS,2019-0D3-011048,20191228,NEW BEDFORD,90Z,W,29,M,H,PR
MSP - DFS,2019-0D3-011048,20191228,NEW BEDFORD,90Z,W,29,M,H,PR
MSP - DFS,2019-0A4-011168,20191228,EVERETT,90D,M,33,M,H,MM
MSP - DFS,2019-0A4-011168,20191228,EVERETT,90D,M,33,M,H,MM
MSP - DFS,2019-0A4-011168,20191228,EVERETT,90G,M,33,M,H,MM
MSP - DFS,2019-0A4-011168,20191228,EVERETT,MV,M,33,M,H,MM
MSP - DFS,2019-0A4-011168,20191228,EVERETT,MV,M,33,M,H,MM
MSP - DFS,2019-0A3-012164,20191228,BEDFORD,90D,M,48,M,O,VM
MSP - DFS,2019-0A3-012164,20191228,BEDFORD,MV,M,48,M,O,VM
MSP - DFS,2019-0A3-012164,20191228,BEDFORD,MV,M,48,M,O,VM
MSP - DFS,2019-0A3-012164,20191228,BEDFORD,MV,M,48,M,O,VM
MSP - DFS,2019-0H4-009313,20191228,CAMBRIDGE,90Z,W,48,M,H,HB
MSP - DFS,2019-0H4-009313,20191228,CAMBRIDGE,MV,M,48,M,H,HB
MSP - DFS,2019-0H4-009313,20191228,CAMBRIDGE,MV,M,48,M,H,HB
MSP - DFS,2019-0H4-009313,20191228,CAMBRIDGE,MV,M,48,M,H,HB
MSP - DFS,2019-0H4-009343,20191229,CAMBRIDGE,90D,M,24,M,W,BRA
MSP - DFS,2019-0CX-013507,20191229,CHARLTON,90D,M,25,M,H,MM
MSP - DFS,2019-0CX-013507,20191229,CHARLTON,MV,M,25,M,H,MM
MSP - DFS,2019-0A5-009377,20191229,LYNN,90D,M,33,M,H,DR
MSP - DFS,2019-0A5-009377,20191229,LYNN,MV,M,33,M,H,DR
MSP - DFS,2019-0A5-009377,20191229,LYNN,MV,M,33,M,H,DR
MSP - DFS,2019-0C2-009188,20191229,HOPKINTON,90Z,W,33,M,W,IRE
MSP - DFS,2019-0C2-009188,20191229,HOPKINTON,MV,M,33,M,W,IRE
MSP - DFS,2019-0B3-008834,20191229,SPRINGFIELD,90Z,W,38,M,H,MM
MSP - DFS,2019-0A5-009398,20191229,REVERE,90Z,W,38,M,H,BRA
MSP - DFS,2019-0B3-008834,20191229,SPRINGFIELD,90Z,O,38,M,H,MM
MSP - DFS,2019-0A5-009398,20191229,REVERE,MV,M,38,M,H,BRA
MSP - DFS,2019-0B3-008834,20191229,SPRINGFIELD,MV,M,38,M,H,MM
MSP - DFS,2019-0C6-009241,20191229,AUBURN,MV,M,41,M,H,PR
MSP - DFS,2019-0C6-009241,20191229,AUBURN,MV,M,41,M,H,PR
MSP - DFS,2019-0F1-069731,20191229,BOSTON,90,M,56,M,W,IRE
MSP - DFS,2019-0A4-011235,20191230,MEDFORD,MV,M,34,M,H,BRA
MSP - DFS,2019-0A4-011235,20191230,MEDFORD,MV,M,34,M,H,BRA
MSP - DFS,2019-0H9-013343,20191230,BOSTON,MV,M,39,M,O,LAOS
MSP - DFS,2019-0H9-013343,20191230,BOSTON,MV,M,39,M,O,LAOS
MSP - DFS,2019-0H9-013343,20191230,BOSTON,MV,M,39,M,O,LAOS
MSP - DFS,2019-0H9-013343,20191230,BOSTON,MV,M,39,M,O,LAOS
MSP - DFS,2019-0H6-009400,20191230,BOSTON,90Z,W,46,M,B,JM
MSP - DFS,2019-0H7-007886,20191231,BRAINTREE,90Z,W,19,M,B,HT
MSP - DFS,2019-0H7-007886,20191231,BRAINTREE,90Z,W,19,M,B,HT
MSP - DFS,2019-0B3-008876,20191231,SPRINGFIELD,90Z,W,26,M,H,PR
MSP - DFS,2019-0H9-013378,20191231,BOSTON,90Z,W,28,M,H,DR
MSP - DFS,2019-0A6-011356,20191231,DANVERS,MV,M,39,M,H,BRA
MSP - DFS,2019-0A6-011356,20191231,DANVERS,MV,M,39,M,H,BRA
MSP - DFS,2019-0H9-013353,20191231,BOSTON,MV,M,40,M,H,DR
MSP - DFS,2019-0H9-013353,20191231,BOSTON,MV,M,40,M,H,DR
MSP - DFS,2019-0H4-009406,20191231,BOSTON,90D,M,43,M,H,PR
MSP - DFS,2019-0H4-009406,20191231,BOSTON,90G,M,43,M,H,PR
MSP - DFS,2019-0H4-009406,20191231,BOSTON,MV,M,43,M,H,PR
MSP - DFS,2019-0H4-009406,20191231,BOSTON,MV,M,43,M,H,PR
MSP - DFS,2019-0A5-009445,20191231,CHELSEA,90D,M,53,F,W,SX
MSP - DFS,2020-0A6-000006,20200101,PEABODY,35A,F,20,M,B,HT
MSP - DFS,2020-0A6-000006,20200101,PEABODY,MV,M,20,M,B,HT
MSP - DFS,2020-0A6-000006,20200101,PEABODY,MV,M,20,M,B,HT
MSP - DFS,2020-0A6-000006,20200101,PEABODY,MV,M,20,M,B,HT
MSP - DFS,2020-0C5-000019,20200101,STURBRIDGE,90Z,W,22,U,H,BRA
MSP - DFS,2020-0C5-000019,20200101,STURBRIDGE,MV,M,22,U,H,BRA
MSP - DFS,2020-0C5-000019,20200101,STURBRIDGE,MV,M,22,U,H,BRA
MSP - DFS,2020-0CX-000011,20200101,WARREN,240,M,24,M,H,DR
MSP - DFS,2020-0CX-000011,20200101,WARREN,90D,M,24,M,H,DR
MSP - DFS,2020-0CX-000011,20200101,WARREN,90G,M,24,M,H,DR
MSP - DFS,2020-0CX-000011,20200101,WARREN,90Z,W,24,M,H,DR
MSP - DFS,2020-0CX-000011,20200101,WARREN,MV,M,24,M,H,DR
MSP - DFS,2020-0CX-000011,20200101,WARREN,MV,M,24,M,H,DR
MSP - DFS,2020-0CX-000011,20200101,WARREN,MV,M,24,M,H,DR
MSP - DFS,2020-0CX-000011,20200101,WARREN,MV,M,24,M,H,DR
MSP - DFS,2020-0H8-000001,20200101,NEWTON,90D,M,26,F,I,HT
MSP - DFS,2020-0A4-000008,20200101,MEDFORD,90D,M,27,M,B,HT
MSP - DFS,2020-0A4-000008,20200101,MEDFORD,MV,M,27,M,B,HT
MSP - DFS,2020-0A4-000008,20200101,MEDFORD,MV,M,27,M,B,HT
MSP - DFS,2020-0CX-000013,20200101,GRAFTON,90Z,W,30,F,W,IRE
MSP - DFS,2020-0C5-000004,20200101,CHARLTON,MV,M,40,M,W,BRA
MSP - DFS,2020-0C5-000004,20200101,CHARLTON,MV,M,40,M,W,BRA
MSP - DFS,2020-0D7-000004,20200101,BOURNE,90D,M,45,M,H,PR
MSP - DFS,2020-0D7-000004,20200101,BOURNE,MV,M,45,M,H,PR
MSP - DFS,2020-0B8-000017,20200101,WESTFIELD,90Z,W,47,M,H,BRA
MSP - DFS,2020-0B8-000017,20200101,WESTFIELD,MV,M,47,M,H,BRA
MSP - DFS,2020-0B8-000017,20200101,WESTFIELD,MV,M,47,M,H,BRA
MSP - DFS,2020-0H9-000002,20200101,BOSTON,90D,M,48,M,W,PR
MSP - DFS,2020-0H9-000002,20200101,BOSTON,MV,M,48,M,W,PR
MSP - DFS,2020-0H9-000002,20200101,BOSTON,MV,M,48,M,W,PR
MSP - DFS,2020-0H7-000003,20200101,CANTON,90D,M,49,F,H,BRA
MSP - DFS,2020-0H7-000003,20200101,CANTON,MV,M,49,F,H,BRA
MSP - DFS,2020-0H7-000003,20200101,CANTON,MV,M,49,F,H,BRA
MSP - DFS,2020-0A5-000058,20200102,REVERE,250,M,25,M,H,PR
MSP - DFS,2020-0A5-000058,20200102,REVERE,250,M,25,M,H,PR
MSP - DFS,2020-0A5-000058,20200102,REVERE,26A,M,25,M,H,PR
MSP - DFS,2020-0A5-000058,20200102,REVERE,26A,M,25,M,H,PR
MSP - DFS,2020-0A5-000058,20200102,REVERE,"280,26A",M,25,M,H,PR
MSP - DFS,2020-0A5-000058,20200102,REVERE,"280,26A",M,25,M,H,PR
MSP - DFS,2020-0A5-000058,20200102,REVERE,35A,F,25,M,H,PR
MSP - DFS,2020-0A5-000058,20200102,REVERE,90Z,W,25,M,H,PR
MSP - DFS,2020-0A5-000058,20200102,REVERE,MV,M,25,M,H,PR
MSP - DFS,2020-0A5-000058,20200102,REVERE,MV,M,25,M,H,PR
MSP - DFS,2020-0A5-000058,20200102,REVERE,MV,O,25,M,H,PR
MSP - DFS,2020-0H4-000032,20200102,BOSTON,90J,M,29,M,B,JM
MSP - DFS,2020-0A4-000034,20200102,EVERETT,90,M,29,M,W,U
MSP - DFS,2020-0A4-000034,20200102,EVERETT,13A-13B,F,29,M,W,U
MSP - DFS,2020-0D7-000043,20200102,PLYMOUTH,90D,M,29,F,W,SX
MSP - DFS,2020-0D7-000043,20200102,PLYMOUTH,MV,M,29,F,W,SX
MSP - DFS,2020-0A4-000041,20200102,MEDFORD,"280,26A",M,32,M,H,DR
MSP - DFS,2020-0A4-000041,20200102,MEDFORD,35A,F,32,M,H,DR
MSP - DFS,2020-0A4-000041,20200102,MEDFORD,90Z,W,32,M,H,DR
MSP - DFS,2020-0A4-000041,20200102,MEDFORD,90Z,W,32,M,H,DR
MSP - DFS,2020-0H8-000033,20200102,NEWTON,90Z,W,35,M,H,CB
MSP - DFS,2020-0H8-000033,20200102,NEWTON,MV,M,35,M,H,CB
MSP - DFS,2020-0A6-000056,20200102,SAUGUS,MV,M,36,M,W,BRA
MSP - DFS,2020-0A6-000056,20200102,SAUGUS,MV,M,36,M,W,BRA
MSP - DFS,2020-0A6-000056,20200102,SAUGUS,MV,M,36,M,W,BRA
MSP - DFS,2020-0A5-000053,20200102,LYNN,MV,M,43,M,H,DR
MSP - DFS,2020-0F1-000355,20200102,BOSTON,90,M,47,F,W,EN
MSP - DFS,2020-0D4-000030,20200102,WEST BRIDGEWATER,35A,F,47,M,W,IRE
MSP - DFS,2020-0D4-000030,20200102,WEST BRIDGEWATER,90Z,W,47,M,W,IRE
MSP - DFS,2020-0D4-000030,20200102,WEST BRIDGEWATER,MV,M,47,M,W,IRE
MSP - DFS,2020-0C2-000039,20200102,WORCESTER,90G,M,57,M,H,PR
MSP - DFS,2020-0C2-000039,20200102,WORCESTER,90Z,W,57,M,H,PR
MSP - DFS,2020-0A4-000041,20200102,MEDFORD,90Z,W,62,M,H,DR
MSP - DFS,2020-0A1-000078,20200103,LAWRENCE,90Z,W,23,M,H,DR
MSP - DFS,2020-0A1-000078,20200103,LAWRENCE,90Z,W,23,M,H,DR
MSP - DFS,2020-0A1-000078,20200103,LAWRENCE,MV,M,23,M,H,DR
MSP - DFS,2020-0A1-000078,20200103,LAWRENCE,MV,M,23,M,H,DR
MSP - DFS,2020-0A1-000078,20200103,LAWRENCE,MV,M,23,M,H,DR
MSP - DFS,2020-0A1-000104,20200103,LAWRENCE,MV,M,25,M,H,DR
MSP - DFS,2020-0A1-000097,20200103,LAWRENCE,MV,M,25,M,H,DR
MSP - DFS,2020-0A1-000104,20200103,LAWRENCE,MV,M,25,M,H,DR
MSP - DFS,2020-0A1-000097,20200103,LAWRENCE,MV,M,25,M,H,DR
MSP - DFS,2020-0A1-000082,20200103,LAWRENCE,MV,M,27,M,H,DR
MSP - DFS,2020-0A1-000082,20200103,LAWRENCE,MV,M,27,M,H,DR
MSP - DFS,2020-0D4-000057,20200103,BROCKTON,520,F,30,F,W,IRE
MSP - DFS,2020-0D4-000057,20200103,BROCKTON,520,F,30,F,W,IRE
MSP - DFS,2020-0D4-000057,20200103,BROCKTON,520,F,30,F,W,IRE
MSP - DFS,2020-0D4-000057,20200103,BROCKTON,520,F,30,F,W,IRE
MSP - DFS,2020-0D4-000057,20200103,BROCKTON,520,F,30,F,W,IRE
MSP - DFS,2020-0D4-000057,20200103,BROCKTON,520,F,30,F,W,IRE
MSP - DFS,2020-0A1-000069,20200103,LAWRENCE,MV,M,32,F,H,DR
MSP - DFS,2020-0A1-000069,20200103,LAWRENCE,MV,M,32,F,H,DR
MSP - DFS,2020-0A1-000069,20200103,LAWRENCE,MV,M,32,F,H,DR
MSP - DFS,2020-0B3-000102,20200103,SPRINGFIELD,MV,M,33,M,H,PR
MSP - DFS,2020-0H6-000050,20200103,BOSTON,90Z,W,35,M,W,BRA
MSP - DFS,2020-0A4-000056,20200103,EVERETT,90D,M,37,M,H,BRA
MSP - DFS,2020-0B3-000107,20200103,SPRINGFIELD,MV,M,37,F,H,PR
MSP - DFS,2020-0B3-000107,20200103,SPRINGFIELD,MV,M,37,F,H,PR
MSP - DFS,2020-0A4-000056,20200103,EVERETT,MV,M,37,M,H,BRA
MSP - DFS,2020-0A4-000056,20200103,EVERETT,MV,M,37,M,H,BRA
MSP - DFS,2020-0A4-000056,20200103,EVERETT,MV,M,37,M,H,BRA
MSP - DFS,2020-0A1-000075,20200103,LAWRENCE,MV,M,39,M,H,DR
MSP - DFS,2020-0A1-000073,20200103,LAWRENCE,250,M,41,M,H,DR
MSP - DFS,2020-0A1-000073,20200103,LAWRENCE,26A,M,41,M,H,DR
MSP - DFS,2020-0A1-000073,20200103,LAWRENCE,26A,M,41,M,H,DR
MSP - DFS,2020-0A1-000073,20200103,LAWRENCE,26C,M,41,M,H,DR
MSP - DFS,2020-0A1-000073,20200103,LAWRENCE,"280,26A",M,41,M,H,DR
MSP - DFS,2020-0A1-000073,20200103,LAWRENCE,MV,M,41,M,H,DR
MSP - DFS,2020-0A1-000073,20200103,LAWRENCE,MV,M,41,M,H,DR
MSP - DFS,2020-0A1-000073,20200103,LAWRENCE,MV,M,41,M,H,DR
MSP - DFS,2020-0A1-000073,20200103,LAWRENCE,MV,M,41,M,H,DR
MSP - DFS,2020-0D4-000052,20200103,BROCKTON,520,F,42,M,W,G
MSP - DFS,2020-0D4-000052,20200103,BROCKTON,520,F,42,M,W,G
MSP - DFS,2020-0D4-000052,20200103,BROCKTON,520,F,42,M,W,G
MSP - DFS,2020-0D4-000052,20200103,BROCKTON,520,F,42,M,W,G
MSP - DFS,2020-0D4-000052,20200103,BROCKTON,35A,F,42,M,W,G
MSP - DFS,2020-0D4-000052,20200103,BROCKTON,35A,F,42,M,W,G
MSP - DFS,2020-0D4-000052,20200103,BROCKTON,520,F,44,M,W,G
MSP - DFS,2020-0D4-000052,20200103,BROCKTON,520,F,44,M,W,G
MSP - DFS,2020-0D4-000052,20200103,BROCKTON,520,F,44,M,W,G
MSP - DFS,2020-0D4-000052,20200103,BROCKTON,520,F,44,M,W,G
MSP - DFS,2020-0D4-000052,20200103,BROCKTON,520,F,44,M,W,G
MSP - DFS,2020-0D4-000052,20200103,BROCKTON,520,F,44,M,W,G
MSP - DFS,2020-0A1-000084,20200103,LAWRENCE,MV,M,62,M,B,DR
MSP - DFS,2020-0A1-000084,20200103,LAWRENCE,MV,M,62,M,B,DR
MSP - DFS,2020-0D4-000057,20200103,BROCKTON,520,F,62,M,W,IRE
MSP - DFS,2020-0D4-000057,20200103,BROCKTON,520,F,62,M,W,IRE
MSP - DFS,2020-0D4-000057,20200103,BROCKTON,520,F,62,M,W,IRE
MSP - DFS,2020-0C5-000060,20200104,STURBRIDGE,26A,M,21,M,H,BRA
MSP - DFS,2020-0C5-000060,20200104,STURBRIDGE,35A,F,21,M,H,BRA
MSP - DFS,2020-0C5-000060,20200104,STURBRIDGE,MV,M,21,M,H,BRA
MSP - DFS,2020-0C5-000060,20200104,STURBRIDGE,MV,M,21,M,H,BRA
MSP - DFS,2020-0C5-000060,20200104,STURBRIDGE,MV,M,21,M,H,BRA
MSP - DFS,2020-0C5-000060,20200104,STURBRIDGE,MV,M,21,M,H,BRA
MSP - DFS,2020-0C5-000060,20200104,STURBRIDGE,MV,M,21,M,H,BRA
MSP - DFS,2020-0C5-000060,20200104,STURBRIDGE,MV,M,21,M,H,BRA
MSP - DFS,2020-0B3-000142,20200104,SPRINGFIELD,90D,M,24,F,H,DR
MSP - DFS,2020-0B3-000142,20200104,SPRINGFIELD,MV,M,24,F,H,DR
MSP - DFS,2020-0B3-000142,20200104,SPRINGFIELD,MV,M,24,F,H,DR
MSP - DFS,2020-0A5-000080,20200104,LYNN,90Z,W,31,M,H,PR
MSP - DFS,2020-0A5-000080,20200104,LYNN,90Z,W,31,M,H,PR
MSP - DFS,2020-0A5-000080,20200104,LYNN,MV,M,31,M,H,PR
MSP - DFS,2020-0A5-000080,20200104,LYNN,MV,M,31,M,H,PR
MSP - DFS,2020-0C6-000097,20200104,WORCESTER,90Z,W,32,M,H,PR
MSP - DFS,2020-0C6-000097,20200104,WORCESTER,MV,M,32,M,H,PR
MSP - DFS,2020-0C6-000097,20200104,WORCESTER,MV,M,32,M,H,PR
MSP - DFS,2020-0C6-000097,20200104,WORCESTER,MV,M,32,M,H,PR
MSP - DFS,2020-0B3-000165,20200104,SPRINGFIELD,MV,M,36,M,H,JM
MSP - DFS,2020-0B3-000165,20200104,SPRINGFIELD,MV,M,36,M,H,JM
MSP - DFS,2020-0B3-000165,20200104,SPRINGFIELD,MV,M,36,M,H,JM
MSP - DFS,2020-0CX-000114,20200104,OXFORD,90D,M,38,F,W,SX
MSP - DFS,2020-0CX-000114,20200104,OXFORD,MV,M,38,F,W,SX
MSP - DFS,2020-0CX-000114,20200104,OXFORD,MV,M,38,F,W,SX
MSP - DFS,2020-0B3-000163,20200104,SPRINGFIELD,90Z,W,39,F,H,PR
MSP - DFS,2020-0B3-000163,20200104,SPRINGFIELD,MV,M,39,F,H,PR
MSP - DFS,2020-0A4-000079,20200104,EVERETT,90D,M,40,M,H,BRA
MSP - DFS,2020-0A4-000079,20200104,EVERETT,MV,M,40,M,H,BRA
MSP - DFS,2020-0A4-000079,20200104,EVERETT,MV,M,40,M,H,BRA
MSP - DFS,2020-0A4-000079,20200104,EVERETT,MV,M,40,M,H,BRA
MSP - DFS,2020-0C4-000042,20200104,LANCASTER,35A,F,40,F,W,SX
MSP - DFS,2020-0C4-000042,20200104,LANCASTER,35A,F,40,F,W,SX
MSP - DFS,2020-0H6-000092,20200104,BOSTON,90D,M,46,M,H,DR
MSP - DFS,2020-0H6-000092,20200104,BOSTON,MV,M,46,M,H,DR
MSP - DFS,2020-0H6-000092,20200104,BOSTON,MV,M,46,M,H,DR
MSP - DFS,2020-0A1-000107,20200104,METHUEN,90D,M,52,M,H,DR
MSP - DFS,2020-0A1-000107,20200104,METHUEN,MV,M,52,M,H,DR
MSP - DFS,2020-0A1-000107,20200104,METHUEN,MV,M,52,M,H,DR
MSP - DFS,2020-0A1-000107,20200104,METHUEN,MV,M,52,M,H,DR
MSP - DFS,2020-0D3-000167,20200105,FALL RIVER,90Z,W,28,M,B,PR
MSP - DFS,2020-0D3-000167,20200105,FALL RIVER,MV,M,28,M,B,PR
MSP - DFS,2020-0D3-000167,20200105,FALL RIVER,MV,M,28,M,B,PR
MSP - DFS,2020-0D3-000167,20200105,FALL RIVER,MV,M,28,M,B,PR
MSP - DFS,2020-0H4-000113,20200105,BOSTON,MV,M,30,M,O,CN
MSP - DFS,2020-0H4-000113,20200105,BOSTON,MV,M,30,M,O,CN
MSP - DFS,2020-0C5-000082,20200105,STURBRIDGE,90Z,W,30,M,I,AMI
MSP - DFS,2020-0C5-000082,20200105,STURBRIDGE,90Z,W,30,M,I,AMI
MSP - DFS,2020-0C5-000082,20200105,STURBRIDGE,MV,M,30,M,I,AMI
MSP - DFS,2020-0C5-000082,20200105,STURBRIDGE,MV,M,30,M,I,AMI
MSP - DFS,2020-0H4-000108,20200105,BOSTON,90Z,W,60,M,H,PR
MSP - DFS,2020-0H4-000108,20200105,BOSTON,MV,M,60,M,H,PR
MSP - DFS,2020-0B3-000198,20200106,CHICOPEE,90D,M,25,M,H,PR
MSP - DFS,2020-0CX-000182,20200106,AUBURN,90Z,W,25,M,H,BRA
MSP - DFS,2020-0B3-000198,20200106,CHICOPEE,MV,M,25,M,H,PR
MSP - DFS,2020-0B3-000198,20200106,CHICOPEE,MV,M,25,M,H,PR
MSP - DFS,2020-0B3-000198,20200106,CHICOPEE,MV,M,25,M,H,PR
MSP - DFS,2020-0B3-000205,20200106,SPRINGFIELD,MV,M,28,M,H,PR
MSP - DFS,2020-0B3-000205,20200106,SPRINGFIELD,MV,M,28,M,H,PR
MSP - DFS,2020-0H4-000124,20200106,BOSTON,90D,M,36,M,H,PR
MSP - DFS,2020-0H4-000124,20200106,BOSTON,90Z,W,36,M,H,PR
MSP - DFS,2020-0H4-000124,20200106,BOSTON,MV,M,36,M,H,PR
MSP - DFS,2020-0H4-000124,20200106,BOSTON,MV,M,36,M,H,PR
MSP - DFS,2020-0A6-000174,20200107,SAUGUS,35A,M,25,M,B,HT
MSP - DFS,2020-0A6-000174,20200107,SAUGUS,90D,M,25,M,B,HT
MSP - DFS,2020-0A6-000174,20200107,SAUGUS,MV,M,25,M,B,HT
MSP - DFS,2020-0A6-000174,20200107,SAUGUS,MV,M,25,M,B,HT
MSP - DFS,2020-0A6-000174,20200107,SAUGUS,MV,M,25,M,B,HT
MSP - DFS,2020-0A6-000174,20200107,SAUGUS,MV,M,25,M,B,HT
MSP - DFS,2020-0A6-000174,20200107,SAUGUS,MV,M,25,M,B,HT
MSP - DFS,2020-0A6-000174,20200107,SAUGUS,MV,M,25,M,B,HT
MSP - DFS,2020-0A6-000174,20200107,SAUGUS,MV,M,25,M,B,HT
MSP - DFS,2020-0H4-000148,20200107,BOSTON,35A,M,25,M,W,PR
MSP - DFS,2020-0H4-000148,20200107,BOSTON,35A,F,25,M,W,PR
MSP - DFS,2020-0F1-001546,20200107,BOSTON,90Z,W,25,M,W,CB
MSP - DFS,2020-0F1-001546,20200107,BOSTON,90Z,W,25,M,W,CB
MSP - DFS,2020-0H4-000148,20200107,BOSTON,520,F,26,M,W,PR
MSP - DFS,2020-0H4-000148,20200107,BOSTON,520,F,26,M,W,PR
MSP - DFS,2020-0H4-000148,20200107,BOSTON,520,F,26,M,W,PR
MSP - DFS,2020-0H4-000148,20200107,BOSTON,520,F,26,M,W,PR
MSP - DFS,2020-0H4-000148,20200107,BOSTON,35A,M,26,M,W,PR
MSP - DFS,2020-0H4-000148,20200107,BOSTON,35A,F,26,M,W,PR
MSP - DFS,2020-0B3-000245,20200107,CHICOPEE,MV,M,29,M,H,PR
MSP - DFS,2020-0B3-000245,20200107,CHICOPEE,MV,M,29,M,H,PR
MSP - DFS,2020-0A3-000193,20200107,ACTON,90D,M,40,M,H,PR
MSP - DFS,2020-0H9-000199,20200107,BOSTON,90Z,W,58,M,B,HB
MSP - DFS,2020-0B3-000288,20200108,SPRINGFIELD,35A,F,31,M,H,PR
MSP - DFS,2020-0B3-000288,20200108,SPRINGFIELD,MV,M,31,M,H,PR
MSP - DFS,2020-0B3-000288,20200108,SPRINGFIELD,MV,M,31,M,H,PR
MSP - DFS,2020-0B3-000288,20200108,SPRINGFIELD,MV,M,31,M,H,PR
MSP - DFS,2020-0H6-000180,20200108,BOSTON,90Z,W,39,M,H,HB
MSP - DFS,2020-0H6-000180,20200108,BOSTON,90Z,W,39,M,H,HB
MSP - DFS,2020-0H6-000180,20200108,BOSTON,MV,M,39,M,H,HB
MSP - DFS,2020-0H6-000180,20200108,BOSTON,MV,M,39,M,H,HB
MSP - DFS,2020-0H6-000180,20200108,BOSTON,MV,M,39,M,H,HB
MSP - DFS,2020-0CX-000237,20200108,CHARLTON,MV,M,47,M,H,PR
MSP - DFS,2020-0CX-000237,20200108,CHARLTON,MV,M,47,M,H,PR
MSP - DFS,2020-0A6-000206,20200108,SAUGUS,35A,F,50,F,W,IRE
MSP - DFS,2020-0A6-000206,20200108,SAUGUS,35A,F,50,F,W,IRE
MSP - DFS,2020-0A4-000165,20200108,MEDFORD,90D,M,60,M,O,CN
MSP - DFS,2020-0A4-000165,20200108,MEDFORD,MV,O,60,M,O,CN
MSP - DFS,2020-0H2-000218,20200109,CANTON,35A,F,30,M,H,DR
MSP - DFS,2020-0A1-000277,20200109,LAWRENCE,90Z,W,30,M,H,PR
MSP - DFS,2020-0A1-000277,20200109,LAWRENCE,MV,M,30,M,H,PR
MSP - DFS,2020-0H2-000218,20200109,CANTON,MV,M,30,M,H,DR
MSP - DFS,2020-0A1-000277,20200109,LAWRENCE,MV,M,30,M,H,PR
MSP - DFS,2020-0A1-000277,20200109,LAWRENCE,MV,M,30,M,H,PR
MSP - DFS,2020-0H2-000218,20200109,CANTON,MV,M,30,M,H,DR
MSP - DFS,2020-0B3-000306,20200109,SPRINGFIELD,90Z,W,33,M,H,PR
MSP - DFS,2020-0H9-000232,20200109,BOSTON,90Z,W,37,M,H,BRA
MSP - DFS,2020-0H9-000232,20200109,BOSTON,90Z,W,37,M,H,BRA
MSP - DFS,2020-0H9-000232,20200109,BOSTON,MV,M,37,M,H,BRA
MSP - DFS,2020-0H9-000232,20200109,BOSTON,MV,M,37,M,H,BRA
MSP - DFS,2020-0H4-000200,20200109,NEWTON,290,F,38,M,H,BRA
MSP - DFS,2020-0H4-000200,20200109,NEWTON,35A,F,38,M,H,BRA
MSP - DFS,2020-0H4-000200,20200109,NEWTON,35A,F,38,M,H,BRA
MSP - DFS,2020-0H4-000200,20200109,NEWTON,90D,M,38,M,H,BRA
MSP - DFS,2020-0H4-000200,20200109,NEWTON,MV,M,38,M,H,BRA
MSP - DFS,2020-0H4-000200,20200109,NEWTON,MV,M,38,M,H,BRA
MSP - DFS,2020-0H4-000200,20200109,NEWTON,MV,M,38,M,H,BRA
MSP - DFS,2020-0H4-000200,20200109,NEWTON,MV,M,38,M,H,BRA
MSP - DFS,2020-0B6-000269,20200109,HOLYOKE,MV,M,41,M,H,PR
MSP - DFS,2020-0B6-000269,20200109,HOLYOKE,MV,M,41,M,H,PR
MSP - DFS,2020-0H7-000235,20200109,MILTON,90Z,W,43,F,H,PR
MSP - DFS,2020-0D3-000295,20200109,FALL RIVER,90Z,W,48,M,H,PR
MSP - DFS,2020-0D3-000295,20200109,FALL RIVER,90Z,W,48,M,H,PR
MSP - DFS,2020-0D3-000295,20200109,FALL RIVER,MV,M,48,M,H,PR
MSP - DFS,2020-0D3-000295,20200109,FALL RIVER,MV,M,48,M,H,PR
MSP - DFS,2020-0C6-000266,20200110,WORCESTER,90D,M,24,F,H,PR
MSP - DFS,2020-0C6-000266,20200110,WORCESTER,MV,M,24,F,H,PR
MSP - DFS,2020-0A1-000308,20200110,LAWRENCE,MV,M,27,M,H,DR
MSP - DFS,2020-0A1-000308,20200110,LAWRENCE,MV,M,27,M,H,DR
MSP - DFS,2020-0A1-000312,20200110,LAWRENCE,MV,M,33,M,H,DR
MSP - DFS,2020-0A1-000312,20200110,LAWRENCE,MV,M,33,M,H,DR
MSP - DFS,2020-0A1-000307,20200110,LAWRENCE,MV,M,33,U,H,DR
MSP - DFS,2020-0A1-000283,20200110,LAWRENCE,90D,F,37,M,H,DR
MSP - DFS,2020-0A1-000283,20200110,LAWRENCE,MV,M,37,M,H,DR
MSP - DFS,2020-0A1-000283,20200110,LAWRENCE,MV,M,37,M,H,DR
MSP - DFS,2020-0D4-000259,20200110,RAYNHAM,90D,M,39,M,W,CAN
MSP - DFS,2020-0D4-000259,20200110,RAYNHAM,90D,M,39,M,W,CAN
MSP - DFS,2020-0D4-000259,20200110,RAYNHAM,90G,M,39,M,W,CAN
MSP - DFS,2020-0D4-000259,20200110,RAYNHAM,90G,M,39,M,W,CAN
MSP - DFS,2020-0D4-000259,20200110,RAYNHAM,MV,M,39,M,W,CAN
MSP - DFS,2020-0D4-000259,20200110,RAYNHAM,MV,M,39,M,W,CAN
MSP - DFS,2020-0D4-000259,20200110,RAYNHAM,MV,M,39,M,W,CAN
MSP - DFS,2020-0D4-000259,20200110,RAYNHAM,MV,M,39,M,W,CAN
MSP - DFS,2020-0D4-000259,20200110,RAYNHAM,MV,M,39,M,W,CAN
MSP - DFS,2020-0D4-000259,20200110,RAYNHAM,MV,M,39,M,W,CAN
MSP - DFS,2020-0D4-000259,20200110,RAYNHAM,MV,M,39,M,W,CAN
MSP - DFS,2020-0D4-000259,20200110,RAYNHAM,MV,M,39,M,W,CAN
MSP - DFS,2020-0D4-000256,20200110,TAUNTON,35A,F,40,M,W,IRE
MSP - DFS,2020-0D4-000256,20200110,TAUNTON,90D,F,40,M,W,IRE
MSP - DFS,2020-0D4-000256,20200110,TAUNTON,90G,M,40,M,W,IRE
MSP - DFS,2020-0D4-000256,20200110,TAUNTON,MV,M,40,M,W,IRE
MSP - DFS,2020-0D4-000256,20200110,TAUNTON,MV,M,40,M,W,IRE
MSP - DFS,2020-0D4-000256,20200110,TAUNTON,MV,M,40,M,W,IRE
MSP - DFS,2020-0D4-000256,20200110,TAUNTON,MV,M,40,M,W,IRE
MSP - DFS,2020-0A1-000313,20200110,LAWRENCE,26A,M,47,M,H,PR
MSP - DFS,2020-0A1-000313,20200110,LAWRENCE,90Z,W,47,M,H,PR
MSP - DFS,2020-0A1-000313,20200110,LAWRENCE,90Z,W,47,M,H,PR
MSP - DFS,2020-0A1-000313,20200110,LAWRENCE,MV,M,47,M,H,PR
MSP - DFS,2020-0A1-000313,20200110,LAWRENCE,MV,M,47,M,H,PR
MSP - DFS,2020-0A1-000313,20200110,LAWRENCE,MV,M,47,M,H,PR
MSP - DFS,2020-0A1-000299,20200110,LAWRENCE,MV,M,51,M,H,DR
MSP - DFS,2020-0A1-000299,20200110,LAWRENCE,MV,M,51,M,H,DR
MSP - DFS,2020-0H4-000241,20200110,BOSTON,90Z,W,53,M,B,PR
MSP - DFS,2020-0H4-000241,20200110,BOSTON,MV,M,53,M,B,PR
MSP - DFS,2020-0H4-000241,20200110,BOSTON,MV,M,53,M,B,PR
MSP - DFS,2020-0A1-000314,20200110,LAWRENCE,90D,M,55,M,H,DR
MSP - DFS,2020-0A1-000314,20200110,LAWRENCE,MV,M,55,M,H,DR
MSP - DFS,2020-0A1-000314,20200110,LAWRENCE,MV,M,55,M,H,DR
MSP - DFS,2020-0C6-000289,20200111,WORCESTER,MV,M,23,M,H,PR
MSP - DFS,2020-0C6-000289,20200111,WORCESTER,MV,M,23,M,H,PR
MSP - DFS,2020-0CX-000336,20200111,GRAFTON,90Z,W,25,M,B,JM
MSP - DFS,2020-0CX-000336,20200111,GRAFTON,MV,M,25,M,B,JM
MSP - DFS,2020-0CX-000336,20200111,GRAFTON,MV,M,25,M,B,JM
MSP - DFS,2020-0A5-000220,20200111,LYNN,MV,M,25,M,H,MM
MSP - DFS,2020-0A5-000220,20200111,LYNN,MV,M,25,M,H,MM
MSP - DFS,2020-0A5-000220,20200111,LYNN,MV,M,25,M,H,MM
MSP - DFS,2020-0B3-000372,20200111,SPRINGFIELD,MV,M,28,M,H,PR
MSP - DFS,2020-0B3-000372,20200111,SPRINGFIELD,MV,M,28,M,H,PR
MSP - DFS,2020-0B3-000372,20200111,SPRINGFIELD,MV,M,28,M,H,PR
MSP - DFS,2020-0H2-000285,20200111,WESTWOOD,MV,M,30,M,H,PR
MSP - DFS,2020-0H2-000285,20200111,WESTWOOD,MV,M,30,M,H,PR
MSP - DFS,2020-0H8-000206,20200111,WESTON,90D,M,34,M,O,CN
MSP - DFS,2020-0B3-000363,20200111,SPRINGFIELD,MV,M,47,M,H,PR
MSP - DFS,2020-0H9-000348,20200111,BOSTON,90D,M,51,M,O,VM
MSP - DFS,2020-0H9-000348,20200111,BOSTON,MV,M,51,M,O,VM
MSP - DFS,2020-0A5-000234,20200111,REVERE,90D,M,54,M,H,DR
MSP - DFS,2020-0A5-000234,20200111,REVERE,MV,M,54,M,H,DR
MSP - DFS,2020-0A5-000234,20200111,REVERE,MV,M,54,M,H,DR
MSP - DFS,2020-0A5-000234,20200111,REVERE,MV,M,54,M,H,DR
MSP - DFS,2020-0A5-000234,20200111,REVERE,MV,M,54,M,H,DR
MSP - DFS,2020-0A1-000399,20200112,LAWRENCE,520,F,22,M,H,PR
MSP - DFS,2020-0A1-000399,20200112,LAWRENCE,520,F,22,M,H,PR
MSP - DFS,2020-0A1-000399,20200112,LAWRENCE,35A,F,22,M,H,PR
MSP - DFS,2020-0A1-000399,20200112,LAWRENCE,MV,M,22,M,H,PR
MSP - DFS,2020-0A6-000321,20200112,SAUGUS,90D,M,37,M,H,DR
MSP - DFS,2020-0A6-000321,20200112,SAUGUS,MV,M,37,M,H,DR
MSP - DFS,2020-0A6-000319,20200112,WOBURN,90D,M,38,M,W,BRA
MSP - DFS,2020-0A6-000319,20200112,WOBURN,MV,M,38,M,W,BRA
MSP - DFS,2020-0A6-000319,20200112,WOBURN,MV,M,38,M,W,BRA
MSP - DFS,2020-0H9-000383,20200112,BOSTON,90Z,W,40,M,H,DR
MSP - DFS,2020-0C2-000253,20200112,NORTHBOROUGH,90D,M,42,M,H,DR
MSP - DFS,2020-0C2-000253,20200112,NORTHBOROUGH,MV,M,42,M,H,DR
MSP - DFS,2020-0C2-000253,20200112,NORTHBOROUGH,MV,M,42,M,H,DR
MSP - DFS,2020-0H9-000368,20200112,BOSTON,MV,M,54,M,H,PR
MSP - DFS,2020-0H9-000368,20200112,BOSTON,MV,M,54,M,H,PR
MSP - DFS,2020-0H9-000368,20200112,BOSTON,MV,M,54,M,H,PR
MSP - DFS,2020-0H6-000349,20200113,BOSTON,35A,F,25,M,H,DR
MSP - DFS,2020-0H6-000349,20200113,BOSTON,35A,F,25,M,H,DR
MSP - DFS,2020-0A6-000345,20200113,PEABODY,90Z,W,25,F,H,DR
MSP - DFS,2020-0H6-000349,20200113,BOSTON,MV,M,25,M,H,DR
MSP - DFS,2020-0H6-000349,20200113,BOSTON,MV,M,25,M,H,DR
MSP - DFS,2020-0H6-000349,20200113,BOSTON,MV,O,25,M,H,DR
MSP - DFS,2020-0A6-000345,20200113,PEABODY,MV,M,25,F,H,DR
MSP - DFS,2020-0A6-000344,20200113,LYNNFIELD,90D,M,27,M,H,DR
MSP - DFS,2020-0A6-000344,20200113,LYNNFIELD,MV,M,27,M,H,DR
MSP - DFS,2020-0A6-000344,20200113,LYNNFIELD,MV,M,27,M,H,DR
MSP - DFS,2020-0A6-000344,20200113,LYNNFIELD,MV,M,27,M,H,DR
MSP - DFS,2020-0H9-000386,20200113,BOSTON,90D,M,28,F,W,BRA
MSP - DFS,2020-0H9-000386,20200113,BOSTON,MV,M,28,F,W,BRA
MSP - DFS,2020-0H9-000386,20200113,BOSTON,MV,M,28,F,W,BRA
MSP - DFS,2020-0CX-000404,20200113,STURBRIDGE,35A,F,29,M,H,DR
MSP - DFS,2020-0CX-000404,20200113,STURBRIDGE,35A,F,29,M,H,DR
MSP - DFS,2020-0CX-000404,20200113,STURBRIDGE,MV,M,29,M,H,DR
MSP - DFS,2020-0CX-000404,20200113,STURBRIDGE,MV,M,29,M,H,DR
MSP - DFS,2020-0CX-000391,20200113,MILLBURY,26A,M,31,M,H,BRA
MSP - DFS,2020-0CX-000391,20200113,MILLBURY,90D,M,31,M,H,BRA
MSP - DFS,2020-0CX-000391,20200113,MILLBURY,MV,M,31,M,H,BRA
MSP - DFS,2020-0CX-000391,20200113,MILLBURY,MV,M,31,M,H,BRA
MSP - DFS,2020-0CX-000391,20200113,MILLBURY,MV,M,31,M,H,BRA
MSP - DFS,2020-0CX-000391,20200113,MILLBURY,MV,M,31,M,H,BRA
MSP - DFS,2020-0CX-000391,20200113,MILLBURY,MV,M,31,M,H,BRA
MSP - DFS,2020-0B3-000421,20200113,SPRINGFIELD,35A,F,37,M,H,PR
MSP - DFS,2020-0B3-000421,20200113,SPRINGFIELD,MV,M,37,M,H,PR
MSP - DFS,2020-0B3-000421,20200113,SPRINGFIELD,MV,M,37,M,H,PR
MSP - DFS,2020-0F1-002604,20200113,BOSTON,23C,M,41,M,H,MM
MSP - DFS,2020-0C4-000152,20200114,BERLIN,90Z,W,55,M,H,BRA
MSP - DFS,2020-0B3-000451,20200114,CHICOPEE,MV,M,58,M,H,PR
MSP - DFS,2020-0B3-000451,20200114,CHICOPEE,MV,M,58,M,H,PR
MSP - DFS,2020-0B3-000469,20200115,SPRINGFIELD,240,M,22,M,B,SOMI
MSP - DFS,2020-0H4-000367,20200115,NEWTON,35A,F,22,M,B,HT
MSP - DFS,2020-0H4-000367,20200115,NEWTON,35A,F,22,M,B,HT
MSP - DFS,2020-0H4-000367,20200115,NEWTON,MV,M,22,M,B,HT
MSP - DFS,2020-0H4-000367,20200115,NEWTON,MV,M,22,M,B,HT
MSP - DFS,2020-0H4-000367,20200115,NEWTON,MV,M,22,M,B,HT
MSP - DFS,2020-0H4-000367,20200115,NEWTON,MV,,22,M,B,HT
MSP - DFS,2020-0H4-000367,20200115,NEWTON,MV,O,22,M,B,HT
MSP - DFS,2020-0B3-000469,20200115,SPRINGFIELD,240,M,23,M,B,SOMI
MSP - DFS,2020-0B3-000469,20200115,SPRINGFIELD,280,F,23,M,B,SOMI
MSP - DFS,2020-0B4-000373,20200115,NORTH ADAMS,90Z,W,25,F,H,U
MSP - DFS,2020-0D4-000457,20200116,BROCKTON,90Z,W,22,M,B,U
MSP - DFS,2020-0A4-000389,20200116,WOBURN,90Z,W,25,M,H,PR
MSP - DFS,2020-0A4-000389,20200116,WOBURN,90Z,W,25,M,H,PR
MSP - DFS,2020-0A4-000389,20200116,WOBURN,90Z,W,25,M,H,PR
MSP - DFS,2020-0A4-000389,20200116,WOBURN,MV,M,25,M,H,PR
MSP - DFS,2020-0H9-000504,20200116,BOSTON,90Z,W,39,F,B,HT
MSP - DFS,2020-0A4-000389,20200116,WOBURN,90Z,W,43,M,H,PR
MSP - DFS,2020-0A4-000389,20200116,WOBURN,MV,M,43,M,H,PR
MSP - DFS,2020-0A4-000389,20200116,WOBURN,MV,M,43,M,H,PR
MSP - DFS,2020-0H9-000518,20200117,BOSTON,MV,M,26,M,H,DR
MSP - DFS,2020-0H9-000518,20200117,BOSTON,MV,M,26,M,H,DR
MSP - DFS,2020-0H7-000411,20200117,BROCKTON,90Z,W,28,M,H,PR
MSP - DFS,2020-0D1-000296,20200117,WEYMOUTH,90Z,W,32,M,W,BRA
MSP - DFS,2020-0D1-000296,20200117,WEYMOUTH,MV,M,32,M,W,BRA
MSP - DFS,2020-0D1-000296,20200117,WEYMOUTH,MV,M,32,M,W,BRA
MSP - DFS,2020-0D3-000567,20200117,NEW BEDFORD,35A,F,37,F,W,U
MSP - DFS,2020-0D3-000567,20200117,NEW BEDFORD,90D,M,37,F,W,U
MSP - DFS,2020-0D3-000567,20200117,NEW BEDFORD,MV,M,37,F,W,U
MSP - DFS,2020-0D3-000567,20200117,NEW BEDFORD,MV,M,37,F,W,U
MSP - DFS,2020-0D3-000567,20200117,NEW BEDFORD,MV,M,37,F,W,U
MSP - DFS,2020-0D3-000567,20200117,NEW BEDFORD,MV,M,37,F,W,U
MSP - DFS,2020-0CX-000558,20200117,PALMER,MV,M,40,M,H,PR
MSP - DFS,2020-0CX-000558,20200117,PALMER,MV,M,40,M,H,PR
MSP - DFS,2020-0CX-000558,20200117,PALMER,MV,M,40,M,H,PR
MSP - DFS,2020-0H6-000457,20200117,MILTON,90D,M,47,M,H,PR
MSP - DFS,2020-0H6-000457,20200117,MILTON,MV,M,47,M,H,PR
MSP - DFS,2020-0H6-000457,20200117,MILTON,MV,M,47,M,H,PR
MSP - DFS,2020-0H6-000457,20200117,MILTON,MV,O,47,M,H,PR
MSP - DFS,2020-0D6-000025,20200117,NANTUCKET,MV,M,49,M,H,BRA
MSP - DFS,2020-0D6-000025,20200117,NANTUCKET,MV,M,49,M,H,BRA
MSP - DFS,2020-0D6-000025,20200117,NANTUCKET,MV,M,49,M,H,BRA
MSP - DFS,2020-0A5-000385,20200118,REVERE,90D,M,33,U,H,CB
MSP - DFS,2020-0A5-000385,20200118,REVERE,MV,M,33,U,H,CB
MSP - DFS,2020-0A5-000385,20200118,REVERE,MV,M,33,U,H,CB
MSP - DFS,2020-0A1-000582,20200118,ANDOVER,90Z,W,38,M,H,BRA
MSP - DFS,2020-0A1-000582,20200118,ANDOVER,MV,M,38,M,H,BRA
MSP - DFS,2020-0A1-000582,20200118,ANDOVER,MV,M,38,M,H,BRA
MSP - DFS,2020-GEU-000007,20200118,PLAINVILLE,90,M,40,F,I,AMI
MSP - DFS,2020-GEU-000007,20200118,PLAINVILLE,13A or 13B,M,40,F,I,AMI
MSP - DFS,2020-GEU-000007,20200118,PLAINVILLE,13A-13C,M,40,F,I,AMI
MSP - DFS,2020-0B3-000544,20200118,CHICOPEE,90D,M,44,M,H,PR
MSP - DFS,2020-0B3-000544,20200118,CHICOPEE,MV,M,44,M,H,PR
MSP - DFS,2020-0B3-000544,20200118,CHICOPEE,MV,M,44,M,H,PR
MSP - DFS,2020-0H9-000553,20200118,BOSTON,90Z,W,46,M,H,DR
MSP - DFS,2020-0H9-000553,20200118,BOSTON,90Z,W,46,M,H,DR
MSP - DFS,2020-0A6-000530,20200119,PEABODY,90Z,W,20,F,B,JM
MSP - DFS,2020-0B3-000588,20200119,SPRINGFIELD,90Z,W,25,M,H,PR
MSP - DFS,2020-0H4-000496,20200119,BOSTON,35A,F,26,M,B,HT
MSP - DFS,2020-0H4-000496,20200119,BOSTON,90D,M,26,M,B,HT
MSP - DFS,2020-0C5-000305,20200119,STURBRIDGE,MV,M,26,M,H,PR
MSP - DFS,2020-0C5-000305,20200119,STURBRIDGE,MV,M,26,M,H,PR
MSP - DFS,2020-0H4-000505,20200119,WATERTOWN,90Z,W,37,M,O,LAOS
MSP - DFS,2020-0D3-000638,20200119,NEW BEDFORD,90D,M,39,M,W,PR
MSP - DFS,2020-0D3-000638,20200119,NEW BEDFORD,MV,M,39,M,W,PR
MSP - DFS,2020-0D3-000638,20200119,NEW BEDFORD,MV,M,39,M,W,PR
MSP - DFS,2020-0B3-000592,20200119,SPRINGFIELD,MV,M,43,M,B,U
MSP - DFS,2020-0B3-000592,20200119,SPRINGFIELD,MV,M,43,M,B,U
MSP - DFS,2020-0B4-000456,20200119,NEW ASHFORD,MV,M,53,M,W,EN
MSP - DFS,2020-0B4-000456,20200119,NEW ASHFORD,MV,M,53,M,W,EN
MSP - DFS,2020-0H6-000519,20200119,BOSTON,90D,M,66,M,W,IRE
MSP - DFS,2020-0H2-000534,20200120,DEDHAM,90Z,W,27,U,H,PR
MSP - DFS,2020-0CX-000671,20200120,CHARLTON,35A,F,47,M,H,PR
MSP - DFS,2020-0CX-000671,20200120,CHARLTON,35A,F,47,M,H,PR
MSP - DFS,2020-0A4-000471,20200120,MALDEN,90Z,W,60,M,W,ITAL
MSP - DFS,2020-0A4-000471,20200120,MALDEN,90Z,W,60,M,W,ITAL
MSP - DFS,2020-0A5-000485,20200121,REVERE,90,M,22,F,B,HT
MSP - DFS,2020-0A5-000485,20200121,REVERE,13A,F,22,F,B,HT
MSP - DFS,2020-0A5-000485,20200121,REVERE,13A or 13B,M,22,F,B,HT
MSP - DFS,2020-0A5-000485,20200121,REVERE,13A-13C,M,22,F,B,HT
MSP - DFS,2020-0A5-000485,20200121,REVERE,MV,M,22,F,B,HT
MSP - DFS,2020-0H9-000643,20200121,BOSTON,MV,M,24,M,H,BRA
MSP - DFS,2020-0H9-000643,20200121,BOSTON,MV,M,24,M,H,BRA
MSP - DFS,2020-0H9-000643,20200121,BOSTON,MV,M,24,M,H,BRA
MSP - DFS,2020-0H9-000643,20200121,BOSTON,MV,M,24,M,H,BRA
MSP - DFS,2020-0B3-000646,20200121,LONGMEADOW,MV,M,35,M,H,BRA
MSP - DFS,2020-0B3-000646,20200121,LONGMEADOW,MV,M,35,M,H,BRA
MSP - DFS,2020-0A4-000494,20200121,EVERETT,MV,M,42,M,B,HT
MSP - DFS,2020-0B3-000622,20200121,CHICOPEE,90D,M,42,M,H,PR
MSP - DFS,2020-0B3-000622,20200121,CHICOPEE,90G,M,42,M,H,PR
MSP - DFS,2020-0B3-000622,20200121,CHICOPEE,MV,M,42,M,H,PR
MSP - DFS,2020-0B3-000622,20200121,CHICOPEE,MV,M,42,M,H,PR
MSP - DFS,2020-0F1-004434,20200121,BOSTON,90,M,43,M,W,U
MSP - DFS,2020-0F1-004434,20200121,BOSTON,290,M,43,M,W,U
MSP - DFS,2020-0F1-004434,20200121,BOSTON,90Z,,43,M,W,U
MSP - DFS,2020-0F1-004434,20200121,BOSTON,C90C,M,43,M,W,U
MSP - DFS,2020-0A1-000707,20200122,LAWRENCE,240,M,22,M,H,DR
MSP - DFS,2020-0A1-000707,20200122,LAWRENCE,280,F,22,M,H,DR
MSP - DFS,2020-0A1-000707,20200122,LAWRENCE,13A-13C,M,22,M,H,DR
MSP - DFS,2020-0A1-000707,20200122,LAWRENCE,35A,F,22,M,H,DR
MSP - DFS,2020-0A1-000707,20200122,LAWRENCE,MV,M,22,M,H,DR
MSP - DFS,2020-0A1-000707,20200122,LAWRENCE,MV,M,22,M,H,DR
MSP - DFS,2020-0A1-000705,20200122,LAWRENCE,90Z,W,25,M,H,DR
MSP - DFS,2020-0B8-000393,20200122,WESTFIELD,90Z,W,26,M,H,PR
MSP - DFS,2020-0CX-000729,20200122,WESTBOROUGH,MV,M,34,M,H,PR
MSP - DFS,2020-0A1-000744,20200122,METHUEN,90Z,W,40,M,W,BRA
MSP - DFS,2020-0C2-000548,20200122,WORCESTER,90Z,W,41,M,H,PR
MSP - DFS,2020-0H4-000605,20200122,CAMBRIDGE,90Z,W,42,M,H,HB
MSP - DFS,2020-0C5-000350,20200122,WEBSTER,MV,M,52,M,H,PR
MSP - DFS,2020-0C5-000350,20200122,WEBSTER,MV,M,52,M,H,PR
MSP - DFS,2020-0C5-000350,20200122,WEBSTER,MV,O,52,M,H,PR
MSP - DFS,2020-0C5-000350,20200122,WEBSTER,MV,M,52,M,H,PR
MSP - DFS,2020-0A3-000679,20200122,BILLERICA,90Z,W,54,M,H,BRA
MSP - DFS,2020-0A3-000679,20200122,BILLERICA,90Z,W,54,M,H,BRA
MSP - DFS,2020-0A3-000679,20200122,BILLERICA,MV,M,54,M,H,BRA
MSP - DFS,2020-0A3-000679,20200122,BILLERICA,MV,M,54,M,H,BRA
MSP - DFS,2020-0B3-000703,20200123,CHICOPEE,35A,F,25,M,H,PR
MSP - DFS,2020-0B3-000703,20200123,CHICOPEE,35A,F,25,M,H,PR
MSP - DFS,2020-0B3-000703,20200123,CHICOPEE,90J,M,25,M,H,PR
MSP - DFS,2020-0A1-000762,20200123,METHUEN,90Z,W,27,F,H,DR
MSP - DFS,2020-0C1-000356,20200123,WESTMINSTER,35A,F,31,M,H,PR
MSP - DFS,2020-0C1-000356,20200123,WESTMINSTER,35A,F,31,M,H,PR
MSP - DFS,2020-0C1-000356,20200123,WESTMINSTER,MV,M,31,M,H,PR
MSP - DFS,2020-0C1-000356,20200123,WESTMINSTER,MV,M,31,M,H,PR
MSP - DFS,2020-0C6-000654,20200123,WORCESTER,"510,13C",F,41,M,H,PR
MSP - DFS,2020-0C6-000654,20200123,WORCESTER,90D,M,41,M,H,PR
MSP - DFS,2020-0C6-000654,20200123,WORCESTER,MV,M,41,M,H,PR
MSP - DFS,2020-0C6-000654,20200123,WORCESTER,MV,M,41,M,H,PR
MSP - DFS,2020-0A1-000763,20200123,LAWRENCE,90Z,W,46,M,H,PR
MSP - DFS,2020-0A5-000544,20200123,REVERE,90D,M,51,F,H,PR
MSP - DFS,2020-0A5-000544,20200123,REVERE,MV,M,51,F,H,PR
MSP - DFS,2020-0A5-000544,20200123,REVERE,MV,,51,F,H,PR
MSP - DFS,2020-0A5-000544,20200123,REVERE,MV,M,51,F,H,PR
MSP - DFS,2020-0A4-000557,20200123,EVERETT,90Z,W,56,M,H,CB
MSP - DFS,2020-0A4-000557,20200123,EVERETT,MV,M,56,M,H,CB
MSP - DFS,2020-0C4-000304,20200123,FITCHBURG,90G,M,64,M,H,PR
MSP - DFS,2020-0C4-000304,20200123,FITCHBURG,MV,M,64,M,H,PR
MSP - DFS,2020-0H7-000620,20200124,RANDOLPH,90Z,W,24,M,O,VM
MSP - DFS,2020-0D6-000042,20200124,NANTUCKET,MV,M,25,M,H,MM
MSP - DFS,2020-0D6-000042,20200124,NANTUCKET,MV,M,25,M,H,MM
MSP - DFS,2020-0C4-000314,20200124,FITCHBURG,35A,F,29,M,H,PR
MSP - DFS,2020-0C4-000314,20200124,FITCHBURG,MV,M,29,M,H,PR
MSP - DFS,2020-0C4-000314,20200124,FITCHBURG,MV,M,29,M,H,PR
MSP - DFS,2020-0C4-000314,20200124,FITCHBURG,MV,M,29,M,H,PR
MSP - DFS,2020-0B1-000616,20200124,LENOX,90Z,W,32,U,B,U
MSP - DFS,2020-0D4-000685,20200124,BROCKTON,MV,M,33,M,B,HT
MSP - DFS,2020-0D4-000685,20200124,BROCKTON,MV,M,33,M,B,HT
MSP - DFS,2020-0A1-000804,20200124,LAWRENCE,90D,M,35,M,H,DR
MSP - DFS,2020-0A1-000804,20200124,LAWRENCE,MV,M,35,M,H,DR
MSP - DFS,2020-0A5-000547,20200124,LYNN,90D,M,36,M,H,DR
MSP - DFS,2020-0A5-000547,20200124,LYNN,MV,M,36,M,H,DR
MSP - DFS,2020-0CX-000788,20200124,STURBRIDGE,90Z,W,41,F,W,IRE
MSP - DFS,2020-0F1-004994,20200124,BOSTON,90,M,64,M,B,SOMI
MSP - DFS,2020-0F1-004994,20200124,BOSTON,13A or 13B,M,64,M,B,SOMI
MSP - DFS,2020-0F1-004994,20200124,BOSTON,13A-13B,F,64,M,B,SOMI
MSP - DFS,2020-0F1-004994,20200124,BOSTON,13A-13B,F,64,M,B,SOMI
MSP - DFS,2020-0B3-000755,20200125,CHICOPEE,520,F,21,M,H,PR
MSP - DFS,2020-0B3-000755,20200125,CHICOPEE,520,F,21,M,H,PR
MSP - DFS,2020-0B3-000755,20200125,CHICOPEE,520,F,21,M,H,PR
MSP - DFS,2020-0B3-000755,20200125,CHICOPEE,35A,F,21,M,H,PR
MSP - DFS,2020-0B3-000755,20200125,CHICOPEE,35A,F,21,M,H,PR
MSP - DFS,2020-0D4-000694,20200125,BROCKTON,90D,M,22,M,W,U
MSP - DFS,2020-0D4-000694,20200125,BROCKTON,MV,M,22,M,W,U
MSP - DFS,2020-0D4-000694,20200125,BROCKTON,MV,M,22,M,W,U
MSP - DFS,2020-0D4-000694,20200125,BROCKTON,MV,M,22,M,W,U
MSP - DFS,2020-0D4-000694,20200125,BROCKTON,MV,M,22,M,W,U
MSP - DFS,2020-0D4-000694,20200125,BROCKTON,MV,M,22,M,W,U
MSP - DFS,2020-0B3-000755,20200125,CHICOPEE,520,F,25,M,H,PR
MSP - DFS,2020-0B3-000755,20200125,CHICOPEE,520,F,25,M,H,PR
MSP - DFS,2020-0B3-000755,20200125,CHICOPEE,520,F,25,M,H,PR
MSP - DFS,2020-0B3-000755,20200125,CHICOPEE,35A,F,25,M,H,PR
MSP - DFS,2020-0B3-000755,20200125,CHICOPEE,35A,F,25,M,H,PR
MSP - DFS,2020-0A5-000573,20200125,BOSTON,90Z,W,25,M,H,CB
MSP - DFS,2020-0A5-000573,20200125,BOSTON,MV,M,25,M,H,CB
MSP - DFS,2020-0A5-000573,20200125,BOSTON,MV,M,25,M,H,CB
MSP - DFS,2020-0C2-000637,20200125,BELLINGHAM,90Z,W,27,M,H,PR
MSP - DFS,2020-0A6-000730,20200125,MALDEN,90Z,W,28,M,W,BRA
MSP - DFS,2020-0A6-000730,20200125,MALDEN,90Z,W,28,M,W,BRA
MSP - DFS,2020-0A6-000730,20200125,MALDEN,MV,M,28,M,W,BRA
MSP - DFS,2020-0A6-000730,20200125,MALDEN,MV,M,28,M,W,BRA
MSP - DFS,2020-0A6-000730,20200125,MALDEN,MV,M,28,M,W,BRA
MSP - DFS,2020-0C4-000340,20200125,HARVARD,90Z,W,29,M,H,BRA
MSP - DFS,2020-0C4-000340,20200125,HARVARD,MV,M,29,M,H,BRA
MSP - DFS,2020-0C4-000340,20200125,HARVARD,MV,M,29,M,H,BRA
MSP - DFS,2020-0C4-000340,20200125,HARVARD,MV,O,29,M,H,BRA
MSP - DFS,2020-0A6-000746,20200125,DANVERS,90Z,W,30,M,H,DR
MSP - DFS,2020-0A4-000617,20200125,EVERETT,13A-13B,F,32,M,O,CA
MSP - DFS,2020-0B4-000602,20200125,PITTSFIELD,90Z,W,32,M,H,PR
MSP - DFS,2020-0B4-000602,20200125,PITTSFIELD,MV,M,32,M,H,PR
MSP - DFS,2020-0H9-000780,20200125,BOSTON,90D,M,33,F,H,CC
MSP - DFS,2020-0H9-000780,20200125,BOSTON,MV,M,33,F,H,CC
MSP - DFS,2020-0H9-000780,20200125,BOSTON,MV,M,33,F,H,CC
MSP - DFS,2020-0C4-000343,20200125,FITCHBURG,35A,F,34,M,H,DR
MSP - DFS,2020-0A4-000615,20200125,SOMERVILLE,MV,M,44,M,B,JM
MSP - DFS,2020-0A4-000620,20200125,MEDFORD,MV,M,45,M,H,CB
MSP - DFS,2020-0A4-000620,20200125,MEDFORD,MV,O,45,M,H,CB
MSP - DFS,2020-0B2-000537,20200125,GREENFIELD,90Z,W,59,M,W,U
MSP - DFS,2020-0B2-000537,20200125,GREENFIELD,90Z,W,59,M,W,U
MSP - DFS,2020-0B2-000537,20200125,GREENFIELD,MV,M,59,M,W,U
MSP - DFS,2020-0A1-000891,20200126,TEWKSBURY,90D,M,27,M,W,BRA
MSP - DFS,2020-0A1-000891,20200126,TEWKSBURY,MV,M,27,M,W,BRA
MSP - DFS,2020-0A1-000891,20200126,TEWKSBURY,MV,M,27,M,W,BRA
MSP - DFS,2020-0D2-000509,20200126,BARNSTABLE,MV,M,28,M,H,MM
MSP - DFS,2020-0D2-000509,20200126,BARNSTABLE,MV,M,28,M,H,MM
MSP - DFS,2020-0D2-000509,20200126,BARNSTABLE,MV,M,28,M,H,MM
MSP - DFS,2020-0H4-000728,20200126,BOSTON,MV,M,31,M,H,MM
MSP - DFS,2020-0H4-000728,20200126,BOSTON,MV,M,31,M,H,MM
MSP - DFS,2020-0CX-000842,20200126,CHARLTON,90D,M,36,M,B,HT
MSP - DFS,2020-0CX-000842,20200126,CHARLTON,MV,M,36,M,B,HT
MSP - DFS,2020-0CX-000842,20200126,CHARLTON,MV,M,36,M,B,HT
MSP - DFS,2020-0A3-000784,20200126,WALTHAM,90Z,W,50,M,B,HT
MSP - DFS,2020-0H7-000656,20200126,CANTON,90D,M,55,M,W,GR
MSP - DFS,2020-0H7-000656,20200126,CANTON,MV,M,55,M,W,GR
MSP - DFS,2020-0H9-000869,20200127,BOSTON,MV,M,24,M,H,BRA
MSP - DFS,2020-0H9-000869,20200127,BOSTON,MV,M,24,M,H,BRA
MSP - DFS,2020-0H9-000869,20200127,BOSTON,MV,M,24,M,H,BRA
MSP - DFS,2020-0C6-000769,20200127,WORCESTER,90Z,W,28,M,H,PR
MSP - DFS,2020-0C6-000769,20200127,WORCESTER,MV,M,28,M,H,PR
MSP - DFS,2020-0C6-000769,20200127,WORCESTER,MV,M,28,M,H,PR
MSP - DFS,2020-0F1-005612,20200127,BOSTON,MV,M,29,U,H,HB
MSP - DFS,2020-0B3-000801,20200127,SPRINGFIELD,35A,F,31,M,H,PR
MSP - DFS,2020-0B3-000801,20200127,SPRINGFIELD,MV,M,31,M,H,PR
MSP - DFS,2020-0B3-000801,20200127,SPRINGFIELD,MV,M,31,M,H,PR
MSP - DFS,2020-0H6-000711,20200127,BOSTON,MV,M,31,M,J,EY
MSP - DFS,2020-0H6-000711,20200127,BOSTON,MV,M,31,M,J,EY
MSP - DFS,2020-0H6-000711,20200127,BOSTON,MV,M,31,M,J,EY
MSP - DFS,2020-0H8-000592,20200127,BOSTON,90D,M,32,M,B,SOMI
MSP - DFS,2020-0H8-000592,20200127,BOSTON,90G,M,32,M,B,SOMI
MSP - DFS,2020-0H8-000592,20200127,BOSTON,MV,M,32,M,B,SOMI
MSP - DFS,2020-0H8-000592,20200127,BOSTON,MV,M,32,M,B,SOMI
MSP - DFS,2020-0B2-000566,20200127,GREENFIELD,35A,F,33,M,W,SX
MSP - DFS,2020-0B2-000566,20200127,GREENFIELD,90D,F,33,M,W,SX
MSP - DFS,2020-0B2-000566,20200127,GREENFIELD,90Z,F,33,M,W,SX
MSP - DFS,2020-0B2-000566,20200127,GREENFIELD,MV,M,33,M,W,SX
MSP - DFS,2020-0B2-000566,20200127,GREENFIELD,MV,M,33,M,W,SX
MSP - DFS,2020-0H9-000844,20200127,BOSTON,90D,M,34,M,H,DR
MSP - DFS,2020-0H9-000844,20200127,BOSTON,MV,M,34,M,H,DR
MSP - DFS,2020-0H9-000844,20200127,BOSTON,MV,M,34,M,H,DR
MSP - DFS,2020-0H7-000683,20200127,BROCKTON,MV,M,35,M,H,PR
MSP - DFS,2020-0B5-000537,20200127,HUNTINGTON,90Z,W,37,M,U,U
MSP - DFS,2020-0B5-000537,20200127,HUNTINGTON,MV,M,37,M,U,U
MSP - DFS,2020-0D4-000777,20200127,TAUNTON,90,M,45,M,W,U
MSP - DFS,2020-0D4-000777,20200127,TAUNTON,"13C,90Z",M,45,M,W,U
MSP - DFS,2020-0D4-000777,20200127,TAUNTON,MV,M,45,M,W,U
MSP - DFS,2020-0D4-000777,20200127,TAUNTON,MV,M,45,M,W,U
MSP - DFS,2020-0D4-000777,20200127,TAUNTON,MV,M,45,M,W,U
MSP - DFS,2020-0A5-000696,20200128,REVERE,90Z,W,21,M,W,IRE
MSP - DFS,2020-0D3-001009,20200128,FALL RIVER,35A,F,24,M,H,DR
MSP - DFS,2020-0D3-001009,20200128,FALL RIVER,90Z,F,24,M,H,DR
MSP - DFS,2020-0D3-001009,20200128,FALL RIVER,35A,F,26,M,H,DR
MSP - DFS,2020-0D3-001009,20200128,FALL RIVER,90Z,F,26,M,H,DR
MSP - DFS,2020-0D3-000999,20200128,FALL RIVER,35A,F,31,M,W,U
MSP - DFS,2020-0D3-000999,20200128,FALL RIVER,MV,M,31,M,W,U
MSP - DFS,2020-0C2-000701,20200128,MILFORD,90Z,W,37,M,H,BRA
MSP - DFS,2020-0C2-000701,20200128,MILFORD,90Z,W,37,M,H,BRA
MSP - DFS,2020-0C2-000701,20200128,MILFORD,MV,M,37,M,H,BRA
MSP - DFS,2020-0C4-000375,20200128,HARVARD,90Z,W,39,M,O,CA
MSP - DFS,2020-0C4-000375,20200128,HARVARD,90Z,W,39,M,O,CA
MSP - DFS,2020-0C4-000375,20200128,HARVARD,90Z,W,39,M,O,CA
MSP - DFS,2020-0C6-000827,20200128,STERLING,MV,M,47,M,H,MM
MSP - DFS,2020-0A4-000658,20200128,EVERETT,90Z,W,51,M,W,BRA
MSP - DFS,2020-0A4-000658,20200128,EVERETT,MV,M,51,M,W,BRA
MSP - DFS,2020-0A4-000658,20200128,EVERETT,MV,M,51,M,W,BRA
MSP - DFS,2020-0A4-000677,20200129,MEDFORD,90D,M,22,M,O,CN
MSP - DFS,2020-0A4-000677,20200129,MEDFORD,MV,M,22,M,O,CN
MSP - DFS,2020-0A4-000677,20200129,MEDFORD,MV,M,22,M,O,CN
MSP - DFS,2020-0B3-000829,20200129,LONGMEADOW,90Z,W,27,M,H,PR
MSP - DFS,2020-0B3-000829,20200129,LONGMEADOW,90Z,W,27,M,H,PR
MSP - DFS,2020-0B3-000829,20200129,LONGMEADOW,90Z,W,27,M,H,PR
MSP - DFS,2020-0B3-000829,20200129,LONGMEADOW,90Z,W,27,M,H,PR
MSP - DFS,2020-0D2-000552,20200129,BARNSTABLE,MV,M,33,M,H,PR
MSP - DFS,2020-0D2-000552,20200129,BARNSTABLE,MV,M,33,M,H,PR
MSP - DFS,2020-0D2-000552,20200129,BARNSTABLE,MV,M,33,M,H,PR
MSP - DFS,2020-0H9-000923,20200129,BOSTON,90Z,W,37,M,W,BRA
MSP - DFS,2020-0H9-000923,20200129,BOSTON,MV,M,37,M,W,BRA
MSP - DFS,2020-0H9-000923,20200129,BOSTON,MV,M,37,M,W,BRA
MSP - DFS,2020-0H9-000923,20200129,BOSTON,MV,M,37,M,W,BRA
MSP - DFS,2020-0D4-000841,20200129,TAUNTON,90Z,W,40,U,H,MM
MSP - DFS,2020-0D4-000841,20200129,TAUNTON,MV,M,40,U,H,MM
MSP - DFS,2020-0F1-006040,20200129,BOSTON,MV,M,40,M,H,BRA
MSP - DFS,2020-0H6-000764,20200129,QUINCY,90Z,W,57,F,W,ITAL
MSP - DFS,2020-0H4-000925,20200130,BOSTON,520,F,22,M,H,DR
MSP - DFS,2020-0H4-000925,20200130,BOSTON,MV,M,22,M,H,DR
MSP - DFS,2020-0A1-001005,20200130,LAWRENCE,90Z,W,23,M,H,DR
MSP - DFS,2020-0A1-001005,20200130,LAWRENCE,90Z,W,23,M,H,DR
MSP - DFS,2020-0A1-001005,20200130,LAWRENCE,MV,M,23,M,H,DR
MSP - DFS,2020-0A1-001005,20200130,LAWRENCE,MV,M,23,M,H,DR
MSP - DFS,2020-0A1-001024,20200130,ANDOVER,90Z,W,24,M,W,IS
MSP - DFS,2020-0H4-000912,20200130,CAMBRIDGE,520,F,27,M,H,DR
MSP - DFS,2020-0H4-000912,20200130,CAMBRIDGE,MV,M,27,M,H,DR
MSP - DFS,2020-0H4-000912,20200130,CAMBRIDGE,MV,M,27,M,H,DR
MSP - DFS,2020-0H4-000912,20200130,CAMBRIDGE,MV,M,27,M,H,DR
MSP - DFS,2020-0H9-000964,20200130,BOSTON,90Z,M,32,M,H,PR
MSP - DFS,2020-0H9-000964,20200130,BOSTON,MV,O,32,M,H,PR
MSP - DFS,2020-0H9-000964,20200130,BOSTON,MV,M,32,M,H,PR
MSP - DFS,2020-0H9-000964,20200130,BOSTON,MV,M,32,M,H,PR
MSP - DFS,2020-0H9-000964,20200130,BOSTON,MV,M,32,M,H,PR
MSP - DFS,2020-0B3-000857,20200130,CHICOPEE,35A,F,34,F,H,PR
MSP - DFS,2020-0B3-000857,20200130,CHICOPEE,35A,F,34,F,H,PR
MSP - DFS,2020-0B3-000857,20200130,CHICOPEE,MV,M,34,F,H,PR
MSP - DFS,2020-0C4-000421,20200130,FITCHBURG,35A,F,36,M,H,PR
MSP - DFS,2020-0C4-000421,20200130,FITCHBURG,35A,F,36,M,H,PR
MSP - DFS,2020-0C4-000421,20200130,FITCHBURG,35A,F,36,M,H,PR
MSP - DFS,2020-0D6-000055,20200130,NANTUCKET,90Z,W,36,M,H,BRA
MSP - DFS,2020-0D6-000055,20200130,NANTUCKET,MV,M,41,M,H,BRA
MSP - DFS,2020-0D6-000055,20200130,NANTUCKET,MV,M,41,M,H,BRA
MSP - DFS,2020-0CX-000987,20200130,WARREN,90D,F,46,M,W,ITAL
MSP - DFS,2020-0CX-000987,20200130,WARREN,90G,M,46,M,W,ITAL
MSP - DFS,2020-0H3-000725,20200131,PLAINVILLE,90D,M,23,M,W,BRA
MSP - DFS,2020-0H3-000725,20200131,PLAINVILLE,MV,M,23,M,W,BRA
MSP - DFS,2020-0H3-000725,20200131,PLAINVILLE,MV,M,23,M,W,BRA
MSP - DFS,2020-0H3-000725,20200131,PLAINVILLE,MV,M,23,M,W,BRA
MSP - DFS,2020-0H3-000725,20200131,PLAINVILLE,MV,M,23,M,W,BRA
MSP - DFS,2020-0H3-000725,20200131,PLAINVILLE,MV,M,23,M,W,BRA
MSP - DFS,2020-0B3-000917,20200131,SPRINGFIELD,35A,F,26,M,H,PR
MSP - DFS,2020-0H6-000820,20200131,BOSTON,90Z,W,26,M,H,DR
MSP - DFS,2020-0B3-000917,20200131,SPRINGFIELD,90Z,W,26,M,H,PR
MSP - DFS,2020-0H6-000820,20200131,BOSTON,90Z,M,26,M,H,DR
MSP - DFS,2020-0B3-000917,20200131,SPRINGFIELD,MV,M,26,M,H,PR
MSP - DFS,2020-0B3-000917,20200131,SPRINGFIELD,MV,M,26,M,H,PR
MSP - DFS,2020-0B3-000893,20200131,SPRINGFIELD,MV,M,35,M,H,BRA
MSP - DFS,2020-0B3-000893,20200131,SPRINGFIELD,MV,M,35,M,H,BRA
MSP - DFS,2020-0H6-000827,20200131,BOSTON,90Z,W,38,M,W,G
MSP - DFS,2020-0H6-000827,20200131,BOSTON,90Z,W,38,M,W,G
MSP - DFS,2020-0H6-000827,20200131,BOSTON,90Z,W,38,M,W,G
MSP - DFS,2020-0H6-000827,20200131,BOSTON,90Z,W,38,M,W,G
MSP - DFS,2020-0H6-000827,20200131,BOSTON,MV,M,38,M,W,G
MSP - DFS,2020-0H6-000827,20200131,BOSTON,MV,M,38,M,W,G
MSP - DFS,2020-0H6-000827,20200131,BOSTON,MV,M,38,M,W,G
MSP - DFS,2020-0A4-000737,20200131,WOBURN,90Z,W,42,F,W,DR
MSP - DFS,2020-0A4-000737,20200131,WOBURN,MV,M,42,F,W,DR
MSP - DFS,2020-0A6-000888,20200131,LYNNFIELD,90D,M,62,M,W,SX
MSP - DFS,2020-0A6-000888,20200131,LYNNFIELD,MV,M,62,M,W,SX
MSP - DFS,2020-0A6-000888,20200131,LYNNFIELD,MV,O,62,M,W,SX
MSP - DFS,2020-0D4-000920,20200201,WEST BRIDGEWATER,90Z,W,21,M,B,HT
MSP - DFS,2020-0D4-000920,20200201,WEST BRIDGEWATER,MV,M,21,M,B,HT
MSP - DFS,2020-0A3-000971,20200201,LOWELL,90Z,W,23,M,H,PR
MSP - DFS,2020-0D7-000961,20200201,SANDWICH,90D,M,26,M,W,GR
MSP - DFS,2020-0H7-000807,20200201,RANDOLPH,90,M,27,F,B,HT
MSP - DFS,2020-0H7-000807,20200201,RANDOLPH,13A or 13B,M,27,F,B,HT
MSP - DFS,2020-0H7-000807,20200201,RANDOLPH,13A-13C,M,27,F,B,HT
MSP - DFS,2020-0H7-000809,20200201,AVON,90D,M,29,M,H,PR
MSP - DFS,2020-0H7-000809,20200201,AVON,MV,M,29,M,H,PR
MSP - DFS,2020-0B3-000928,20200201,SPRINGFIELD,90D,M,30,M,H,PR
MSP - DFS,2020-0B3-000928,20200201,SPRINGFIELD,90G,M,30,M,H,PR
MSP - DFS,2020-0B3-000928,20200201,SPRINGFIELD,MV,M,30,M,H,PR
MSP - DFS,2020-0C2-000774,20200201,MILFORD,MV,M,43,M,H,BRA
MSP - DFS,2020-0C2-000774,20200201,MILFORD,MV,M,43,M,H,BRA
MSP - DFS,2020-0B3-000938,20200201,SPRINGFIELD,90Z,W,48,M,H,PR
MSP - DFS,2020-0B3-000938,20200201,SPRINGFIELD,MV,M,48,M,H,PR
MSP - DFS,2020-0D3-001181,20200201,DARTMOUTH,90Z,W,51,M,H,PR
MSP - DFS,2020-0H7-000822,20200201,MILTON,MV,M,51,M,H,PR
MSP - DFS,2020-0D3-001181,20200201,DARTMOUTH,MV,M,51,M,H,PR
MSP - DFS,2020-0D3-001181,20200201,DARTMOUTH,MV,M,51,M,H,PR
MSP - DFS,2020-0C6-000959,20200202,WORCESTER,90D,M,37,M,H,PR
MSP - DFS,2020-0C6-000959,20200202,WORCESTER,90G,M,37,M,H,PR
MSP - DFS,2020-0C6-000959,20200202,WORCESTER,MV,M,37,M,H,PR
MSP - DFS,2020-0H3-000778,20200202,SHARON,90Z,W,48,M,H,MM
MSP - DFS,2020-0H3-000778,20200202,SHARON,MV,M,48,M,H,MM
MSP - DFS,2020-0H3-000778,20200202,SHARON,MV,M,48,M,H,MM
MSP - DFS,2020-0A3-001014,20200202,LEXINGTON,90D,M,56,M,I,AMI
MSP - DFS,2020-0A3-001014,20200202,LEXINGTON,MV,M,56,M,I,AMI
MSP - DFS,2020-0B3-000954,20200202,SPRINGFIELD,90D,M,57,M,O,CA
MSP - DFS,2020-0B3-000954,20200202,SPRINGFIELD,MV,M,57,M,O,CA
MSP - DFS,2020-0B3-000954,20200202,SPRINGFIELD,MV,M,57,M,O,CA
MSP - DFS,2020-0A1-001129,20200203,LAWRENCE,90Z,W,22,M,H,PR
MSP - DFS,2020-0A1-001098,20200203,LAWRENCE,90Z,W,24,M,H,DR
MSP - DFS,2020-0C2-000834,20200203,SHREWSBURY,35A,F,33,M,H,PR
MSP - DFS,2020-0C2-000834,20200203,SHREWSBURY,35A,F,33,M,H,PR
MSP - DFS,2020-0C2-000834,20200203,SHREWSBURY,35A,F,33,M,H,PR
MSP - DFS,2020-0C3-000599,20200203,PAXTON,90Z,W,33,M,W,P
MSP - DFS,2020-0C3-000599,20200203,PAXTON,MV,M,33,M,W,P
MSP - DFS,2020-0A1-001100,20200203,LAWRENCE,90Z,W,34,M,B,PR
MSP - DFS,2020-0D3-001268,20200203,NEW BEDFORD,90Z,W,40,U,W,U
MSP - DFS,2020-0H4-001051,20200204,BOSTON,MV,M,26,M,H,DR
MSP - DFS,2020-0H4-001051,20200204,BOSTON,MV,M,26,M,H,DR
MSP - DFS,2020-0H4-001051,20200204,BOSTON,MV,M,26,M,H,DR
MSP - DFS,2020-0A6-000958,20200204,PEABODY,90D,M,28,M,W,G
MSP - DFS,2020-0A6-000958,20200204,PEABODY,MV,M,28,M,W,G
MSP - DFS,2020-0A6-000958,20200204,PEABODY,MV,M,28,M,W,G
MSP - DFS,2020-0B1-000906,20200204,RICHMOND,13A,F,33,M,W,U
MSP - DFS,2020-0B1-000906,20200204,RICHMOND,13A,F,33,M,W,U
MSP - DFS,2020-0A1-001170,20200204,CHELMSFORD,90Z,W,36,M,B,JM
MSP - DFS,2020-0D3-001298,20200204,FALL RIVER,90Z,W,36,F,W,IRE
MSP - DFS,2020-0H6-000931,20200204,BOSTON,90Z,W,41,M,H,PR
MSP - DFS,2020-0H2-001031,20200204,FRAMINGHAM,90Z,W,44,M,H,BRA
MSP - DFS,2020-0H2-001031,20200204,FRAMINGHAM,MV,M,44,M,H,BRA
MSP - DFS,2020-0B3-000989,20200204,SPRINGFIELD,90Z,W,45,M,H,PR
MSP - DFS,2020-0B3-000989,20200204,SPRINGFIELD,MV,M,45,M,H,PR
MSP - DFS,2020-0D1-000580,20200204,ROCKLAND,MV,M,51,U,H,BRA
MSP - DFS,2020-0D1-000580,20200204,ROCKLAND,MV,M,51,U,H,BRA
MSP - DFS,2020-0C9-000435,20200205,AYER,,F,18,M,J,EY
MSP - DFS,2020-0C9-000435,20200205,AYER,13C,F,18,M,J,EY
MSP - DFS,2020-0H9-001199,20200205,BOSTON,MV,M,22,M,H,DR
MSP - DFS,2020-0H9-001199,20200205,BOSTON,MV,M,22,M,H,DR
MSP - DFS,2020-0H9-001199,20200205,BOSTON,MV,M,22,M,H,DR
MSP - DFS,2020-0A1-001190,20200205,TEWKSBURY,90Z,W,23,F,H,DR
MSP - DFS,2020-0CX-001155,20200205,BRIMFIELD,90Z,W,25,F,H,DR
MSP - DFS,2020-0CX-001155,20200205,BRIMFIELD,90Z,W,25,F,H,DR
MSP - DFS,2020-0B3-001017,20200205,SPRINGFIELD,90Z,W,29,M,B,PR
MSP - DFS,2020-0A1-001173,20200205,LAWRENCE,90Z,W,29,M,H,PR
MSP - DFS,2020-0A1-001173,20200205,LAWRENCE,MV,M,29,M,H,PR
MSP - DFS,2020-0H9-001192,20200205,BOSTON,90Z,W,40,M,B,HT
MSP - DFS,2020-0C5-000590,20200205,STURBRIDGE,35A,F,41,M,O,VM
MSP - DFS,2020-0C5-000590,20200205,STURBRIDGE,MV,M,41,M,O,VM
MSP - DFS,2020-0CX-001153,20200205,HOPKINTON,90Z,W,44,F,W,BRA
MSP - DFS,2020-0CX-001153,20200205,HOPKINTON,MV,M,44,F,W,BRA
MSP - DFS,2020-0B3-001008,20200205,SPRINGFIELD,23C,M,47,M,H,PR
MSP - DFS,2020-0B3-001008,20200205,SPRINGFIELD,MV,M,47,M,H,PR
MSP - DFS,2020-0B3-001008,20200205,SPRINGFIELD,MV,O,47,M,H,PR
MSP - DFS,2020-0B1-000920,20200205,LENOX,MV,M,48,U,H,CB
MSP - DFS,2020-0B1-000920,20200205,LENOX,MV,M,48,U,H,CB
MSP - DFS,2020-0B3-001018,20200205,SPRINGFIELD,90Z,W,52,M,H,PR
MSP - DFS,2020-0B3-001002,20200205,SPRINGFIELD,90D,F,61,M,H,BRA
MSP - DFS,2020-0B3-001002,20200205,SPRINGFIELD,MV,M,61,M,H,BRA
MSP - DFS,2020-0A1-001201,20200205,LAWRENCE,90Z,W,73,M,H,PR
MSP - DFS,2020-0A1-001202,20200206,LAWRENCE,35A,F,24,M,H,DR
MSP - DFS,2020-0A1-001202,20200206,LAWRENCE,MV,M,24,M,H,DR
MSP - DFS,2020-0A1-001202,20200206,LAWRENCE,MV,M,24,M,H,DR
MSP - DFS,2020-0A1-001202,20200206,LAWRENCE,MV,M,24,M,H,DR
MSP - DFS,2020-0H4-001136,20200206,CAMBRIDGE,90Z,W,30,M,J,EY
MSP - DFS,2020-0A5-000874,20200206,EVERETT,90,M,35,F,H,PR
MSP - DFS,2020-0A5-000874,20200206,EVERETT,13A-13C,M,35,F,H,PR
MSP - DFS,2020-0A5-000874,20200206,EVERETT,35A,F,35,F,H,PR
MSP - DFS,2020-0A5-000874,20200206,EVERETT,MV,M,35,F,H,PR
MSP - DFS,2020-0A5-000874,20200206,EVERETT,MV,M,35,F,H,PR
MSP - DFS,2020-0H4-001121,20200206,BOSTON,250,M,39,M,H,DR
MSP - DFS,2020-0H4-001121,20200206,BOSTON,26A,M,39,M,H,DR
MSP - DFS,2020-0H4-001121,20200206,BOSTON,26C,M,39,M,H,DR
MSP - DFS,2020-0H4-001121,20200206,BOSTON,"510,13C",F,39,M,H,DR
MSP - DFS,2020-0H4-001121,20200206,BOSTON,MV,M,39,M,H,DR
MSP - DFS,2020-0H4-001121,20200206,BOSTON,MV,O,39,M,H,DR
MSP - DFS,2020-0H6-000972,20200206,BOSTON,90Z,W,44,M,H,MM
MSP - DFS,2020-0H6-000972,20200206,BOSTON,90Z,W,44,M,H,MM
MSP - DFS,2020-0C5-000603,20200206,STURBRIDGE,90D,M,45,M,W,IRE
MSP - DFS,2020-0C5-000603,20200206,STURBRIDGE,MV,M,45,M,W,IRE
MSP - DFS,2020-0C5-000603,20200206,STURBRIDGE,MV,M,45,M,W,IRE
MSP - DFS,2020-0H9-001201,20200206,BOSTON,MV,M,61,M,H,PR
MSP - DFS,2020-0H9-001201,20200206,BOSTON,MV,M,61,M,H,PR
MSP - DFS,2020-0C1-000556,20200207,GARDNER,90Z,W,21,M,H,PR
MSP - DFS,2020-0C1-000556,20200207,GARDNER,MV,M,21,M,H,PR
MSP - DFS,2020-0B8-000643,20200207,LUDLOW,MV,M,25,M,H,BRA
MSP - DFS,2020-0B8-000643,20200207,LUDLOW,MV,M,25,M,H,BRA
MSP - DFS,2020-0D4-001111,20200207,BROCKTON,520,F,29,M,B,HT
MSP - DFS,2020-0D4-001111,20200207,BROCKTON,35A,F,29,M,B,HT
MSP - DFS,2020-0D4-001111,20200207,BROCKTON,35A,F,29,M,B,HT
MSP - DFS,2020-0D4-001111,20200207,BROCKTON,35A,F,29,M,B,HT
MSP - DFS,2020-0D4-001111,20200207,BROCKTON,35A,F,29,M,B,HT
MSP - DFS,2020-0A5-000911,20200207,LYNN,MV,M,29,M,H,HB
MSP - DFS,2020-0A5-000911,20200207,LYNN,MV,M,29,M,H,HB
MSP - DFS,2020-0F1-007973,20200207,BOSTON,90Z,,33,M,W,U
MSP - DFS,2020-0A6-001068,20200207,READING,MV,M,35,M,H,HB
MSP - DFS,2020-0A6-001068,20200207,READING,MV,M,35,M,H,HB
MSP - DFS,2020-0A6-001068,20200207,READING,MV,M,35,M,H,HB
MSP - DFS,2020-0A6-001068,20200207,READING,MV,M,35,M,H,HB
MSP - DFS,2020-0A6-001068,20200207,READING,MV,M,35,M,H,HB
MSP - DFS,2020-0D7-001160,20200207,PLYMOUTH,MV,M,49,M,W,IRE
MSP - DFS,2020-0H7-001006,20200207,MILTON,90Z,W,65,M,B,HT
MSP - DFS,2020-0C6-001167,20200208,WORCESTER,90Z,M,28,M,B,JM
MSP - DFS,2020-0H7-001044,20200208,AVON,90Z,W,32,U,W,TURK
MSP - DFS,2020-0H7-001044,20200208,AVON,MV,M,32,U,W,TURK
MSP - DFS,2020-0C3-000713,20200208,PAXTON,90Z,W,39,M,H,BU
MSP - DFS,2020-0CX-001279,20200208,STURBRIDGE,90Z,W,47,M,H,BRA
MSP - DFS,2020-0D3-001445,20200208,NEW BEDFORD,90Z,W,57,M,W,LE
MSP - DFS,2020-0A1-001329,20200209,LOWELL,MV,M,22,M,H,PR
MSP - DFS,2020-0A1-001329,20200209,LOWELL,MV,M,22,M,H,PR
MSP - DFS,2020-0A1-001329,20200209,LOWELL,MV,M,22,M,H,PR
MSP - DFS,2020-0H4-001220,20200209,ARLINGTON,90D,M,27,M,B,HT
MSP - DFS,2020-0H4-001220,20200209,ARLINGTON,90D,M,27,M,B,HT
MSP - DFS,2020-0H4-001220,20200209,ARLINGTON,MV,M,27,M,B,HT
MSP - DFS,2020-0H4-001220,20200209,ARLINGTON,MV,M,27,M,B,HT
MSP - DFS,2020-0F1-008430,20200209,BOSTON,13A-13B,F,29,M,W,CAN
MSP - DFS,2020-0F1-008430,20200209,BOSTON,90J,M,29,M,W,CAN
MSP - DFS,2020-0A3-001229,20200209,WALTHAM,90D,M,37,M,B,NG
MSP - DFS,2020-0B3-001116,20200209,SPRINGFIELD,90Z,W,38,M,H,PR
MSP - DFS,2020-0B3-001116,20200209,SPRINGFIELD,MV,M,38,M,H,PR
MSP - DFS,2020-0B3-001116,20200209,SPRINGFIELD,MV,M,38,M,H,PR
MSP - DFS,2020-0B3-001116,20200209,SPRINGFIELD,MV,M,38,M,H,PR
MSP - DFS,2020-0B3-001116,20200209,SPRINGFIELD,MV,M,38,M,H,PR
MSP - DFS,2020-0B3-001116,20200209,SPRINGFIELD,MV,M,38,M,H,PR
MSP - DFS,2020-0A6-001112,20200209,PEABODY,90Z,W,40,F,H,CB
MSP - DFS,2020-0A6-001112,20200209,PEABODY,MV,M,40,F,H,CB
MSP - DFS,2020-0A6-001112,20200209,PEABODY,MV,O,40,F,H,CB
MSP - DFS,2020-0A5-000957,20200209,CHELSEA,13A-13C,M,46,M,W,ITAL
MSP - DFS,2020-0A5-000957,20200209,CHELSEA,90D,M,46,M,W,ITAL
MSP - DFS,2020-0A5-000957,20200209,CHELSEA,MV,M,46,M,W,ITAL
MSP - DFS,2020-0A5-000957,20200209,CHELSEA,MV,M,46,M,W,ITAL
MSP - DFS,2020-0A4-000957,20200209,SOMERVILLE,90D,M,51,M,U,BRA
MSP - DFS,2020-0A4-000957,20200209,SOMERVILLE,MV,M,51,M,U,BRA
MSP - DFS,2020-0A4-000957,20200209,SOMERVILLE,MV,M,51,M,U,BRA
MSP - DFS,2020-0A4-000957,20200209,SOMERVILLE,MV,M,51,M,U,BRA
MSP - DFS,2020-0H6-001037,20200209,BOSTON,90Z,F,55,M,B,HT
MSP - DFS,2020-0C5-000673,20200210,STURBRIDGE,90,M,28,M,H,DR
MSP - DFS,2020-0C5-000673,20200210,STURBRIDGE,13A-13C,M,28,M,H,DR
MSP - DFS,2020-0C5-000673,20200210,STURBRIDGE,26C,M,28,M,H,DR
MSP - DFS,2020-0C5-000673,20200210,STURBRIDGE,35A,F,28,M,H,DR
MSP - DFS,2020-0H4-001261,20200210,BOSTON,90D,M,28,F,H,DR
MSP - DFS,2020-0C5-000673,20200210,STURBRIDGE,MV,M,28,M,H,DR
MSP - DFS,2020-0H4-001261,20200210,BOSTON,MV,M,28,F,H,DR
MSP - DFS,2020-0H9-001373,20200210,BOSTON,MV,M,28,M,H,DR
MSP - DFS,2020-0H9-001373,20200210,BOSTON,MV,M,28,M,H,DR
MSP - DFS,2020-0C5-000673,20200210,STURBRIDGE,MV,M,28,M,H,DR
MSP - DFS,2020-0H4-001261,20200210,BOSTON,MV,M,28,F,H,DR
MSP - DFS,2020-0C5-000673,20200210,STURBRIDGE,MV,M,28,M,H,DR
MSP - DFS,2020-0C5-000673,20200210,STURBRIDGE,MV,M,28,M,H,DR
MSP - DFS,2020-0H4-001261,20200210,BOSTON,MV,M,28,F,H,DR
MSP - DFS,2020-0H4-001261,20200210,BOSTON,90,M,30,F,H,PR
MSP - DFS,2020-0D4-001177,20200210,TAUNTON,35A,F,30,M,H,PR
MSP - DFS,2020-0D4-001177,20200210,TAUNTON,MV,M,30,M,H,PR
MSP - DFS,2020-0D4-001177,20200210,TAUNTON,MV,M,30,M,H,PR
MSP - DFS,2020-0C9-000491,20200210,AYER,90Z,W,30,M,W,FR
MSP - DFS,2020-0A1-001383,20200210,LAWRENCE,35A,F,36,F,H,DR
MSP - DFS,2020-0A1-001383,20200210,LAWRENCE,35A,F,36,F,H,DR
MSP - DFS,2020-0A1-001383,20200210,LAWRENCE,35A,F,36,F,H,DR
MSP - DFS,2020-0A1-001383,20200210,LAWRENCE,35A,F,36,F,H,DR
MSP - DFS,2020-0A1-001383,20200210,LAWRENCE,35A,F,36,F,H,DR
MSP - DFS,2020-0A1-001383,20200210,LAWRENCE,35A,F,36,F,H,DR
MSP - DFS,2020-0A1-001446,20200211,ANDOVER,90Z,W,21,M,W,BRA
MSP - DFS,2020-0B3-001143,20200211,SPRINGFIELD,35A,F,26,M,H,PR
MSP - DFS,2020-0B3-001143,20200211,SPRINGFIELD,90Z,W,26,M,H,PR
MSP - DFS,2020-0B3-001143,20200211,SPRINGFIELD,MV,M,26,M,H,PR
MSP - DFS,2020-0B3-001143,20200211,SPRINGFIELD,MV,M,26,M,H,PR
MSP - DFS,2020-0B3-001143,20200211,SPRINGFIELD,MV,M,26,M,H,PR
MSP - DFS,2020-0A4-000995,20200211,MEDFORD,MV,M,29,M,H,PR
MSP - DFS,2020-0A4-000995,20200211,MEDFORD,MV,M,29,M,H,PR
MSP - DFS,2020-0B3-001160,20200211,SPRINGFIELD,35A,F,31,M,H,PR
MSP - DFS,2020-0B3-001160,20200211,SPRINGFIELD,MV,M,31,M,H,PR
MSP - DFS,2020-0B3-001160,20200211,SPRINGFIELD,MV,M,31,M,H,PR
MSP - DFS,2020-0C2-001017,20200211,SUTTON,90D,M,38,M,O,CA
MSP - DFS,2020-0C1-000630,20200211,GARDNER,90Z,W,39,M,H,HB
MSP - DFS,2020-0A2-000892,20200211,ROWLEY,90D,M,41,M,J,IR
MSP - DFS,2020-0A2-000892,20200211,ROWLEY,MV,M,41,M,J,IR
MSP - DFS,2020-0A2-000892,20200211,ROWLEY,MV,M,41,M,J,IR
MSP - DFS,2020-0A2-000892,20200211,ROWLEY,MV,M,41,M,J,IR
MSP - DFS,2020-0A4-001038,20200212,MEDFORD,90D,M,31,M,O,CN
MSP - DFS,2020-0A4-001038,20200212,MEDFORD,MV,M,31,M,O,CN
MSP - DFS,2020-0A4-001038,20200212,MEDFORD,MV,M,31,M,O,CN
MSP - DFS,2020-0H9-001450,20200212,BOSTON,MV,M,32,M,H,BRA
MSP - DFS,2020-0H9-001450,20200212,BOSTON,MV,M,32,M,H,BRA
MSP - DFS,2020-0B3-001175,20200212,SPRINGFIELD,90D,M,33,M,H,PR
MSP - DFS,2020-0B3-001175,20200212,SPRINGFIELD,90D,M,33,M,H,PR
MSP - DFS,2020-0B3-001175,20200212,SPRINGFIELD,90G,M,33,M,H,PR
MSP - DFS,2020-0B3-001175,20200212,SPRINGFIELD,MV,M,33,M,H,PR
MSP - DFS,2020-0B3-001175,20200212,SPRINGFIELD,MV,M,33,M,H,PR
MSP - DFS,2020-0B3-001175,20200212,SPRINGFIELD,MV,M,33,M,H,PR
MSP - DFS,2020-0B3-001175,20200212,SPRINGFIELD,MV,M,33,M,H,PR
MSP - DFS,2020-0H7-001121,20200212,BOSTON,90Z,W,66,M,B,HT
MSP - DFS,2020-0H7-001121,20200212,BOSTON,MV,O,66,M,B,HT
MSP - DFS,2020-0A4-001080,20200213,EVERETT,26A,M,23,M,W,U
MSP - DFS,2020-0A4-001080,20200213,EVERETT,35A,F,23,M,W,U
MSP - DFS,2020-0C6-001338,20200213,WORCESTER,35A,F,26,M,H,DR
MSP - DFS,2020-0C6-001338,20200213,WORCESTER,MV,M,26,M,H,DR
MSP - DFS,2020-0C6-001338,20200213,WORCESTER,MV,M,26,M,H,DR
MSP - DFS,2020-0C6-001338,20200213,WORCESTER,MV,M,26,M,H,DR
MSP - DFS,2020-0H9-001502,20200213,BOSTON,MV,M,34,M,H,RO
MSP - DFS,2020-0H9-001502,20200213,BOSTON,MV,M,34,M,H,RO
MSP - DFS,2020-0H9-001502,20200213,BOSTON,MV,M,34,M,H,RO
MSP - DFS,2020-0H9-001502,20200213,BOSTON,MV,M,34,M,H,RO
MSP - DFS,2020-0CX-001455,20200213,MILLBURY,90Z,W,35,F,H,HB
MSP - DFS,2020-0D3-001645,20200213,FALL RIVER,90Z,W,36,M,W,U
MSP - DFS,2020-0A3-001332,20200213,BURLINGTON,90Z,W,38,F,B,HT
MSP - DFS,2020-0A4-001081,20200213,SOMERVILLE,90D,M,39,M,H,BRA
MSP - DFS,2020-0A4-001081,20200213,SOMERVILLE,MV,M,39,M,H,BRA
MSP - DFS,2020-0A4-001081,20200213,SOMERVILLE,MV,M,39,M,H,BRA
MSP - DFS,2020-0A4-001081,20200213,SOMERVILLE,MV,M,39,M,H,BRA
MSP - DFS,2020-0C6-001346,20200213,WORCESTER,MV,M,49,M,H,DR
MSP - DFS,2020-0C6-001346,20200213,WORCESTER,MV,M,49,M,H,DR
MSP - DFS,2020-0C6-001346,20200213,WORCESTER,MV,M,49,M,H,DR
MSP - DFS,2020-0C6-001346,20200213,WORCESTER,MV,M,49,M,H,DR
MSP - DFS,2020-0B3-001214,20200213,SPRINGFIELD,90Z,W,60,M,W,LE
MSP - DFS,2020-0B3-001214,20200213,SPRINGFIELD,90Z,W,60,M,W,LE
MSP - DFS,2020-0B5-000918,20200214,WESTFIELD,90Z,W,20,F,H,PR
MSP - DFS,2020-0B5-000918,20200214,WESTFIELD,MV,M,20,F,H,PR
MSP - DFS,2020-0B5-000918,20200214,WESTFIELD,MV,M,20,F,H,PR
MSP - DFS,2020-0A4-001130,20200214,EVERETT,90Z,W,21,M,W,BRA
MSP - DFS,2020-0A4-001130,20200214,EVERETT,MV,M,21,M,W,BRA
MSP - DFS,2020-0A6-001267,20200214,LYNNFIELD,90Z,W,24,M,H,DR
MSP - DFS,2020-0A6-001267,20200214,LYNNFIELD,90Z,W,24,M,H,DR
MSP - DFS,2020-0C2-001092,20200214,WESTBOROUGH,90Z,W,25,F,H,BRA
MSP - DFS,2020-0H7-001188,20200214,BOSTON,35A,F,29,M,H,DR
MSP - DFS,2020-0C6-001372,20200214,WORCESTER,90Z,W,32,M,H,PR
MSP - DFS,2020-0C6-001372,20200214,WORCESTER,90Z,W,32,M,H,PR
MSP - DFS,2020-0C6-001372,20200214,WORCESTER,MV,M,32,M,H,PR
MSP - DFS,2020-0C6-001372,20200214,WORCESTER,MV,M,32,M,H,PR
MSP - DFS,2020-0A5-001078,20200214,LYNN,"13C,90Z",M,40,M,H,MM
MSP - DFS,2020-0A5-001078,20200214,LYNN,26A,M,40,M,H,MM
MSP - DFS,2020-0A5-001078,20200214,LYNN,90Z,W,40,M,H,MM
MSP - DFS,2020-0A5-001078,20200214,LYNN,90Z,W,40,M,H,MM
MSP - DFS,2020-0A5-001078,20200214,LYNN,90Z,W,40,M,H,MM
MSP - DFS,2020-0A5-001078,20200214,LYNN,MV,M,40,M,H,MM
MSP - DFS,2020-0A5-001078,20200214,LYNN,MV,M,40,M,H,MM
MSP - DFS,2020-0A5-001078,20200214,LYNN,MV,M,40,M,H,MM
MSP - DFS,2020-0A5-001089,20200214,LYNN,90Z,W,41,M,H,PR
MSP - DFS,2020-0B3-001235,20200214,CHICOPEE,90Z,W,51,M,H,PR
MSP - DFS,2020-0A3-001381,20200214,LINCOLN,90Z,W,57,M,H,BRA
MSP - DFS,2020-0H9-001591,20200215,BOSTON,240,M,21,M,B,HT
MSP - DFS,2020-0H9-001591,20200215,BOSTON,280,F,21,M,B,HT
MSP - DFS,2020-0H9-001591,20200215,BOSTON,290,F,21,M,B,HT
MSP - DFS,2020-0H9-001591,20200215,BOSTON,MV,M,21,M,B,HT
MSP - DFS,2020-0H9-001591,20200215,BOSTON,MV,M,21,M,B,HT
MSP - DFS,2020-0H9-001591,20200215,BOSTON,MV,M,21,M,B,HT
MSP - DFS,2020-0H9-001591,20200215,BOSTON,MV,M,21,M,B,HT
MSP - DFS,2020-0H9-001591,20200215,BOSTON,MV,M,21,M,B,HT
MSP - DFS,2020-0H9-001591,20200215,BOSTON,MV,M,21,M,B,HT
MSP - DFS,2020-0H9-001591,20200215,BOSTON,MV,M,21,M,B,HT
MSP - DFS,2020-0C6-001431,20200215,WORCESTER,90Z,W,25,M,H,PR
MSP - DFS,2020-0H6-001201,20200215,BOSTON,MV,M,27,M,B,HT
MSP - DFS,2020-0H6-001201,20200215,BOSTON,MV,M,27,M,B,HT
MSP - DFS,2020-0H6-001201,20200215,BOSTON,MV,M,27,M,B,HT
MSP - DFS,2020-0H6-001169,20200215,BOSTON,90D,M,28,M,W,EY
MSP - DFS,2020-0H6-001169,20200215,BOSTON,MV,M,28,M,W,EY
MSP - DFS,2020-0H6-001169,20200215,BOSTON,MV,M,28,M,W,EY
MSP - DFS,2020-0D2-000821,20200215,YARMOUTH,MV,M,32,M,W,IRE
MSP - DFS,2020-0D2-000821,20200215,YARMOUTH,MV,M,32,M,W,IRE
MSP - DFS,2020-0H4-001461,20200215,BOSTON,13A,F,33,M,B,HT
MSP - DFS,2020-0H4-001461,20200215,BOSTON,90D,M,33,M,B,HT
MSP - DFS,2020-0H4-001461,20200215,BOSTON,MV,M,33,M,B,HT
MSP - DFS,2020-0D3-001698,20200215,FAIRHAVEN,90Z,W,37,M,W,U
MSP - DFS,2020-0D3-001698,20200215,FAIRHAVEN,90Z,W,37,M,W,U
MSP - DFS,2020-0B3-001310,20200216,SPRINGFIELD,90Z,W,21,M,H,PR
MSP - DFS,2020-0B3-001310,20200216,SPRINGFIELD,MV,M,21,M,H,PR
MSP - DFS,2020-0B3-001310,20200216,SPRINGFIELD,MV,M,21,M,H,PR
MSP - DFS,2020-0H8-001032,20200216,NATICK,90Z,W,33,M,H,BRA
MSP - DFS,2020-0H8-001032,20200216,NATICK,MV,M,33,M,H,BRA
MSP - DFS,2020-0H4-001514,20200216,WATERTOWN,90D,M,44,M,B,HT
MSP - DFS,2020-0H4-001514,20200216,WATERTOWN,MV,M,44,M,B,HT
MSP - DFS,2020-0H4-001514,20200216,WATERTOWN,MV,M,44,M,B,HT
MSP - DFS,2020-0D3-001729,20200216,DARTMOUTH,90D,M,49,M,H,PR
MSP - DFS,2020-0D3-001729,20200216,DARTMOUTH,MV,M,49,M,H,PR
MSP - DFS,2020-0D3-001729,20200216,DARTMOUTH,MV,O,49,M,H,PR
MSP - DFS,2020-0A6-001329,20200216,LYNNFIELD,90D,M,53,M,O,CA
MSP - DFS,2020-0A6-001329,20200216,LYNNFIELD,MV,M,53,M,O,CA
MSP - DFS,2020-0A6-001329,20200216,LYNNFIELD,MV,M,53,M,O,CA
MSP - DFS,2020-0B3-001288,20200216,CHICOPEE,35A,F,55,M,B,PR
MSP - DFS,2020-0B3-001288,20200216,CHICOPEE,MV,M,55,M,B,PR
MSP - DFS,2020-0C2-001114,20200216,MILLBURY,90D,M,58,M,B,HT
MSP - DFS,2020-0C2-001114,20200216,MILLBURY,MV,M,58,M,B,HT
MSP - DFS,2020-0C2-001114,20200216,MILLBURY,MV,M,58,M,B,HT
MSP - DFS,2020-0F1-010073,20200217,BOSTON,90Z,W,22,M,B,DR
MSP - DFS,2020-0H3-001082,20200217,WALPOLE,90Z,W,27,F,B,HT
MSP - DFS,2020-0C4-000603,20200217,FITCHBURG,90Z,W,28,M,H,MM
MSP - DFS,2020-0C4-000603,20200217,FITCHBURG,MV,M,28,M,H,MM
MSP - DFS,2020-0F1-010023,20200217,BOSTON,90Z,F,29,M,B,DR
MSP - DFS,2020-0F1-010023,20200217,BOSTON,90Z,M,29,M,B,DR
MSP - DFS,2020-0A6-001331,20200217,LYNNFIELD,90D,M,34,M,H,MM
MSP - DFS,2020-0A6-001331,20200217,LYNNFIELD,MV,M,34,M,H,MM
MSP - DFS,2020-0A6-001331,20200217,LYNNFIELD,MV,M,34,M,H,MM
MSP - DFS,2020-0B3-001316,20200217,SPRINGFIELD,35A,F,37,M,H,MM
MSP - DFS,2020-0H9-001623,20200217,BOSTON,90D,M,41,M,H,DR
MSP - DFS,2020-0H9-001623,20200217,BOSTON,MV,M,41,M,H,DR
MSP - DFS,2020-0CX-001598,20200217,AUBURN,MV,M,43,M,H,DR
MSP - DFS,2020-0C5-000771,20200217,WEBSTER,35A,F,45,M,H,PR
MSP - DFS,2020-0B4-001193,20200217,PITTSFIELD,90Z,W,45,U,H,DR
MSP - DFS,2020-0C5-000771,20200217,WEBSTER,MV,M,45,M,H,PR
MSP - DFS,2020-0D3-001753,20200217,NEW BEDFORD,MV,M,46,M,H,PR
MSP - DFS,2020-0D3-001753,20200217,NEW BEDFORD,MV,O,46,M,H,PR
MSP - DFS,2020-0C2-001185,20200218,MILFORD,90Z,W,21,U,H,DR
MSP - DFS,2020-0C2-001185,20200218,MILFORD,90Z,W,21,U,H,DR
MSP - DFS,2020-0H9-001679,20200218,BOSTON,90Z,W,33,M,H,BRA
MSP - DFS,2020-0H7-001291,20200218,BROCKTON,90Z,W,40,M,B,HT
MSP - DFS,2020-0C6-001542,20200219,AUBURN,35A,F,20,M,B,SOMI
MSP - DFS,2020-0C6-001542,20200219,AUBURN,90Z,F,20,M,B,SOMI
MSP - DFS,2020-0C6-001542,20200219,AUBURN,35A,F,21,M,B,SOMI
MSP - DFS,2020-0C6-001542,20200219,AUBURN,90Z,F,21,M,B,SOMI
MSP - DFS,2020-0C6-001542,20200219,AUBURN,MV,M,21,M,B,SOMI
MSP - DFS,2020-0H2-001476,20200219,CANTON,280,F,23,M,H,U
MSP - DFS,2020-0H2-001476,20200219,CANTON,280,F,23,M,H,U
MSP - DFS,2020-0H2-001476,20200219,CANTON,35A,F,23,M,H,U
MSP - DFS,2020-0H2-001476,20200219,CANTON,MV,M,23,M,H,U
MSP - DFS,2020-0H2-001476,20200219,CANTON,280,F,27,M,H,U
MSP - DFS,2020-0H2-001476,20200219,CANTON,280,F,27,M,H,U
MSP - DFS,2020-0H2-001476,20200219,CANTON,26A,M,27,M,H,U
MSP - DFS,2020-0H2-001476,20200219,CANTON,35A,F,27,M,H,U
MSP - DFS,2020-0H2-001476,20200219,CANTON,90Z,W,27,M,H,U
MSP - DFS,2020-0H2-001476,20200219,CANTON,90Z,W,27,M,H,U
MSP - DFS,2020-0H2-001476,20200219,CANTON,90Z,W,27,M,H,U
MSP - DFS,2020-0H2-001476,20200219,CANTON,90Z,W,27,M,H,U
MSP - DFS,2020-0A5-001202,20200219,LYNN,90Z,W,31,M,W,ITAL
MSP - DFS,2020-0A5-001202,20200219,LYNN,MV,M,31,M,W,ITAL
MSP - DFS,2020-0A5-001202,20200219,LYNN,MV,M,31,M,W,ITAL
MSP - DFS,2020-0A5-001202,20200219,LYNN,90Z,W,32,M,W,IRE
MSP - DFS,2020-0A5-001202,20200219,LYNN,90Z,W,32,M,W,IRE
MSP - DFS,2020-0A5-001202,20200219,LYNN,90Z,W,32,M,W,IRE
MSP - DFS,2020-0A5-001202,20200219,LYNN,90Z,W,32,M,W,IRE
MSP - DFS,2020-0A5-001202,20200219,LYNN,MV,M,32,M,W,IRE
MSP - DFS,2020-0A3-001519,20200219,WALTHAM,90Z,W,37,M,H,CB
MSP - DFS,2020-0D7-001546,20200220,BOURNE,90D,M,22,M,W,IRE
MSP - DFS,2020-0D7-001546,20200220,BOURNE,MV,M,22,M,W,IRE
MSP - DFS,2020-0D7-001546,20200220,BOURNE,MV,M,22,M,W,IRE
MSP - DFS,2020-0H9-001721,20200220,BOSTON,90Z,W,23,M,H,PR
MSP - DFS,2020-0C5-000814,20200220,STURBRIDGE,MV,M,24,M,H,DR
MSP - DFS,2020-0C5-000814,20200220,STURBRIDGE,MV,M,24,M,H,DR
MSP - DFS,2020-0C5-000814,20200220,STURBRIDGE,MV,M,24,M,H,DR
MSP - DFS,2020-0C6-001563,20200220,WORCESTER,90Z,W,29,M,H,PR
MSP - DFS,2020-0C6-001563,20200220,WORCESTER,90Z,W,29,M,H,PR
MSP - DFS,2020-0C6-001563,20200220,WORCESTER,90Z,W,29,M,H,PR
MSP - DFS,2020-0C6-001563,20200220,WORCESTER,MV,M,29,M,H,PR
MSP - DFS,2020-0A3-001540,20200220,BILLERICA,90D,M,43,F,U,BRA
MSP - DFS,2020-0A3-001540,20200220,BILLERICA,MV,M,43,F,U,BRA
MSP - DFS,2020-0A3-001540,20200220,BILLERICA,MV,M,43,F,U,BRA
MSP - DFS,2020-0C6-001551,20200220,WORCESTER,90Z,W,44,M,H,PR
MSP - DFS,2020-0B3-001405,20200220,SPRINGFIELD,90Z,W,48,M,H,PR
MSP - DFS,2020-0H9-001744,20200220,BOSTON,MV,M,51,M,W,RO
MSP - DFS,2020-0A5-001217,20200220,LYNN,90Z,W,56,U,H,MM
MSP - DFS,2020-0H9-001800,20200221,BOSTON,MV,M,23,M,B,HT
MSP - DFS,2020-0H9-001800,20200221,BOSTON,MV,M,23,M,B,HT
MSP - DFS,2020-0H8-001109,20200221,FRAMINGHAM,90Z,W,25,M,H,PR
MSP - DFS,2020-0H8-001109,20200221,FRAMINGHAM,MV,M,25,M,H,PR
MSP - DFS,2020-0C2-001251,20200221,HOPKINTON,90D,M,28,M,W,EN
MSP - DFS,2020-0C2-001251,20200221,HOPKINTON,MV,M,28,M,W,EN
MSP - DFS,2020-0C2-001251,20200221,HOPKINTON,MV,M,28,M,W,EN
MSP - DFS,2020-0B3-001447,20200221,SPRINGFIELD,35A,F,35,M,H,DR
MSP - DFS,2020-0B3-001447,20200221,SPRINGFIELD,MV,M,35,M,H,DR
MSP - DFS,2020-0B3-001447,20200221,SPRINGFIELD,MV,M,35,M,H,DR
MSP - DFS,2020-0B3-001447,20200221,SPRINGFIELD,MV,M,35,M,H,DR
MSP - DFS,2020-0H2-001526,20200221,NEEDHAM,90Z,W,35,M,W,IRE
MSP - DFS,2020-0CX-001766,20200221,AUBURN,90D,M,37,M,H,BRA
MSP - DFS,2020-0CX-001766,20200221,AUBURN,MV,M,37,M,H,BRA
MSP - DFS,2020-0CX-001766,20200221,AUBURN,MV,M,37,M,H,BRA
MSP - DFS,2020-0CX-001766,20200221,AUBURN,MV,M,37,M,H,BRA
MSP - DFS,2020-0CX-001766,20200221,AUBURN,MV,M,37,M,H,BRA
MSP - DFS,2020-0D3-001916,20200221,NEW BEDFORD,90Z,M,42,M,H,PR
MSP - DFS,2020-0H6-001324,20200221,QUINCY,MV,M,46,M,B,JM
MSP - DFS,2020-0H6-001324,20200221,QUINCY,MV,M,46,M,B,JM
MSP - DFS,2020-0H6-001324,20200221,QUINCY,MV,M,46,M,B,JM
MSP - DFS,2020-0D3-001921,20200221,FALL RIVER,90D,M,57,M,W,U
MSP - DFS,2020-0D3-001921,20200221,FALL RIVER,90G,M,57,M,W,U
MSP - DFS,2020-0D3-001921,20200221,FALL RIVER,MV,M,57,M,W,U
MSP - DFS,2020-0D3-001921,20200221,FALL RIVER,MV,M,57,M,W,U
MSP - DFS,2020-0D3-001921,20200221,FALL RIVER,MV,M,57,M,W,U
MSP - DFS,2020-0B3-001487,20200222,SPRINGFIELD,90,M,24,M,H,PR
MSP - DFS,2020-0B3-001487,20200222,SPRINGFIELD,13A-13C,M,24,M,H,PR
MSP - DFS,2020-0B3-001487,20200222,SPRINGFIELD,MV,M,24,M,H,PR
MSP - DFS,2020-0B3-001487,20200222,SPRINGFIELD,MV,M,24,M,H,PR
MSP - DFS,2020-0B3-001481,20200222,SPRINGFIELD,90Z,W,26,F,H,PR
MSP - DFS,2020-0B3-001472,20200222,AGAWAM,90D,M,31,M,H,PR
MSP - DFS,2020-0B3-001472,20200222,AGAWAM,MV,M,31,M,H,PR
MSP - DFS,2020-0B3-001472,20200222,AGAWAM,MV,M,31,M,H,PR
MSP - DFS,2020-0A1-001787,20200222,METHUEN,90D,M,33,M,H,PR
MSP - DFS,2020-0H4-001737,20200222,BOSTON,90Z,W,33,M,H,DR
MSP - DFS,2020-0A1-001787,20200222,METHUEN,MV,M,33,M,H,PR
MSP - DFS,2020-0A1-001787,20200222,METHUEN,MV,M,33,M,H,PR
MSP - DFS,2020-0H4-001737,20200222,BOSTON,MV,M,35,M,H,PR
MSP - DFS,2020-0B3-001493,20200222,HOLYOKE,MV,M,42,M,H,PR
MSP - DFS,2020-0H4-001723,20200222,BOSTON,13A,F,43,F,H,BRA
MSP - DFS,2020-0C5-000843,20200222,STURBRIDGE,90Z,W,46,M,H,PR
MSP - DFS,2020-0C5-000843,20200222,STURBRIDGE,90Z,W,46,M,H,PR
MSP - DFS,2020-0C5-000843,20200222,STURBRIDGE,MV,M,46,M,H,PR
MSP - DFS,2020-0B2-001067,20200223,GREENFIELD,90D,M,26,F,W,EN
MSP - DFS,2020-0B2-001067,20200223,GREENFIELD,MV,M,26,F,W,EN
MSP - DFS,2020-0B2-001067,20200223,GREENFIELD,MV,M,26,F,W,EN
MSP - DFS,2020-0D4-001527,20200223,RAYNHAM,90D,M,34,M,W,U
MSP - DFS,2020-0D4-001527,20200223,RAYNHAM,MV,M,34,M,W,U
MSP - DFS,2020-0D4-001527,20200223,RAYNHAM,MV,M,34,M,W,U
MSP - DFS,2020-0A1-001844,20200223,ANDOVER,90Z,W,35,F,W,BRA
MSP - DFS,2020-0C6-001611,20200223,WORCESTER,35A,F,38,M,W,IRE
MSP - DFS,2020-0C6-001611,20200223,WORCESTER,90Z,M,38,M,W,IRE
MSP - DFS,2020-0H8-001156,20200223,FRAMINGHAM,MV,M,39,M,B,HT
MSP - DFS,2020-0H8-001156,20200223,FRAMINGHAM,MV,M,39,M,B,HT
MSP - DFS,2020-0H9-001850,20200223,BOSTON,90D,M,41,M,W,BRA
MSP - DFS,2020-0H9-001850,20200223,BOSTON,MV,M,41,M,W,BRA
MSP - DFS,2020-0A1-001814,20200223,ANDOVER,90D,F,48,M,H,DR
MSP - DFS,2020-0A1-001814,20200223,ANDOVER,MV,M,48,M,H,DR
MSP - DFS,2020-0A1-001814,20200223,ANDOVER,MV,O,48,M,H,DR
MSP - DFS,2020-0H6-001378,20200223,BOSTON,250,M,56,M,H,PR
MSP - DFS,2020-0H6-001378,20200223,BOSTON,"280,250",M,56,M,H,PR
MSP - DFS,2020-0H6-001378,20200223,BOSTON,26A,M,56,M,H,PR
MSP - DFS,2020-0H6-001378,20200223,BOSTON,26A,M,56,M,H,PR
MSP - DFS,2020-0H6-001378,20200223,BOSTON,"280,26A",M,56,M,H,PR
MSP - DFS,2020-0H6-001378,20200223,BOSTON,MV,M,56,M,H,PR
MSP - DFS,2020-0H6-001378,20200223,BOSTON,MV,M,56,M,H,PR
MSP - DFS,2020-0H6-001378,20200223,BOSTON,MV,M,56,M,H,PR
MSP - DFS,2020-0H6-001378,20200223,BOSTON,MV,M,56,M,H,PR
MSP - DFS,2020-0H6-001378,20200223,BOSTON,MV,M,56,M,H,PR
MSP - DFS,2020-0B6-001871,20200224,HOLYOKE,MV,M,25,F,H,PR
MSP - DFS,2020-0B6-001871,20200224,HOLYOKE,MV,M,25,F,H,PR
MSP - DFS,2020-0C2-001303,20200224,UXBRIDGE,90Z,W,32,F,H,PR
MSP - DFS,2020-0A3-001699,20200224,LOWELL,90Z,W,38,M,W,BRA
MSP - DFS,2020-0A3-001699,20200224,LOWELL,90Z,W,38,M,W,BRA
MSP - DFS,2020-0A3-001699,20200224,LOWELL,90Z,W,38,M,W,BRA
MSP - DFS,2020-0CX-001879,20200224,WESTBOROUGH,250,M,46,M,H,DR
MSP - DFS,2020-0CX-001879,20200224,WESTBOROUGH,250,F,46,M,H,DR
MSP - DFS,2020-0CX-001879,20200224,WESTBOROUGH,26A,M,46,M,H,DR
MSP - DFS,2020-0CX-001879,20200224,WESTBOROUGH,MV,M,46,M,H,DR
MSP - DFS,2020-0CX-001879,20200224,WESTBOROUGH,MV,M,46,M,H,DR
MSP - DFS,2020-0H9-001941,20200225,BOSTON,90Z,W,25,M,H,DR
MSP - DFS,2020-0H9-001941,20200225,BOSTON,90Z,W,25,M,H,DR
MSP - DFS,2020-0H9-001941,20200225,BOSTON,MV,M,25,M,H,DR
MSP - DFS,2020-0D4-001575,20200225,TAUNTON,MV,M,26,M,U,PR
MSP - DFS,2020-0D4-001575,20200225,TAUNTON,MV,M,26,M,U,PR
MSP - DFS,2020-0D4-001575,20200225,TAUNTON,MV,M,26,M,U,PR
MSP - DFS,2020-0D4-001575,20200225,TAUNTON,MV,M,26,M,U,PR
MSP - DFS,2020-0A6-001584,20200225,SAUGUS,90Z,W,30,F,W,PR
MSP - DFS,2020-0A1-001899,20200225,ANDOVER,520,F,33,M,H,PR
MSP - DFS,2020-0A1-001899,20200225,ANDOVER,520,F,33,M,H,PR
MSP - DFS,2020-0A1-001899,20200225,ANDOVER,MV,M,33,M,H,PR
MSP - DFS,2020-0A1-001899,20200225,ANDOVER,MV,M,33,M,H,PR
MSP - DFS,2020-0A1-001899,20200225,ANDOVER,MV,M,33,M,H,PR
MSP - DFS,2020-0A1-001899,20200225,ANDOVER,MV,M,33,M,H,PR
MSP - DFS,2020-0A1-001899,20200225,ANDOVER,MV,M,33,M,H,PR
MSP - DFS,2020-0A1-001899,20200225,ANDOVER,MV,M,33,M,H,PR
MSP - DFS,2020-0A1-001899,20200225,ANDOVER,MV,M,33,M,H,PR
MSP - DFS,2020-0A1-001899,20200225,ANDOVER,MV,M,33,M,H,PR
MSP - DFS,2020-0A1-001899,20200225,ANDOVER,MV,M,33,M,H,PR
MSP - DFS,2020-0A1-001899,20200225,ANDOVER,MV,M,33,M,H,PR
MSP - DFS,2020-0D4-001582,20200225,TAUNTON,35A,F,36,M,H,PR
MSP - DFS,2020-0D4-001582,20200225,TAUNTON,MV,M,36,M,H,PR
MSP - DFS,2020-0D4-001582,20200225,TAUNTON,MV,M,36,M,H,PR
MSP - DFS,2020-0D4-001582,20200225,TAUNTON,MV,M,36,M,H,PR
MSP - DFS,2020-0D4-001582,20200225,TAUNTON,MV,M,36,M,H,PR
MSP - DFS,2020-0D4-001582,20200225,TAUNTON,MV,M,36,M,H,PR
MSP - DFS,2020-0H6-001426,20200225,BOSTON,90Z,W,40,U,W,BRA
MSP - DFS,2020-0C5-000901,20200225,STURBRIDGE,35A,F,41,M,H,DR
MSP - DFS,2020-0C5-000901,20200225,STURBRIDGE,MV,M,41,M,H,DR
MSP - DFS,2020-0B3-001578,20200225,SPRINGFIELD,90Z,W,46,M,H,PR
MSP - DFS,2020-0D3-002073,20200225,NEW BEDFORD,MV,M,51,M,W,U
MSP - DFS,2020-0D3-002073,20200225,NEW BEDFORD,MV,M,51,M,W,U
MSP - DFS,2020-0D3-002073,20200225,NEW BEDFORD,MV,O,51,M,W,U
MSP - DFS,2020-0C4-000732,20200226,FITCHBURG,35A,F,26,M,B,HT
MSP - DFS,2020-0C4-000732,20200226,FITCHBURG,35A,F,26,M,B,HT
MSP - DFS,2020-0C4-000732,20200226,FITCHBURG,35A,F,26,M,B,HT
MSP - DFS,2020-0C4-000732,20200226,FITCHBURG,35A,F,26,M,B,HT
MSP - DFS,2020-0C4-000732,20200226,FITCHBURG,35A,F,26,M,B,HT
MSP - DFS,2020-0C4-000732,20200226,FITCHBURG,90Z,F,26,M,B,HT
MSP - DFS,2020-0C2-001354,20200226,WORCESTER,MV,M,26,M,H,HB
MSP - DFS,2020-0C2-001354,20200226,WORCESTER,MV,M,26,M,H,HB
MSP - DFS,2020-0C2-001354,20200226,WORCESTER,MV,M,26,M,H,HB
MSP - DFS,2020-0D7-001756,20200226,WAREHAM,90D,M,30,M,W,EN
MSP - DFS,2020-0D7-001756,20200226,WAREHAM,MV,M,30,M,W,EN
MSP - DFS,2020-0D7-001756,20200226,WAREHAM,MV,M,30,M,W,EN
MSP - DFS,2020-0D7-001756,20200226,WAREHAM,MV,M,30,M,W,EN
MSP - DFS,2020-0D7-001757,20200226,BOURNE,90Z,W,31,M,W,IRE
MSP - DFS,2020-0A3-001767,20200226,CHELMSFORD,90Z,W,35,M,H,PR
MSP - DFS,2020-0A3-001767,20200226,CHELMSFORD,MV,M,35,M,H,PR
MSP - DFS,2020-0A3-001767,20200226,CHELMSFORD,MV,M,35,M,H,PR
MSP - DFS,2020-0H6-001468,20200227,BOSTON,90Z,W,23,M,B,HT
MSP - DFS,2020-0H6-001468,20200227,BOSTON,90Z,W,23,M,B,HT
MSP - DFS,2020-0H6-001468,20200227,BOSTON,MV,M,23,M,B,HT
MSP - DFS,2020-0H6-001468,20200227,BOSTON,MV,M,23,M,B,HT
MSP - DFS,2020-0D4-001632,20200227,RAYNHAM,35A,F,28,M,W,ITAL
MSP - DFS,2020-0D4-001632,20200227,RAYNHAM,35A,F,28,M,W,ITAL
MSP - DFS,2020-0D4-001632,20200227,RAYNHAM,MV,M,28,M,W,ITAL
MSP - DFS,2020-0D4-001632,20200227,RAYNHAM,MV,M,28,M,W,ITAL
MSP - DFS,2020-0A5-001395,20200227,BOSTON,35A,F,29,M,H,MM
MSP - DFS,2020-0D3-002145,20200227,WESTPORT,90Z,W,30,M,H,PR
MSP - DFS,2020-0D3-002145,20200227,WESTPORT,MV,M,30,M,H,PR
MSP - DFS,2020-0C5-000929,20200227,STURBRIDGE,90Z,W,34,M,H,PR
MSP - DFS,2020-0A3-001796,20200227,WOBURN,90Z,W,48,M,H,DR
MSP - DFS,2020-0C6-001753,20200227,WORCESTER,90Z,W,54,M,H,BRA
MSP - DFS,2020-0C6-001753,20200227,WORCESTER,MV,M,54,M,H,BRA
MSP - DFS,2020-0A5-001428,20200228,REVERE,35A,,21,M,B,HT
MSP - DFS,2020-0A5-001428,20200228,REVERE,90D,M,21,M,B,HT
MSP - DFS,2020-0A5-001428,20200228,REVERE,90G,M,21,M,B,HT
MSP - DFS,2020-0A5-001428,20200228,REVERE,90G,M,21,M,B,HT
MSP - DFS,2020-0A5-001428,20200228,REVERE,MV,M,21,M,B,HT
MSP - DFS,2020-0D3-002218,20200228,FREETOWN,35A,F,22,M,H,BRA
MSP - DFS,2020-0D3-002218,20200228,FREETOWN,90Z,W,22,M,H,BRA
MSP - DFS,2020-0D3-002218,20200228,FREETOWN,MV,M,22,M,H,BRA
MSP - DFS,2020-0D3-002218,20200228,FREETOWN,MV,M,22,M,H,BRA
MSP - DFS,2020-0D3-002218,20200228,FREETOWN,MV,,22,M,H,BRA
MSP - DFS,2020-0C4-000754,20200228,FITCHBURG,35A,F,23,M,H,PR
MSP - DFS,2020-0C4-000754,20200228,FITCHBURG,35A,F,23,M,H,PR
MSP - DFS,2020-0C4-000754,20200228,FITCHBURG,35A,F,23,M,H,PR
MSP - DFS,2020-0C4-000754,20200228,FITCHBURG,35A,F,23,M,H,PR
MSP - DFS,2020-0C4-000754,20200228,FITCHBURG,MV,M,23,M,H,PR
MSP - DFS,2020-0C4-000754,20200228,FITCHBURG,MV,,23,M,H,PR
MSP - DFS,2020-0A6-001664,20200228,LYNNFIELD,90Z,W,24,M,W,BRA
MSP - DFS,2020-0C9-000718,20200228,AYER,90Z,W,32,F,W,IRE
MSP - DFS,2020-0D3-002215,20200228,FALL RIVER,MV,M,36,M,H,PR
MSP - DFS,2020-0D3-002215,20200228,FALL RIVER,MV,M,36,M,H,PR
MSP - DFS,2020-0A6-001664,20200228,LYNNFIELD,90Z,W,36,F,W,BRA
MSP - DFS,2020-0C4-000758,20200228,FITCHBURG,90Z,W,37,F,W,IRE
MSP - DFS,2020-0C4-000758,20200228,FITCHBURG,90Z,W,37,F,W,IRE
MSP - DFS,2020-0C4-000758,20200228,FITCHBURG,MV,M,37,F,W,IRE
MSP - DFS,2020-0C4-000758,20200228,FITCHBURG,MV,M,37,F,W,IRE
MSP - DFS,2020-0C4-000758,20200228,FITCHBURG,MV,M,37,F,W,IRE
MSP - DFS,2020-0C4-000758,20200228,FITCHBURG,MV,M,37,F,W,IRE
MSP - DFS,2020-0C4-000758,20200228,FITCHBURG,MV,M,37,F,W,IRE
MSP - DFS,2020-0H6-001490,20200228,BOSTON,90D,M,39,M,H,HB
MSP - DFS,2020-0H6-001490,20200228,BOSTON,MV,O,39,M,H,HB
MSP - DFS,2020-0CX-002066,20200228,MILLBURY,90Z,W,40,F,H,PR
MSP - DFS,2020-0C5-000937,20200228,STURBRIDGE,90Z,W,43,M,B,JM
MSP - DFS,2020-0D1-000922,20200228,NORWELL,90D,M,48,F,W,U
MSP - DFS,2020-0D1-000922,20200228,NORWELL,MV,M,48,F,W,U
MSP - DFS,2020-0D1-000922,20200228,NORWELL,MV,M,48,F,W,U
MSP - DFS,2020-0D1-000922,20200228,NORWELL,MV,M,48,F,W,U
MSP - DFS,2020-0D3-002186,20200228,FREETOWN,90Z,W,60,M,W,IRE
MSP - DFS,2020-0A1-002006,20200228,LAWRENCE,90D,M,65,M,H,DR
MSP - DFS,2020-0A1-002006,20200228,LAWRENCE,MV,M,65,M,H,DR
MSP - DFS,2020-0A1-002006,20200228,LAWRENCE,MV,M,65,M,H,DR
MSP - DFS,2020-0A1-002006,20200228,LAWRENCE,MV,M,65,M,H,DR
MSP - DFS,2020-GES-000014,20200228,SPRINGFIELD,90J,M,66,M,H,PR
MSP - DFS,2020-0A5-001447,20200229,REVERE,90Z,W,21,M,H,CB
MSP - DFS,2020-0H4-001944,20200229,BOSTON,90Z,W,25,M,H,DR
MSP - DFS,2020-0H4-001944,20200229,BOSTON,MV,M,25,M,H,DR
MSP - DFS,2020-0H4-001944,20200229,BOSTON,MV,M,25,M,H,DR
MSP - DFS,2020-0H6-001536,20200229,BOSTON,90D,M,26,M,H,CB
MSP - DFS,2020-0H6-001536,20200229,BOSTON,MV,M,26,M,H,CB
MSP - DFS,2020-0H6-001536,20200229,BOSTON,MV,M,26,M,H,CB
MSP - DFS,2020-0H6-001536,20200229,BOSTON,MV,M,26,M,H,CB
MSP - DFS,2020-0D3-002234,20200229,DARTMOUTH,90D,M,26,M,W,U
MSP - DFS,2020-0D3-002234,20200229,DARTMOUTH,MV,M,26,M,W,U
MSP - DFS,2020-0D3-002234,20200229,DARTMOUTH,MV,M,26,M,W,U
MSP - DFS,2020-0D3-002234,20200229,DARTMOUTH,MV,M,26,M,W,U
MSP - DFS,2020-0D4-001668,20200229,RAYNHAM,90Z,W,34,M,W,G
MSP - DFS,2020-0C6-001780,20200229,WEST BOYLSTON,35A,F,36,U,H,PR
MSP - DFS,2020-0C6-001780,20200229,WEST BOYLSTON,MV,M,36,U,H,PR
MSP - DFS,2020-0C6-001780,20200229,WEST BOYLSTON,MV,M,36,U,H,PR
MSP - DFS,2020-0C5-000968,20200229,STURBRIDGE,MV,M,45,M,O,VM
MSP - DFS,2020-0C5-000968,20200229,STURBRIDGE,MV,M,45,M,O,VM
MSP - DFS,2020-0C5-000968,20200229,STURBRIDGE,MV,M,45,M,O,VM
MSP - DFS,2020-0B6-002078,20200229,HOLYOKE,MV,M,49,F,H,PR
MSP - DFS,2020-0B6-002078,20200229,HOLYOKE,MV,M,49,F,H,PR
MSP - DFS,2020-0B6-002078,20200229,HOLYOKE,MV,M,49,F,H,PR
MSP - DFS,2020-0B6-002078,20200229,HOLYOKE,MV,M,49,F,H,PR
MSP - DFS,2020-0A1-002026,20200229,LAWRENCE,13A or 13B,M,50,M,H,DR
MSP - DFS,2020-0A1-002026,20200229,LAWRENCE,13A-13C,M,50,M,H,DR
MSP - DFS,2020-0A1-002026,20200229,LAWRENCE,35A,F,50,M,H,DR
MSP - DFS,2020-0A1-002026,20200229,LAWRENCE,35A,F,50,M,H,DR
MSP - DFS,2020-0C2-001449,20200301,UXBRIDGE,90D,M,20,M,H,PR
MSP - DFS,2020-0C2-001449,20200301,UXBRIDGE,MV,M,20,M,H,PR
MSP - DFS,2020-0B8-000997,20200301,LUDLOW,90D,M,24,M,H,PR
MSP - DFS,2020-0CX-002103,20200301,MILLBURY,90Z,W,24,M,H,DR
MSP - DFS,2020-0B8-000997,20200301,LUDLOW,MV,M,24,M,H,PR
MSP - DFS,2020-0B8-000997,20200301,LUDLOW,MV,M,24,M,H,PR
MSP - DFS,2020-0A1-002069,20200301,WILMINGTON,90Z,W,26,F,H,PR
MSP - DFS,2020-0A1-002069,20200301,WILMINGTON,MV,M,26,F,H,PR
MSP - DFS,2020-0A5-001461,20200301,LYNN,MV,M,53,M,H,PR
MSP - DFS,2020-0A5-001461,20200301,LYNN,MV,M,53,M,H,PR
MSP - DFS,2020-0A5-001461,20200301,LYNN,MV,M,53,M,H,PR
MSP - DFS,2020-0A5-001461,20200301,LYNN,MV,M,53,M,H,PR
MSP - DFS,2020-0A5-001461,20200301,LYNN,MV,M,53,M,H,PR
MSP - DFS,2020-0A1-002095,20200302,ANDOVER,90D,M,27,M,H,DR
MSP - DFS,2020-0A1-002095,20200302,ANDOVER,MV,M,27,M,H,DR
MSP - DFS,2020-0A1-002109,20200302,LAWRENCE,520,F,28,M,H,DR
MSP - DFS,2020-0A1-002109,20200302,LAWRENCE,520,F,28,M,H,DR
MSP - DFS,2020-0A1-002109,20200302,LAWRENCE,520,F,28,M,H,DR
MSP - DFS,2020-0A1-002109,20200302,LAWRENCE,520,F,28,M,H,DR
MSP - DFS,2020-0A1-002109,20200302,LAWRENCE,520,F,28,M,H,DR
MSP - DFS,2020-0B8-001020,20200302,LUDLOW,MV,M,28,M,H,PR
MSP - DFS,2020-0B8-001020,20200302,LUDLOW,MV,M,28,M,H,PR
MSP - DFS,2020-0B8-001020,20200302,LUDLOW,MV,M,28,M,H,PR
MSP - DFS,2020-0B8-001020,20200302,LUDLOW,MV,M,28,M,H,PR
MSP - DFS,2020-0A1-002094,20200302,LAWRENCE,90Z,W,30,M,H,PR
MSP - DFS,2020-0A1-002094,20200302,LAWRENCE,90Z,W,30,M,H,PR
MSP - DFS,2020-0A1-002094,20200302,LAWRENCE,90Z,W,30,M,H,PR
MSP - DFS,2020-0A1-002094,20200302,LAWRENCE,90Z,W,30,M,H,PR
MSP - DFS,2020-0A1-002094,20200302,LAWRENCE,MV,M,30,M,H,PR
MSP - DFS,2020-0H6-001577,20200302,QUINCY,MV,M,33,M,H,PR
MSP - DFS,2020-0A1-002124,20200302,ANDOVER,MV,M,35,M,H,DR
MSP - DFS,2020-0H7-001644,20200302,MILTON,90Z,W,40,M,B,JM
MSP - DFS,2020-0C4-000786,20200302,FITCHBURG,35A,F,45,M,H,PR
MSP - DFS,2020-0C4-000786,20200302,FITCHBURG,90Z,W,45,M,H,PR
MSP - DFS,2020-0C4-000786,20200302,FITCHBURG,MV,M,45,M,H,PR
MSP - DFS,2020-0C4-000786,20200302,FITCHBURG,MV,M,45,M,H,PR
MSP - DFS,2020-0B3-001700,20200302,HOLYOKE,90D,M,60,M,H,PR
MSP - DFS,2020-0B3-001700,20200302,HOLYOKE,MV,M,60,M,H,PR
MSP - DFS,2020-0B3-001700,20200302,HOLYOKE,MV,M,60,M,H,PR
MSP - DFS,2020-0C6-001873,20200303,WORCESTER,90Z,W,21,M,H,PR
MSP - DFS,2020-0C6-001873,20200303,WORCESTER,90Z,W,21,M,H,PR
MSP - DFS,2020-0B8-001045,20200303,RUSSELL,MV,M,21,M,H,PR
MSP - DFS,2020-0B8-001045,20200303,RUSSELL,MV,M,21,M,H,PR
MSP - DFS,2020-0H9-002161,20200303,BOSTON,90Z,W,22,M,H,DR
MSP - DFS,2020-0H2-001851,20200303,WESTWOOD,90Z,W,24,M,W,MM
MSP - DFS,2020-0H2-001851,20200303,WESTWOOD,90Z,W,24,M,W,MM
MSP - DFS,2020-0H2-001851,20200303,WESTWOOD,90Z,W,24,M,W,MM
MSP - DFS,2020-0H4-002039,20200303,NEWTON,35A,F,26,M,H,PR
MSP - DFS,2020-0H4-002039,20200303,NEWTON,35A,F,26,M,H,PR
MSP - DFS,2020-0H2-001851,20200303,WESTWOOD,MV,M,28,M,H,PR
MSP - DFS,2020-0H2-001851,20200303,WESTWOOD,MV,M,28,M,H,PR
MSP - DFS,2020-0H1-000630,20200303,BOSTON,13A or 13B,M,29,M,J,EY
MSP - DFS,2020-0H1-000630,20200303,BOSTON,90J,M,29,M,J,EY
MSP - DFS,2020-0H8-001346,20200303,WESTON,90Z,W,39,M,H,PR
MSP - DFS,2020-0H4-002015,20200303,CAMBRIDGE,MV,M,40,M,B,BRA
MSP - DFS,2020-0H4-002015,20200303,CAMBRIDGE,MV,M,40,M,B,BRA
MSP - DFS,2020-0A6-001786,20200303,PEABODY,26A,M,41,M,H,HB
MSP - DFS,2020-0A6-001786,20200303,PEABODY,90D,M,41,M,H,HB
MSP - DFS,2020-0A6-001786,20200303,PEABODY,90G,M,41,M,H,HB
MSP - DFS,2020-0A6-001786,20200303,PEABODY,90Z,W,41,M,H,HB
MSP - DFS,2020-0A6-001786,20200303,PEABODY,90Z,W,41,M,H,HB
MSP - DFS,2020-0A6-001786,20200303,PEABODY,90Z,W,41,M,H,HB
MSP - DFS,2020-0A6-001786,20200303,PEABODY,90Z,W,41,M,H,HB
MSP - DFS,2020-0A6-001786,20200303,PEABODY,MV,M,41,M,H,HB
MSP - DFS,2020-0A6-001786,20200303,PEABODY,MV,M,41,M,H,HB
MSP - DFS,2020-0A6-001786,20200303,PEABODY,MV,M,41,M,H,HB
MSP - DFS,2020-0A6-001786,20200303,PEABODY,MV,M,41,M,H,HB
MSP - DFS,2020-0B3-001733,20200303,SPRINGFIELD,90Z,W,43,M,H,PR
MSP - DFS,2020-0B3-001733,20200303,SPRINGFIELD,90Z,W,43,M,H,PR
MSP - DFS,2020-0B3-001733,20200303,SPRINGFIELD,90Z,W,43,M,H,PR
MSP - DFS,2020-0B3-001733,20200303,SPRINGFIELD,MV,M,43,M,H,PR
MSP - DFS,2020-0B3-001733,20200303,SPRINGFIELD,MV,M,43,M,H,PR
MSP - DFS,2020-0F1-013281,20200303,BOSTON,90Z,W,44,F,U,PR
MSP - DFS,2020-0B3-001717,20200303,CHICOPEE,90D,M,45,M,H,PR
MSP - DFS,2020-0B3-001717,20200303,CHICOPEE,MV,M,45,M,H,PR
MSP - DFS,2020-0B3-001717,20200303,CHICOPEE,MV,M,45,M,H,PR
MSP - DFS,2020-0D1-000977,20200303,PLYMOUTH,90Z,W,64,F,W,FR
MSP - DFS,2020-0D4-001776,20200304,BROCKTON,90,M,31,M,W,IRE
MSP - DFS,2020-0D4-001776,20200304,BROCKTON,13A-13C,M,31,M,W,IRE
MSP - DFS,2020-0D4-001776,20200304,BROCKTON,35A,F,31,M,W,IRE
MSP - DFS,2020-0D4-001776,20200304,BROCKTON,90Z,O,31,M,W,IRE
MSP - DFS,2020-0C1-000954,20200304,ATHOL,90Z,W,33,M,H,PR
MSP - DFS,2020-0CX-002208,20200304,GRAFTON,MV,M,34,M,H,DR
MSP - DFS,2020-0CX-002208,20200304,GRAFTON,MV,M,34,M,H,DR
MSP - DFS,2020-0F1-013443,20200304,BOSTON,90Z,M,35,M,H,HT
MSP - DFS,2020-0F1-013443,20200304,BOSTON,90Z,M,35,M,H,HT
MSP - DFS,2020-0H6-001623,20200304,BOSTON,90Z,W,50,F,U,BRA
MSP - DFS,2020-0H6-001624,20200304,BOSTON,90Z,W,64,M,W,BRA
MSP - DFS,2020-0A6-001857,20200305,DANVERS,90Z,W,23,F,H,PR
MSP - DFS,2020-0A6-001857,20200305,SAUGUS,90Z,W,23,F,H,PR
MSP - DFS,2020-0A6-001857,20200305,DANVERS,90Z,W,23,F,H,PR
MSP - DFS,2020-0A6-001857,20200305,DANVERS,90Z,W,23,F,H,PR
MSP - DFS,2020-0A6-001857,20200305,DANVERS,90Z,W,23,F,H,PR
MSP - DFS,2020-0A6-001857,20200305,SAUGUS,90Z,W,23,F,H,PR
MSP - DFS,2020-0A6-001857,20200305,SAUGUS,90Z,W,23,F,H,PR
MSP - DFS,2020-0A6-001857,20200305,SAUGUS,90Z,W,23,F,H,PR
MSP - DFS,2020-0A6-001857,20200305,DANVERS,90Z,W,23,F,H,PR
MSP - DFS,2020-0A6-001857,20200305,SAUGUS,90Z,W,23,F,H,PR
MSP - DFS,2020-0D2-001133,20200305,BARNSTABLE,520,F,28,M,B,U
MSP - DFS,2020-0D2-001133,20200305,BARNSTABLE,MV,M,28,M,B,U
MSP - DFS,2020-0D2-001133,20200305,BARNSTABLE,MV,M,28,M,B,U
MSP - DFS,2020-0D2-001133,20200305,BARNSTABLE,MV,M,28,M,B,U
MSP - DFS,2020-0H7-001695,20200305,MILTON,MV,M,29,M,B,HT
MSP - DFS,2020-0C3-001230,20200305,WORCESTER,90Z,W,31,F,W,U
MSP - DFS,2020-0C3-001230,20200305,WORCESTER,MV,M,31,F,W,U
MSP - DFS,2020-0B3-001786,20200305,SPRINGFIELD,MV,M,37,M,H,PR
MSP - DFS,2020-0B3-001786,20200305,SPRINGFIELD,MV,M,37,M,H,PR
MSP - DFS,2020-0B3-001786,20200305,SPRINGFIELD,MV,M,37,M,H,PR
MSP - DFS,2020-0B3-001786,20200305,SPRINGFIELD,MV,M,37,M,H,PR
MSP - DFS,2020-0H9-002266,20200305,BOSTON,90D,M,39,F,H,BRA
MSP - DFS,2020-0H9-002266,20200305,BOSTON,90D,M,39,F,H,BRA
MSP - DFS,2020-0D3-002455,20200305,FALL RIVER,90Z,W,39,M,H,PR
MSP - DFS,2020-0D3-002455,20200305,FALL RIVER,90Z,W,39,M,H,PR
MSP - DFS,2020-0H9-002266,20200305,BOSTON,MV,M,39,F,H,BRA
MSP - DFS,2020-0H9-002266,20200305,BOSTON,MV,M,39,F,H,BRA
MSP - DFS,2020-0D3-002442,20200305,FALL RIVER,90Z,M,39,M,W,U
MSP - DFS,2020-0D6-000106,20200305,NANTUCKET,MV,M,40,M,H,BRA
MSP - DFS,2020-0D6-000106,20200305,NANTUCKET,MV,M,40,M,H,BRA
MSP - DFS,2020-0A5-001578,20200305,REVERE,90D,M,45,M,W,ITAL
MSP - DFS,2020-0A5-001578,20200305,REVERE,MV,M,45,M,W,ITAL
MSP - DFS,2020-0A5-001578,20200305,REVERE,MV,O,45,M,W,ITAL
MSP - DFS,2020-0F1-013797,20200306,BOSTON,13B-13C,F,19,M,H,DR
MSP - DFS,2020-0B3-001802,20200306,HOLYOKE,90Z,W,55,M,H,PR
MSP - DFS,2020-0C2-001598,20200307,HOPKINTON,90Z,W,20,M,H,BRA
MSP - DFS,2020-0C2-001598,20200307,HOPKINTON,MV,M,20,M,H,BRA
MSP - DFS,2020-0C2-001598,20200307,HOPKINTON,MV,M,20,M,H,BRA
MSP - DFS,2020-0A1-002277,20200307,CHELMSFORD,90Z,W,25,M,H,PR
MSP - DFS,2020-0A1-002282,20200307,LAWRENCE,90Z,W,25,M,H,DR
MSP - DFS,2020-0H2-001996,20200307,DEDHAM,90Z,W,28,M,H,U
MSP - DFS,2020-0H2-001996,20200307,DEDHAM,MV,M,28,M,H,U
MSP - DFS,2020-0H2-001996,20200307,DEDHAM,MV,M,28,M,H,U
MSP - DFS,2020-0H2-001996,20200307,DEDHAM,MV,O,28,M,H,U
MSP - DFS,2020-0H2-001996,20200307,DEDHAM,90Z,W,29,F,H,U
MSP - DFS,2020-0H4-002141,20200307,BOSTON,90D,M,29,U,W,BRA
MSP - DFS,2020-0H9-002325,20200307,BOSTON,MV,M,29,M,W,DR
MSP - DFS,2020-0H4-002141,20200307,BOSTON,MV,M,29,U,W,BRA
MSP - DFS,2020-0H9-002325,20200307,BOSTON,MV,M,29,M,W,DR
MSP - DFS,2020-0H9-002325,20200307,BOSTON,MV,M,29,M,W,DR
MSP - DFS,2020-0H9-002325,20200307,BOSTON,MV,M,29,M,W,DR
MSP - DFS,2020-0H4-002141,20200307,BOSTON,MV,M,29,U,W,BRA
MSP - DFS,2020-0H4-002141,20200307,BOSTON,MV,M,29,U,W,BRA
MSP - DFS,2020-0H9-002301,20200307,BOSTON,90D,M,31,F,H,PR
MSP - DFS,2020-0H9-002301,20200307,BOSTON,MV,M,31,F,H,PR
MSP - DFS,2020-0H9-002301,20200307,BOSTON,MV,M,31,F,H,PR
MSP - DFS,2020-0C6-002007,20200307,SHREWSBURY,90D,M,34,M,H,BRA
MSP - DFS,2020-0H9-002323,20200307,BOSTON,90Z,W,34,M,H,DR
MSP - DFS,2020-0H9-002323,20200307,BOSTON,90Z,M,34,M,H,DR
MSP - DFS,2020-0C6-002007,20200307,SHREWSBURY,MV,M,34,M,H,BRA
MSP - DFS,2020-0C6-002007,20200307,SHREWSBURY,MV,M,34,M,H,BRA
MSP - DFS,2020-0A4-002066,20200307,STONEHAM,MV,M,38,M,W,BRA
MSP - DFS,2020-0A4-002066,20200307,STONEHAM,MV,M,38,M,W,BRA
MSP - DFS,2020-0H9-002325,20200307,BOSTON,520,F,47,M,H,DR
MSP - DFS,2020-0H9-002325,20200307,BOSTON,90Z,W,47,M,H,DR
MSP - DFS,2020-0H9-002325,20200307,BOSTON,90Z,W,47,M,H,DR
MSP - DFS,2020-0H3-001432,20200307,ATTLEBORO,13A,F,58,M,W,IRE
MSP - DFS,2020-0B6-002435,20200308,HOLYOKE,MV,M,21,M,H,PR
MSP - DFS,2020-0B6-002435,20200308,HOLYOKE,MV,M,21,M,H,PR
MSP - DFS,2020-0H9-002341,20200308,BOSTON,90D,M,32,M,B,NG
MSP - DFS,2020-0H9-002341,20200308,BOSTON,MV,M,32,M,B,NG
MSP - DFS,2020-0D3-002592,20200308,NEW BEDFORD,90Z,W,44,M,H,U
MSP - DFS,2020-0A6-001961,20200308,BURLINGTON,90D,M,46,M,W,IRE
MSP - DFS,2020-0A6-001961,20200308,BURLINGTON,MV,M,46,M,W,IRE
MSP - DFS,2020-0A6-001961,20200308,BURLINGTON,MV,O,46,M,W,IRE
MSP - DFS,2020-0H7-001799,20200308,RANDOLPH,"26A,270,23D,23H",F,51,M,H,BRA
MSP - DFS,2020-0D7-002094,20200308,WAREHAM,35A,F,53,M,U,U
MSP - DFS,2020-0D7-002094,20200308,WAREHAM,90Z,W,53,M,U,U
MSP - DFS,2020-0D7-002094,20200308,WAREHAM,MV,M,53,M,U,U
MSP - DFS,2020-0A4-002123,20200309,EVERETT,90Z,W,18,U,H,DR
MSP - DFS,2020-0A4-002123,20200309,EVERETT,MV,M,18,U,H,DR
MSP - DFS,2020-0A4-002123,20200309,EVERETT,MV,M,18,U,H,DR
MSP - DFS,2020-0H4-002183,20200309,BOSTON,90D,M,31,M,H,HB
MSP - DFS,2020-0H4-002183,20200309,BOSTON,MV,M,31,M,H,HB
MSP - DFS,2020-0H4-002183,20200309,BOSTON,MV,M,31,M,H,HB
MSP - DFS,2020-0D4-001881,20200309,BROCKTON,90Z,W,35,M,W,U
MSP - DFS,2020-0C6-002031,20200309,WORCESTER,90D,M,43,M,W,EN
MSP - DFS,2020-0C6-002031,20200309,WORCESTER,MV,M,43,M,W,EN
MSP - DFS,2020-0C6-002031,20200309,WORCESTER,MV,,43,M,W,EN
MSP - DFS,2020-0B8-001156,20200309,LUDLOW,90Z,W,46,M,H,BRA
MSP - DFS,2020-0B8-001156,20200309,LUDLOW,MV,M,46,M,H,BRA
MSP - DFS,2020-0B8-001156,20200309,LUDLOW,MV,M,46,M,H,BRA
MSP - DFS,2020-0A1-002337,20200309,ANDOVER,MV,M,56,M,H,DR
MSP - DFS,2020-0A1-002337,20200309,ANDOVER,MV,M,56,M,H,DR
MSP - DFS,2020-0C5-001128,20200310,SOUTHBRIDGE,90G,M,25,M,H,DR
MSP - DFS,2020-0C5-001128,20200310,SOUTHBRIDGE,90Z,W,25,M,H,DR
MSP - DFS,2020-0C5-001128,20200310,SOUTHBRIDGE,MV,M,25,M,H,DR
MSP - DFS,2020-0C5-001128,20200310,SOUTHBRIDGE,MV,M,25,M,H,DR
MSP - DFS,2020-0D4-001908,20200310,MIDDLEBOROUGH,35A,F,29,F,W,IRE
MSP - DFS,2020-0D4-001908,20200310,MIDDLEBOROUGH,MV,M,29,F,W,IRE
MSP - DFS,2020-0D4-001908,20200310,MIDDLEBOROUGH,MV,M,29,F,W,IRE
MSP - DFS,2020-0D3-002670,20200310,NEW BEDFORD,13A or 13B,M,30,M,W,EN
MSP - DFS,2020-0D3-002670,20200310,NEW BEDFORD,13A-13C,M,30,M,W,EN
MSP - DFS,2020-0D3-002670,20200310,NEW BEDFORD,90J,F,30,M,W,EN
MSP - DFS,2020-0H6-001796,20200310,BOSTON,90Z,W,48,M,H,PR
MSP - DFS,2020-0H4-002264,20200311,BOSTON,90Z,W,27,M,B,DR
MSP - DFS,2020-0H4-002264,20200311,BOSTON,MV,M,27,M,B,DR
MSP - DFS,2020-0B3-001924,20200311,SPRINGFIELD,90Z,W,45,F,H,PR
MSP - DFS,2020-0D2-001239,20200312,YARMOUTH,90Z,W,27,M,H,PR
MSP - DFS,2020-0B8-001191,20200312,WEST SPRINGFIELD,90Z,W,38,M,H,BRA
MSP - DFS,2020-0B8-001191,20200312,WEST SPRINGFIELD,MV,M,38,M,H,BRA
MSP - DFS,2020-0B8-001191,20200312,WEST SPRINGFIELD,MV,M,38,M,H,BRA
MSP - DFS,2020-0A2-001501,20200312,HAVERHILL,90Z,W,44,M,H,BRA
MSP - DFS,2020-0A1-002443,20200313,METHUEN,520,F,29,M,W,DR
MSP - DFS,2020-0A1-002443,20200313,METHUEN,35A,F,29,M,W,DR
MSP - DFS,2020-0A1-002443,20200313,METHUEN,35A,F,29,M,W,DR
MSP - DFS,2020-0A1-002443,20200313,METHUEN,90Z,W,29,M,W,DR
MSP - DFS,2020-0B6-002594,20200313,HOLYOKE,90D,M,38,M,H,PR
MSP - DFS,2020-0B6-002594,20200313,HOLYOKE,90G,M,38,M,H,PR
MSP - DFS,2020-0B6-002594,20200313,HOLYOKE,MV,M,38,M,H,PR
MSP - DFS,2020-0B6-002594,20200313,HOLYOKE,MV,M,38,M,H,PR
MSP - DFS,2020-0B6-002594,20200313,HOLYOKE,MV,M,38,M,H,PR
MSP - DFS,2020-0A1-002443,20200313,METHUEN,520,F,41,M,H,DR
MSP - DFS,2020-0A1-002443,20200313,METHUEN,35A,F,41,M,H,DR
MSP - DFS,2020-0A1-002443,20200313,METHUEN,35A,F,41,M,H,DR
MSP - DFS,2020-0A1-002443,20200313,METHUEN,90Z,W,41,M,H,DR
MSP - DFS,2020-0C6-002157,20200313,WORCESTER,MV,M,55,F,W,IRE
MSP - DFS,2020-0C6-002157,20200313,WORCESTER,MV,M,55,F,W,IRE
MSP - DFS,2020-0A5-001772,20200314,LYNN,90D,M,39,M,H,CB
MSP - DFS,2020-0A5-001772,20200314,LYNN,MV,M,39,M,H,CB
MSP - DFS,2020-0A5-001772,20200314,LYNN,MV,M,39,M,H,CB
MSP - DFS,2020-0H4-002326,20200314,BOSTON,90D,M,42,M,W,BRA
MSP - DFS,2020-0H4-002326,20200314,BOSTON,MV,M,42,M,W,BRA
MSP - DFS,2020-0H4-002326,20200314,BOSTON,MV,M,42,M,W,BRA
MSP - DFS,2020-0F1-015529,20200314,BOSTON,90,M,53,M,H,PR
MSP - DFS,2020-0F1-015529,20200314,BOSTON,13A or 13B,M,53,M,H,PR
MSP - DFS,2020-0F1-015529,20200314,BOSTON,13A or 13B,M,53,M,H,PR
MSP - DFS,2020-0F1-015529,20200314,BOSTON,13A-13C,M,53,M,H,PR
MSP - DFS,2020-0D3-002842,20200315,FAIRHAVEN,35A,F,46,M,W,IRE
MSP - DFS,2020-0C6-002214,20200316,WORCESTER,90Z,W,35,M,H,PR
MSP - DFS,2020-0F1-016024,20200317,BOSTON,90,M,27,F,B,NG
MSP - DFS,2020-0F1-016024,20200317,BOSTON,13A-13C,M,27,F,B,NG
MSP - DFS,2020-0H7-002078,20200318,MILTON,13A,F,30,M,B,HT
MSP - DFS,2020-0H7-002078,20200318,MILTON,13A,F,30,M,B,HT
MSP - DFS,2020-0H7-002078,20200318,MILTON,13A,F,30,M,B,HT
MSP - DFS,2020-0H7-002078,20200318,MILTON,"13C,90Z",M,30,M,B,HT
MSP - DFS,2020-0H7-002078,20200318,MILTON,90D,M,30,M,B,HT
MSP - DFS,2020-0H7-002078,20200318,MILTON,90Z,M,30,M,B,HT
MSP - DFS,2020-0H7-002078,20200318,MILTON,MV,M,30,M,B,HT
MSP - DFS,2020-0H7-002078,20200318,MILTON,MV,M,30,M,B,HT
MSP - DFS,2020-0H7-002078,20200318,MILTON,MV,M,30,M,B,HT
MSP - DFS,2020-0C7-001411,20200320,BELCHERTOWN,13A,F,29,M,W,PR
MSP - DFS,2020-0F1-016919,20200321,BOSTON,90Z,M,37,M,H,DR
MSP - DFS,2020-0A6-002435,20200323,DANVERS,13A,F,27,M,H,DR
MSP - DFS,2020-0A6-002435,20200323,DANVERS,13A,F,27,M,H,DR
MSP - DFS,2020-0A6-002435,20200323,DANVERS,13A,F,27,M,H,DR
MSP - DFS,2020-0A6-002435,20200323,DANVERS,13A,F,27,M,H,DR
MSP - DFS,2020-0A6-002435,20200323,DANVERS,13A,F,27,M,H,DR
MSP - DFS,2020-0A6-002435,20200323,DANVERS,13A,F,27,M,H,DR
MSP - DFS,2020-0D3-003144,20200324,FALL RIVER,90Z,W,20,F,B,HT
MSP - DFS,2020-0D3-003144,20200324,FALL RIVER,MV,M,20,F,B,HT
MSP - DFS,2020-0D3-003144,20200324,FALL RIVER,MV,M,20,F,B,HT
MSP - DFS,2020-0D3-003144,20200324,FALL RIVER,MV,M,20,F,B,HT
MSP - DFS,2020-0F1-017373,20200324,BOSTON,90,M,35,F,H,CB
MSP - DFS,2020-0F1-017373,20200324,BOSTON,13A or 13B,M,35,F,H,CB
MSP - DFS,2020-0F1-017373,20200324,BOSTON,13A-13C,M,35,F,H,CB
MSP - DFS,2020-0F1-017373,20200324,BOSTON,26A,M,35,F,H,CB
MSP - DFS,2020-0F1-017373,20200324,BOSTON,90J,M,35,F,H,CB
MSP - DFS,2020-0CX-002879,20200325,AUBURN,90Z,W,26,M,W,IRE
MSP - DFS,2020-0H2-002578,20200325,WESTWOOD,90D,M,31,M,W,IRE
MSP - DFS,2020-0A1-002791,20200326,ANDOVER,290,M,30,F,H,PR
MSP - DFS,2020-0A1-002791,20200326,ANDOVER,13A,F,30,F,H,PR
MSP - DFS,2020-0H4-002636,20200328,BOSTON,13A-13C,M,24,M,W,ITAL
MSP - DFS,2020-0H4-002636,20200328,BOSTON,90D,M,24,M,W,ITAL
MSP - DFS,2020-0H4-002636,20200328,BOSTON,MV,M,24,M,W,ITAL
